/data/repo/code/data/fsc147.py:63: UserWarning: The given NumPy array is not writable, and PyTorch does not support non-writable tensors. This means writing to this tensor will result in undefined behavior. You may want to copy the array to protect its data or make it writable before converting it to a tensor. This type of warning will be suppressed for the rest of this program. (Triggered internally at /pytorch/torch/csrc/utils/tensor_numpy.cpp:213.)
  return {"imgs": torch.from_numpy(np.asarray(img)).permute(2, 0, 1).float() / 255.0,
RESULT {"node": "N0008_dino_xattn", "status": "running", "metrics": {"mae": 202.5985305335251, "rmse": 263.88607331169356, "best_mae": 193.31390243221776}, "timing": {"train_seconds": 112.0, "epochs_done": 3}, "diagnostics": {"oom": false}, "run_dir": "/data/runs/N0008_dino_xattn", "ts": "2026-08-23T10:55:02+0800"}
E003/30 loss=62.4401 MAE=202.599 RMSE=263.886 best=193.314 [112s]
/data/repo/code/data/fsc147.py:63: UserWarning: The given NumPy array is not writable, and PyTorch does not support non-writable tensors. This means writing to this tensor will result in undefined behavior. You may want to copy the array to protect its data or make it writable before converting it to a tensor. This type of warning will be suppressed for the rest of this program. (Triggered internally at /pytorch/torch/csrc/utils/tensor_numpy.cpp:213.)
  return {"imgs": torch.from_numpy(np.asarray(img)).permute(2, 0, 1).float() / 255.0,
/data/repo/code/data/fsc147.py:63: UserWarning: The given NumPy array is not writable, and PyTorch does not support non-writable tensors. This means writing to this tensor will result in undefined behavior. You may want to copy the array to protect its data or make it writable before converting it to a tensor. This type of warning will be suppressed for the rest of this program. (Triggered internally at /pytorch/torch/csrc/utils/tensor_numpy.cpp:213.)
  return {"imgs": torch.from_numpy(np.asarray(img)).permute(2, 0, 1).float() / 255.0,
/data/repo/code/data/fsc147.py:63: UserWarning: The given NumPy array is not writable, and PyTorch does not support non-writable tensors. This means writing to this tensor will result in undefined behavior. You may want to copy the array to protect its data or make it writable before converting it to a tensor. This type of warning will be suppressed for the rest of this program. (Triggered internally at /pytorch/torch/csrc/utils/tensor_numpy.cpp:213.)
  return {"imgs": torch.from_numpy(np.asarray(img)).permute(2, 0, 1).float() / 255.0,
/data/repo/code/data/fsc147.py:63: UserWarning: The given NumPy array is not writable, and PyTorch does not support non-writable tensors. This means writing to this tensor will result in undefined behavior. You may want to copy the array to protect its data or make it writable before converting it to a tensor. This type of warning will be suppressed for the rest of this program. (Triggered internally at /pytorch/torch/csrc/utils/tensor_numpy.cpp:213.)
  return {"imgs": torch.from_numpy(np.asarray(img)).permute(2, 0, 1).float() / 255.0,
/data/repo/code/data/fsc147.py:63: UserWarning: The given NumPy array is not writable, and PyTorch does not support non-writable tensors. This means writing to this tensor will result in undefined behavior. You may want to copy the array to protect its data or make it writable before converting it to a tensor. This type of warning will be suppressed for the rest of this program. (Triggered internally at /pytorch/torch/csrc/utils/tensor_numpy.cpp:213.)
  return {"imgs": torch.from_numpy(np.asarray(img)).permute(2, 0, 1).float() / 255.0,
/data/repo/code/data/fsc147.py:63: UserWarning: The given NumPy array is not writable, and PyTorch does not support non-writable tensors. This means writing to this tensor will result in undefined behavior. You may want to copy the array to protect its data or make it writable before converting it to a tensor. This type of warning will be suppressed for the rest of this program. (Triggered internally at /pytorch/torch/csrc/utils/tensor_numpy.cpp:213.)
  return {"imgs": torch.from_numpy(np.asarray(img)).permute(2, 0, 1).float() / 255.0,
/data/repo/code/data/fsc147.py:63: UserWarning: The given NumPy array is not writable, and PyTorch does not support non-writable tensors. This means writing to this tensor will result in undefined behavior. You may want to copy the array to protect its data or make it writable before converting it to a tensor. This type of warning will be suppressed for the rest of this program. (Triggered internally at /pytorch/torch/csrc/utils/tensor_numpy.cpp:213.)
  return {"imgs": torch.from_numpy(np.asarray(img)).permute(2, 0, 1).float() / 255.0,
/data/repo/code/data/fsc147.py:63: UserWarning: The given NumPy array is not writable, and PyTorch does not support non-writable tensors. This means writing to this tensor will result in undefined behavior. You may want to copy the array to protect its data or make it writable before converting it to a tensor. This type of warning will be suppressed for the rest of this program. (Triggered internally at /pytorch/torch/csrc/utils/tensor_numpy.cpp:213.)
  return {"imgs": torch.from_numpy(np.asarray(img)).permute(2, 0, 1).float() / 255.0,
RESULT {"node": "N0008_dino_xattn", "status": "running", "metrics": {"mae": 176.58489396968858, "rmse": 242.90463216947634, "best_mae": 176.58489396968858}, "timing": {"train_seconds": 147.6, "epochs_done": 4}, "diagnostics": {"oom": false}, "run_dir": "/data/runs/N0008_dino_xattn", "ts": "2026-08-23T10:55:37+0800"}
E004/30 loss=66.6046 MAE=176.585 RMSE=242.905 best=176.585 [148s] ***BEST
/data/repo/code/data/fsc147.py:63: UserWarning: The given NumPy array is not writable, and PyTorch does not support non-writable tensors. This means writing to this tensor will result in undefined behavior. You may want to copy the array to protect its data or make it writable before converting it to a tensor. This type of warning will be suppressed for the rest of this program. (Triggered internally at /pytorch/torch/csrc/utils/tensor_numpy.cpp:213.)
  return {"imgs": torch.from_numpy(np.asarray(img)).permute(2, 0, 1).float() / 255.0,
/data/repo/code/data/fsc147.py:63: UserWarning: The given NumPy array is not writable, and PyTorch does not support non-writable tensors. This means writing to this tensor will result in undefined behavior. You may want to copy the array to protect its data or make it writable before converting it to a tensor. This type of warning will be suppressed for the rest of this program. (Triggered internally at /pytorch/torch/csrc/utils/tensor_numpy.cpp:213.)
  return {"imgs": torch.from_numpy(np.asarray(img)).permute(2, 0, 1).float() / 255.0,
/data/repo/code/data/fsc147.py:63: UserWarning: The given NumPy array is not writable, and PyTorch does not support non-writable tensors. This means writing to this tensor will result in undefined behavior. You may want to copy the array to protect its data or make it writable before converting it to a tensor. This type of warning will be suppressed for the rest of this program. (Triggered internally at /pytorch/torch/csrc/utils/tensor_numpy.cpp:213.)
  return {"imgs": torch.from_numpy(np.asarray(img)).permute(2, 0, 1).float() / 255.0,
/data/repo/code/data/fsc147.py:63: UserWarning: The given NumPy array is not writable, and PyTorch does not support non-writable tensors. This means writing to this tensor will result in undefined behavior. You may want to copy the array to protect its data or make it writable before converting it to a tensor. This type of warning will be suppressed for the rest of this program. (Triggered internally at /pytorch/torch/csrc/utils/tensor_numpy.cpp:213.)
  return {"imgs": torch.from_numpy(np.asarray(img)).permute(2, 0, 1).float() / 255.0,
/data/repo/code/data/fsc147.py:63: UserWarning: The given NumPy array is not writable, and PyTorch does not support non-writable tensors. This means writing to this tensor will result in undefined behavior. You may want to copy the array to protect its data or make it writable before converting it to a tensor. This type of warning will be suppressed for the rest of this program. (Triggered internally at /pytorch/torch/csrc/utils/tensor_numpy.cpp:213.)
  return {"imgs": torch.from_numpy(np.asarray(img)).permute(2, 0, 1).float() / 255.0,
/data/repo/code/data/fsc147.py:63: UserWarning: The given NumPy array is not writable, and PyTorch does not support non-writable tensors. This means writing to this tensor will result in undefined behavior. You may want to copy the array to protect its data or make it writable before converting it to a tensor. This type of warning will be suppressed for the rest of this program. (Triggered internally at /pytorch/torch/csrc/utils/tensor_numpy.cpp:213.)
  return {"imgs": torch.from_numpy(np.asarray(img)).permute(2, 0, 1).float() / 255.0,
/data/repo/code/data/fsc147.py:63: UserWarning: The given NumPy array is not writable, and PyTorch does not support non-writable tensors. This means writing to this tensor will result in undefined behavior. You may want to copy the array to protect its data or make it writable before converting it to a tensor. This type of warning will be suppressed for the rest of this program. (Triggered internally at /pytorch/torch/csrc/utils/tensor_numpy.cpp:213.)
  return {"imgs": torch.from_numpy(np.asarray(img)).permute(2, 0, 1).float() / 255.0,
/data/repo/code/data/fsc147.py:63: UserWarning: The given NumPy array is not writable, and PyTorch does not support non-writable tensors. This means writing to this tensor will result in undefined behavior. You may want to copy the array to protect its data or make it writable before converting it to a tensor. This type of warning will be suppressed for the rest of this program. (Triggered internally at /pytorch/torch/csrc/utils/tensor_numpy.cpp:213.)
  return {"imgs": torch.from_numpy(np.asarray(img)).permute(2, 0, 1).float() / 255.0,
RESULT {"node": "N0008_dino_xattn", "status": "running", "metrics": {"mae": 207.28500731662496, "rmse": 276.69805423395115, "best_mae": 176.58489396968858}, "timing": {"train_seconds": 182.9, "epochs_done": 5}, "diagnostics": {"oom": false}, "run_dir": "/data/runs/N0008_dino_xattn", "ts": "2026-08-23T10:56:13+0800"}
E005/30 loss=68.7975 MAE=207.285 RMSE=276.698 best=176.585 [183s]
/data/repo/code/data/fsc147.py:63: UserWarning: The given NumPy array is not writable, and PyTorch does not support non-writable tensors. This means writing to this tensor will result in undefined behavior. You may want to copy the array to protect its data or make it writable before converting it to a tensor. This type of warning will be suppressed for the rest of this program. (Triggered internally at /pytorch/torch/csrc/utils/tensor_numpy.cpp:213.)
  return {"imgs": torch.from_numpy(np.asarray(img)).permute(2, 0, 1).float() / 255.0,
/data/repo/code/data/fsc147.py:63: UserWarning: The given NumPy array is not writable, and PyTorch does not support non-writable tensors. This means writing to this tensor will result in undefined behavior. You may want to copy the array to protect its data or make it writable before converting it to a tensor. This type of warning will be suppressed for the rest of this program. (Triggered internally at /pytorch/torch/csrc/utils/tensor_numpy.cpp:213.)
  return {"imgs": torch.from_numpy(np.asarray(img)).permute(2, 0, 1).float() / 255.0,
/data/repo/code/data/fsc147.py:63: UserWarning: The given NumPy array is not writable, and PyTorch does not support non-writable tensors. This means writing to this tensor will result in undefined behavior. You may want to copy the array to protect its data or make it writable before converting it to a tensor. This type of warning will be suppressed for the rest of this program. (Triggered internally at /pytorch/torch/csrc/utils/tensor_numpy.cpp:213.)
  return {"imgs": torch.from_numpy(np.asarray(img)).permute(2, 0, 1).float() / 255.0,
/data/repo/code/data/fsc147.py:63: UserWarning: The given NumPy array is not writable, and PyTorch does not support non-writable tensors. This means writing to this tensor will result in undefined behavior. You may want to copy the array to protect its data or make it writable before converting it to a tensor. This type of warning will be suppressed for the rest of this program. (Triggered internally at /pytorch/torch/csrc/utils/tensor_numpy.cpp:213.)
  return {"imgs": torch.from_numpy(np.asarray(img)).permute(2, 0, 1).float() / 255.0,
/data/repo/code/data/fsc147.py:63: UserWarning: The given NumPy array is not writable, and PyTorch does not support non-writable tensors. This means writing to this tensor will result in undefined behavior. You may want to copy the array to protect its data or make it writable before converting it to a tensor. This type of warning will be suppressed for the rest of this program. (Triggered internally at /pytorch/torch/csrc/utils/tensor_numpy.cpp:213.)
  return {"imgs": torch.from_numpy(np.asarray(img)).permute(2, 0, 1).float() / 255.0,
/data/repo/code/data/fsc147.py:63: UserWarning: The given NumPy array is not writable, and PyTorch does not support non-writable tensors. This means writing to this tensor will result in undefined behavior. You may want to copy the array to protect its data or make it writable before converting it to a tensor. This type of warning will be suppressed for the rest of this program. (Triggered internally at /pytorch/torch/csrc/utils/tensor_numpy.cpp:213.)
  return {"imgs": torch.from_numpy(np.asarray(img)).permute(2, 0, 1).float() / 255.0,
/data/repo/code/data/fsc147.py:63: UserWarning: The given NumPy array is not writable, and PyTorch does not support non-writable tensors. This means writing to this tensor will result in undefined behavior. You may want to copy the array to protect its data or make it writable before converting it to a tensor. This type of warning will be suppressed for the rest of this program. (Triggered internally at /pytorch/torch/csrc/utils/tensor_numpy.cpp:213.)
  return {"imgs": torch.from_numpy(np.asarray(img)).permute(2, 0, 1).float() / 255.0,
/data/repo/code/data/fsc147.py:63: UserWarning: The given NumPy array is not writable, and PyTorch does not support non-writable tensors. This means writing to this tensor will result in undefined behavior. You may want to copy the array to protect its data or make it writable before converting it to a tensor. This type of warning will be suppressed for the rest of this program. (Triggered internally at /pytorch/torch/csrc/utils/tensor_numpy.cpp:213.)
  return {"imgs": torch.from_numpy(np.asarray(img)).permute(2, 0, 1).float() / 255.0,
RESULT {"node": "N0008_dino_xattn", "status": "running", "metrics": {"mae": 218.6190367560735, "rmse": 292.5206575752509, "best_mae": 176.58489396968858}, "timing": {"train_seconds": 218.2, "epochs_done": 6}, "diagnostics": {"oom": false}, "run_dir": "/data/runs/N0008_dino_xattn", "ts": "2026-08-23T10:56:48+0800"}
E006/30 loss=70.6353 MAE=218.619 RMSE=292.521 best=176.585 [218s]
/data/repo/code/data/fsc147.py:63: UserWarning: The given NumPy array is not writable, and PyTorch does not support non-writable tensors. This means writing to this tensor will result in undefined behavior. You may want to copy the array to protect its data or make it writable before converting it to a tensor. This type of warning will be suppressed for the rest of this program. (Triggered internally at /pytorch/torch/csrc/utils/tensor_numpy.cpp:213.)
  return {"imgs": torch.from_numpy(np.asarray(img)).permute(2, 0, 1).float() / 255.0,
/data/repo/code/data/fsc147.py:63: UserWarning: The given NumPy array is not writable, and PyTorch does not support non-writable tensors. This means writing to this tensor will result in undefined behavior. You may want to copy the array to protect its data or make it writable before converting it to a tensor. This type of warning will be suppressed for the rest of this program. (Triggered internally at /pytorch/torch/csrc/utils/tensor_numpy.cpp:213.)
  return {"imgs": torch.from_numpy(np.asarray(img)).permute(2, 0, 1).float() / 255.0,
/data/repo/code/data/fsc147.py:63: UserWarning: The given NumPy array is not writable, and PyTorch does not support non-writable tensors. This means writing to this tensor will result in undefined behavior. You may want to copy the array to protect its data or make it writable before converting it to a tensor. This type of warning will be suppressed for the rest of this program. (Triggered internally at /pytorch/torch/csrc/utils/tensor_numpy.cpp:213.)
  return {"imgs": torch.from_numpy(np.asarray(img)).permute(2, 0, 1).float() / 255.0,
/data/repo/code/data/fsc147.py:63: UserWarning: The given NumPy array is not writable, and PyTorch does not support non-writable tensors. This means writing to this tensor will result in undefined behavior. You may want to copy the array to protect its data or make it writable before converting it to a tensor. This type of warning will be suppressed for the rest of this program. (Triggered internally at /pytorch/torch/csrc/utils/tensor_numpy.cpp:213.)
  return {"imgs": torch.from_numpy(np.asarray(img)).permute(2, 0, 1).float() / 255.0,
/data/repo/code/data/fsc147.py:63: UserWarning: The given NumPy array is not writable, and PyTorch does not support non-writable tensors. This means writing to this tensor will result in undefined behavior. You may want to copy the array to protect its data or make it writable before converting it to a tensor. This type of warning will be suppressed for the rest of this program. (Triggered internally at /pytorch/torch/csrc/utils/tensor_numpy.cpp:213.)
  return {"imgs": torch.from_numpy(np.asarray(img)).permute(2, 0, 1).float() / 255.0,
/data/repo/code/data/fsc147.py:63: UserWarning: The given NumPy array is not writable, and PyTorch does not support non-writable tensors. This means writing to this tensor will result in undefined behavior. You may want to copy the array to protect its data or make it writable before converting it to a tensor. This type of warning will be suppressed for the rest of this program. (Triggered internally at /pytorch/torch/csrc/utils/tensor_numpy.cpp:213.)
  return {"imgs": torch.from_numpy(np.asarray(img)).permute(2, 0, 1).float() / 255.0,
/data/repo/code/data/fsc147.py:63: UserWarning: The given NumPy array is not writable, and PyTorch does not support non-writable tensors. This means writing to this tensor will result in undefined behavior. You may want to copy the array to protect its data or make it writable before converting it to a tensor. This type of warning will be suppressed for the rest of this program. (Triggered internally at /pytorch/torch/csrc/utils/tensor_numpy.cpp:213.)
  return {"imgs": torch.from_numpy(np.asarray(img)).permute(2, 0, 1).float() / 255.0,
/data/repo/code/data/fsc147.py:63: UserWarning: The given NumPy array is not writable, and PyTorch does not support non-writable tensors. This means writing to this tensor will result in undefined behavior. You may want to copy the array to protect its data or make it writable before converting it to a tensor. This type of warning will be suppressed for the rest of this program. (Triggered internally at /pytorch/torch/csrc/utils/tensor_numpy.cpp:213.)
  return {"imgs": torch.from_numpy(np.asarray(img)).permute(2, 0, 1).float() / 255.0,
RESULT {"node": "N0008_dino_xattn", "status": "running", "metrics": {"mae": 250.74752688964085, "rmse": 329.67224007050487, "best_mae": 176.58489396968858}, "timing": {"train_seconds": 253.6, "epochs_done": 7}, "diagnostics": {"oom": false}, "run_dir": "/data/runs/N0008_dino_xattn", "ts": "2026-08-23T10:57:23+0800"}
E007/30 loss=74.0107 MAE=250.748 RMSE=329.672 best=176.585 [254s]
/data/repo/code/data/fsc147.py:63: UserWarning: The given NumPy array is not writable, and PyTorch does not support non-writable tensors. This means writing to this tensor will result in undefined behavior. You may want to copy the array to protect its data or make it writable before converting it to a tensor. This type of warning will be suppressed for the rest of this program. (Triggered internally at /pytorch/torch/csrc/utils/tensor_numpy.cpp:213.)
  return {"imgs": torch.from_numpy(np.asarray(img)).permute(2, 0, 1).float() / 255.0,
/data/repo/code/data/fsc147.py:63: UserWarning: The given NumPy array is not writable, and PyTorch does not support non-writable tensors. This means writing to this tensor will result in undefined behavior. You may want to copy the array to protect its data or make it writable before converting it to a tensor. This type of warning will be suppressed for the rest of this program. (Triggered internally at /pytorch/torch/csrc/utils/tensor_numpy.cpp:213.)
  return {"imgs": torch.from_numpy(np.asarray(img)).permute(2, 0, 1).float() / 255.0,
/data/repo/code/data/fsc147.py:63: UserWarning: The given NumPy array is not writable, and PyTorch does not support non-writable tensors. This means writing to this tensor will result in undefined behavior. You may want to copy the array to protect its data or make it writable before converting it to a tensor. This type of warning will be suppressed for the rest of this program. (Triggered internally at /pytorch/torch/csrc/utils/tensor_numpy.cpp:213.)
  return {"imgs": torch.from_numpy(np.asarray(img)).permute(2, 0, 1).float() / 255.0,
/data/repo/code/data/fsc147.py:63: UserWarning: The given NumPy array is not writable, and PyTorch does not support non-writable tensors. This means writing to this tensor will result in undefined behavior. You may want to copy the array to protect its data or make it writable before converting it to a tensor. This type of warning will be suppressed for the rest of this program. (Triggered internally at /pytorch/torch/csrc/utils/tensor_numpy.cpp:213.)
  return {"imgs": torch.from_numpy(np.asarray(img)).permute(2, 0, 1).float() / 255.0,
/data/repo/code/data/fsc147.py:63: UserWarning: The given NumPy array is not writable, and PyTorch does not support non-writable tensors. This means writing to this tensor will result in undefined behavior. You may want to copy the array to protect its data or make it writable before converting it to a tensor. This type of warning will be suppressed for the rest of this program. (Triggered internally at /pytorch/torch/csrc/utils/tensor_numpy.cpp:213.)
  return {"imgs": torch.from_numpy(np.asarray(img)).permute(2, 0, 1).float() / 255.0,
/data/repo/code/data/fsc147.py:63: UserWarning: The given NumPy array is not writable, and PyTorch does not support non-writable tensors. This means writing to this tensor will result in undefined behavior. You may want to copy the array to protect its data or make it writable before converting it to a tensor. This type of warning will be suppressed for the rest of this program. (Triggered internally at /pytorch/torch/csrc/utils/tensor_numpy.cpp:213.)
  return {"imgs": torch.from_numpy(np.asarray(img)).permute(2, 0, 1).float() / 255.0,
/data/repo/code/data/fsc147.py:63: UserWarning: The given NumPy array is not writable, and PyTorch does not support non-writable tensors. This means writing to this tensor will result in undefined behavior. You may want to copy the array to protect its data or make it writable before converting it to a tensor. This type of warning will be suppressed for the rest of this program. (Triggered internally at /pytorch/torch/csrc/utils/tensor_numpy.cpp:213.)
  return {"imgs": torch.from_numpy(np.asarray(img)).permute(2, 0, 1).float() / 255.0,
/data/repo/code/data/fsc147.py:63: UserWarning: The given NumPy array is not writable, and PyTorch does not support non-writable tensors. This means writing to this tensor will result in undefined behavior. You may want to copy the array to protect its data or make it writable before converting it to a tensor. This type of warning will be suppressed for the rest of this program. (Triggered internally at /pytorch/torch/csrc/utils/tensor_numpy.cpp:213.)
  return {"imgs": torch.from_numpy(np.asarray(img)).permute(2, 0, 1).float() / 255.0,
RESULT {"node": "N0008_dino_xattn", "status": "running", "metrics": {"mae": 308.4266921736033, "rmse": 392.394349955801, "best_mae": 176.58489396968858}, "timing": {"train_seconds": 288.6, "epochs_done": 8}, "diagnostics": {"oom": false}, "run_dir": "/data/runs/N0008_dino_xattn", "ts": "2026-08-23T10:57:58+0800"}
E008/30 loss=85.2234 MAE=308.427 RMSE=392.394 best=176.585 [289s]
/data/repo/code/data/fsc147.py:63: UserWarning: The given NumPy array is not writable, and PyTorch does not support non-writable tensors. This means writing to this tensor will result in undefined behavior. You may want to copy the array to protect its data or make it writable before converting it to a tensor. This type of warning will be suppressed for the rest of this program. (Triggered internally at /pytorch/torch/csrc/utils/tensor_numpy.cpp:213.)
  return {"imgs": torch.from_numpy(np.asarray(img)).permute(2, 0, 1).float() / 255.0,
/data/repo/code/data/fsc147.py:63: UserWarning: The given NumPy array is not writable, and PyTorch does not support non-writable tensors. This means writing to this tensor will result in undefined behavior. You may want to copy the array to protect its data or make it writable before converting it to a tensor. This type of warning will be suppressed for the rest of this program. (Triggered internally at /pytorch/torch/csrc/utils/tensor_numpy.cpp:213.)
  return {"imgs": torch.from_numpy(np.asarray(img)).permute(2, 0, 1).float() / 255.0,
/data/repo/code/data/fsc147.py:63: UserWarning: The given NumPy array is not writable, and PyTorch does not support non-writable tensors. This means writing to this tensor will result in undefined behavior. You may want to copy the array to protect its data or make it writable before converting it to a tensor. This type of warning will be suppressed for the rest of this program. (Triggered internally at /pytorch/torch/csrc/utils/tensor_numpy.cpp:213.)
  return {"imgs": torch.from_numpy(np.asarray(img)).permute(2, 0, 1).float() / 255.0,
/data/repo/code/data/fsc147.py:63: UserWarning: The given NumPy array is not writable, and PyTorch does not support non-writable tensors. This means writing to this tensor will result in undefined behavior. You may want to copy the array to protect its data or make it writable before converting it to a tensor. This type of warning will be suppressed for the rest of this program. (Triggered internally at /pytorch/torch/csrc/utils/tensor_numpy.cpp:213.)
  return {"imgs": torch.from_numpy(np.asarray(img)).permute(2, 0, 1).float() / 255.0,
/data/repo/code/data/fsc147.py:63: UserWarning: The given NumPy array is not writable, and PyTorch does not support non-writable tensors. This means writing to this tensor will result in undefined behavior. You may want to copy the array to protect its data or make it writable before converting it to a tensor. This type of warning will be suppressed for the rest of this program. (Triggered internally at /pytorch/torch/csrc/utils/tensor_numpy.cpp:213.)
  return {"imgs": torch.from_numpy(np.asarray(img)).permute(2, 0, 1).float() / 255.0,
/data/repo/code/data/fsc147.py:63: UserWarning: The given NumPy array is not writable, and PyTorch does not support non-writable tensors. This means writing to this tensor will result in undefined behavior. You may want to copy the array to protect its data or make it writable before converting it to a tensor. This type of warning will be suppressed for the rest of this program. (Triggered internally at /pytorch/torch/csrc/utils/tensor_numpy.cpp:213.)
  return {"imgs": torch.from_numpy(np.asarray(img)).permute(2, 0, 1).float() / 255.0,
/data/repo/code/data/fsc147.py:63: UserWarning: The given NumPy array is not writable, and PyTorch does not support non-writable tensors. This means writing to this tensor will result in undefined behavior. You may want to copy the array to protect its data or make it writable before converting it to a tensor. This type of warning will be suppressed for the rest of this program. (Triggered internally at /pytorch/torch/csrc/utils/tensor_numpy.cpp:213.)
  return {"imgs": torch.from_numpy(np.asarray(img)).permute(2, 0, 1).float() / 255.0,
/data/repo/code/data/fsc147.py:63: UserWarning: The given NumPy array is not writable, and PyTorch does not support non-writable tensors. This means writing to this tensor will result in undefined behavior. You may want to copy the array to protect its data or make it writable before converting it to a tensor. This type of warning will be suppressed for the rest of this program. (Triggered internally at /pytorch/torch/csrc/utils/tensor_numpy.cpp:213.)
  return {"imgs": torch.from_numpy(np.asarray(img)).permute(2, 0, 1).float() / 255.0,
RESULT {"node": "N0008_dino_xattn", "status": "running", "metrics": {"mae": 223.88148002565185, "rmse": 289.9683133799031, "best_mae": 176.58489396968858}, "timing": {"train_seconds": 323.6, "epochs_done": 9}, "diagnostics": {"oom": false}, "run_dir": "/data/runs/N0008_dino_xattn", "ts": "2026-08-23T10:58:33+0800"}
E009/30 loss=86.8866 MAE=223.881 RMSE=289.968 best=176.585 [324s]
/data/repo/code/data/fsc147.py:63: UserWarning: The given NumPy array is not writable, and PyTorch does not support non-writable tensors. This means writing to this tensor will result in undefined behavior. You may want to copy the array to protect its data or make it writable before converting it to a tensor. This type of warning will be suppressed for the rest of this program. (Triggered internally at /pytorch/torch/csrc/utils/tensor_numpy.cpp:213.)
  return {"imgs": torch.from_numpy(np.asarray(img)).permute(2, 0, 1).float() / 255.0,
/data/repo/code/data/fsc147.py:63: UserWarning: The given NumPy array is not writable, and PyTorch does not support non-writable tensors. This means writing to this tensor will result in undefined behavior. You may want to copy the array to protect its data or make it writable before converting it to a tensor. This type of warning will be suppressed for the rest of this program. (Triggered internally at /pytorch/torch/csrc/utils/tensor_numpy.cpp:213.)
  return {"imgs": torch.from_numpy(np.asarray(img)).permute(2, 0, 1).float() / 255.0,
/data/repo/code/data/fsc147.py:63: UserWarning: The given NumPy array is not writable, and PyTorch does not support non-writable tensors. This means writing to this tensor will result in undefined behavior. You may want to copy the array to protect its data or make it writable before converting it to a tensor. This type of warning will be suppressed for the rest of this program. (Triggered internally at /pytorch/torch/csrc/utils/tensor_numpy.cpp:213.)
  return {"imgs": torch.from_numpy(np.asarray(img)).permute(2, 0, 1).float() / 255.0,
/data/repo/code/data/fsc147.py:63: UserWarning: The given NumPy array is not writable, and PyTorch does not support non-writable tensors. This means writing to this tensor will result in undefined behavior. You may want to copy the array to protect its data or make it writable before converting it to a tensor. This type of warning will be suppressed for the rest of this program. (Triggered internally at /pytorch/torch/csrc/utils/tensor_numpy.cpp:213.)
  return {"imgs": torch.from_numpy(np.asarray(img)).permute(2, 0, 1).float() / 255.0,
/data/repo/code/data/fsc147.py:63: UserWarning: The given NumPy array is not writable, and PyTorch does not support non-writable tensors. This means writing to this tensor will result in undefined behavior. You may want to copy the array to protect its data or make it writable before converting it to a tensor. This type of warning will be suppressed for the rest of this program. (Triggered internally at /pytorch/torch/csrc/utils/tensor_numpy.cpp:213.)
  return {"imgs": torch.from_numpy(np.asarray(img)).permute(2, 0, 1).float() / 255.0,
/data/repo/code/data/fsc147.py:63: UserWarning: The given NumPy array is not writable, and PyTorch does not support non-writable tensors. This means writing to this tensor will result in undefined behavior. You may want to copy the array to protect its data or make it writable before converting it to a tensor. This type of warning will be suppressed for the rest of this program. (Triggered internally at /pytorch/torch/csrc/utils/tensor_numpy.cpp:213.)
  return {"imgs": torch.from_numpy(np.asarray(img)).permute(2, 0, 1).float() / 255.0,
/data/repo/code/data/fsc147.py:63: UserWarning: The given NumPy array is not writable, and PyTorch does not support non-writable tensors. This means writing to this tensor will result in undefined behavior. You may want to copy the array to protect its data or make it writable before converting it to a tensor. This type of warning will be suppressed for the rest of this program. (Triggered internally at /pytorch/torch/csrc/utils/tensor_numpy.cpp:213.)
  return {"imgs": torch.from_numpy(np.asarray(img)).permute(2, 0, 1).float() / 255.0,
/data/repo/code/data/fsc147.py:63: UserWarning: The given NumPy array is not writable, and PyTorch does not support non-writable tensors. This means writing to this tensor will result in undefined behavior. You may want to copy the array to protect its data or make it writable before converting it to a tensor. This type of warning will be suppressed for the rest of this program. (Triggered internally at /pytorch/torch/csrc/utils/tensor_numpy.cpp:213.)
  return {"imgs": torch.from_numpy(np.asarray(img)).permute(2, 0, 1).float() / 255.0,
RESULT {"node": "N0008_dino_xattn", "status": "running", "metrics": {"mae": 244.8521628372406, "rmse": 310.91020300126485, "best_mae": 176.58489396968858}, "timing": {"train_seconds": 358.6, "epochs_done": 10}, "diagnostics": {"oom": false}, "run_dir": "/data/runs/N0008_dino_xattn", "ts": "2026-08-23T10:59:08+0800"}
E010/30 loss=82.2568 MAE=244.852 RMSE=310.910 best=176.585 [359s]
/data/repo/code/data/fsc147.py:63: UserWarning: The given NumPy array is not writable, and PyTorch does not support non-writable tensors. This means writing to this tensor will result in undefined behavior. You may want to copy the array to protect its data or make it writable before converting it to a tensor. This type of warning will be suppressed for the rest of this program. (Triggered internally at /pytorch/torch/csrc/utils/tensor_numpy.cpp:213.)
  return {"imgs": torch.from_numpy(np.asarray(img)).permute(2, 0, 1).float() / 255.0,
/data/repo/code/data/fsc147.py:63: UserWarning: The given NumPy array is not writable, and PyTorch does not support non-writable tensors. This means writing to this tensor will result in undefined behavior. You may want to copy the array to protect its data or make it writable before converting it to a tensor. This type of warning will be suppressed for the rest of this program. (Triggered internally at /pytorch/torch/csrc/utils/tensor_numpy.cpp:213.)
  return {"imgs": torch.from_numpy(np.asarray(img)).permute(2, 0, 1).float() / 255.0,
/data/repo/code/data/fsc147.py:63: UserWarning: The given NumPy array is not writable, and PyTorch does not support non-writable tensors. This means writing to this tensor will result in undefined behavior. You may want to copy the array to protect its data or make it writable before converting it to a tensor. This type of warning will be suppressed for the rest of this program. (Triggered internally at /pytorch/torch/csrc/utils/tensor_numpy.cpp:213.)
  return {"imgs": torch.from_numpy(np.asarray(img)).permute(2, 0, 1).float() / 255.0,
/data/repo/code/data/fsc147.py:63: UserWarning: The given NumPy array is not writable, and PyTorch does not support non-writable tensors. This means writing to this tensor will result in undefined behavior. You may want to copy the array to protect its data or make it writable before converting it to a tensor. This type of warning will be suppressed for the rest of this program. (Triggered internally at /pytorch/torch/csrc/utils/tensor_numpy.cpp:213.)
  return {"imgs": torch.from_numpy(np.asarray(img)).permute(2, 0, 1).float() / 255.0,
/data/repo/code/data/fsc147.py:63: UserWarning: The given NumPy array is not writable, and PyTorch does not support non-writable tensors. This means writing to this tensor will result in undefined behavior. You may want to copy the array to protect its data or make it writable before converting it to a tensor. This type of warning will be suppressed for the rest of this program. (Triggered internally at /pytorch/torch/csrc/utils/tensor_numpy.cpp:213.)
  return {"imgs": torch.from_numpy(np.asarray(img)).permute(2, 0, 1).float() / 255.0,
/data/repo/code/data/fsc147.py:63: UserWarning: The given NumPy array is not writable, and PyTorch does not support non-writable tensors. This means writing to this tensor will result in undefined behavior. You may want to copy the array to protect its data or make it writable before converting it to a tensor. This type of warning will be suppressed for the rest of this program. (Triggered internally at /pytorch/torch/csrc/utils/tensor_numpy.cpp:213.)
  return {"imgs": torch.from_numpy(np.asarray(img)).permute(2, 0, 1).float() / 255.0,
/data/repo/code/data/fsc147.py:63: UserWarning: The given NumPy array is not writable, and PyTorch does not support non-writable tensors. This means writing to this tensor will result in undefined behavior. You may want to copy the array to protect its data or make it writable before converting it to a tensor. This type of warning will be suppressed for the rest of this program. (Triggered internally at /pytorch/torch/csrc/utils/tensor_numpy.cpp:213.)
  return {"imgs": torch.from_numpy(np.asarray(img)).permute(2, 0, 1).float() / 255.0,
/data/repo/code/data/fsc147.py:63: UserWarning: The given NumPy array is not writable, and PyTorch does not support non-writable tensors. This means writing to this tensor will result in undefined behavior. You may want to copy the array to protect its data or make it writable before converting it to a tensor. This type of warning will be suppressed for the rest of this program. (Triggered internally at /pytorch/torch/csrc/utils/tensor_numpy.cpp:213.)
  return {"imgs": torch.from_numpy(np.asarray(img)).permute(2, 0, 1).float() / 255.0,
RESULT {"node": "N0008_dino_xattn", "status": "running", "metrics": {"mae": 210.42865562142333, "rmse": 278.08587964469956, "best_mae": 176.58489396968858}, "timing": {"train_seconds": 394.1, "epochs_done": 11}, "diagnostics": {"oom": false}, "run_dir": "/data/runs/N0008_dino_xattn", "ts": "2026-08-23T10:59:44+0800"}
E011/30 loss=85.1601 MAE=210.429 RMSE=278.086 best=176.585 [394s]
/data/repo/code/data/fsc147.py:63: UserWarning: The given NumPy array is not writable, and PyTorch does not support non-writable tensors. This means writing to this tensor will result in undefined behavior. You may want to copy the array to protect its data or make it writable before converting it to a tensor. This type of warning will be suppressed for the rest of this program. (Triggered internally at /pytorch/torch/csrc/utils/tensor_numpy.cpp:213.)
  return {"imgs": torch.from_numpy(np.asarray(img)).permute(2, 0, 1).float() / 255.0,
/data/repo/code/data/fsc147.py:63: UserWarning: The given NumPy array is not writable, and PyTorch does not support non-writable tensors. This means writing to this tensor will result in undefined behavior. You may want to copy the array to protect its data or make it writable before converting it to a tensor. This type of warning will be suppressed for the rest of this program. (Triggered internally at /pytorch/torch/csrc/utils/tensor_numpy.cpp:213.)
  return {"imgs": torch.from_numpy(np.asarray(img)).permute(2, 0, 1).float() / 255.0,
/data/repo/code/data/fsc147.py:63: UserWarning: The given NumPy array is not writable, and PyTorch does not support non-writable tensors. This means writing to this tensor will result in undefined behavior. You may want to copy the array to protect its data or make it writable before converting it to a tensor. This type of warning will be suppressed for the rest of this program. (Triggered internally at /pytorch/torch/csrc/utils/tensor_numpy.cpp:213.)
  return {"imgs": torch.from_numpy(np.asarray(img)).permute(2, 0, 1).float() / 255.0,
/data/repo/code/data/fsc147.py:63: UserWarning: The given NumPy array is not writable, and PyTorch does not support non-writable tensors. This means writing to this tensor will result in undefined behavior. You may want to copy the array to protect its data or make it writable before converting it to a tensor. This type of warning will be suppressed for the rest of this program. (Triggered internally at /pytorch/torch/csrc/utils/tensor_numpy.cpp:213.)
  return {"imgs": torch.from_numpy(np.asarray(img)).permute(2, 0, 1).float() / 255.0,
/data/repo/code/data/fsc147.py:63: UserWarning: The given NumPy array is not writable, and PyTorch does not support non-writable tensors. This means writing to this tensor will result in undefined behavior. You may want to copy the array to protect its data or make it writable before converting it to a tensor. This type of warning will be suppressed for the rest of this program. (Triggered internally at /pytorch/torch/csrc/utils/tensor_numpy.cpp:213.)
  return {"imgs": torch.from_numpy(np.asarray(img)).permute(2, 0, 1).float() / 255.0,
/data/repo/code/data/fsc147.py:63: UserWarning: The given NumPy array is not writable, and PyTorch does not support non-writable tensors. This means writing to this tensor will result in undefined behavior. You may want to copy the array to protect its data or make it writable before converting it to a tensor. This type of warning will be suppressed for the rest of this program. (Triggered internally at /pytorch/torch/csrc/utils/tensor_numpy.cpp:213.)
  return {"imgs": torch.from_numpy(np.asarray(img)).permute(2, 0, 1).float() / 255.0,
/data/repo/code/data/fsc147.py:63: UserWarning: The given NumPy array is not writable, and PyTorch does not support non-writable tensors. This means writing to this tensor will result in undefined behavior. You may want to copy the array to protect its data or make it writable before converting it to a tensor. This type of warning will be suppressed for the rest of this program. (Triggered internally at /pytorch/torch/csrc/utils/tensor_numpy.cpp:213.)
  return {"imgs": torch.from_numpy(np.asarray(img)).permute(2, 0, 1).float() / 255.0,
/data/repo/code/data/fsc147.py:63: UserWarning: The given NumPy array is not writable, and PyTorch does not support non-writable tensors. This means writing to this tensor will result in undefined behavior. You may want to copy the array to protect its data or make it writable before converting it to a tensor. This type of warning will be suppressed for the rest of this program. (Triggered internally at /pytorch/torch/csrc/utils/tensor_numpy.cpp:213.)
  return {"imgs": torch.from_numpy(np.asarray(img)).permute(2, 0, 1).float() / 255.0,
RESULT {"node": "N0008_dino_xattn", "status": "running", "metrics": {"mae": 289.1297977619557, "rmse": 382.2864469302581, "best_mae": 176.58489396968858}, "timing": {"train_seconds": 429.7, "epochs_done": 12}, "diagnostics": {"oom": false}, "run_dir": "/data/runs/N0008_dino_xattn", "ts": "2026-08-23T11:00:19+0800"}
E012/30 loss=77.9941 MAE=289.130 RMSE=382.286 best=176.585 [430s]
/data/repo/code/data/fsc147.py:63: UserWarning: The given NumPy array is not writable, and PyTorch does not support non-writable tensors. This means writing to this tensor will result in undefined behavior. You may want to copy the array to protect its data or make it writable before converting it to a tensor. This type of warning will be suppressed for the rest of this program. (Triggered internally at /pytorch/torch/csrc/utils/tensor_numpy.cpp:213.)
  return {"imgs": torch.from_numpy(np.asarray(img)).permute(2, 0, 1).float() / 255.0,
/data/repo/code/data/fsc147.py:63: UserWarning: The given NumPy array is not writable, and PyTorch does not support non-writable tensors. This means writing to this tensor will result in undefined behavior. You may want to copy the array to protect its data or make it writable before converting it to a tensor. This type of warning will be suppressed for the rest of this program. (Triggered internally at /pytorch/torch/csrc/utils/tensor_numpy.cpp:213.)
  return {"imgs": torch.from_numpy(np.asarray(img)).permute(2, 0, 1).float() / 255.0,
/data/repo/code/data/fsc147.py:63: UserWarning: The given NumPy array is not writable, and PyTorch does not support non-writable tensors. This means writing to this tensor will result in undefined behavior. You may want to copy the array to protect its data or make it writable before converting it to a tensor. This type of warning will be suppressed for the rest of this program. (Triggered internally at /pytorch/torch/csrc/utils/tensor_numpy.cpp:213.)
  return {"imgs": torch.from_numpy(np.asarray(img)).permute(2, 0, 1).float() / 255.0,
/data/repo/code/data/fsc147.py:63: UserWarning: The given NumPy array is not writable, and PyTorch does not support non-writable tensors. This means writing to this tensor will result in undefined behavior. You may want to copy the array to protect its data or make it writable before converting it to a tensor. This type of warning will be suppressed for the rest of this program. (Triggered internally at /pytorch/torch/csrc/utils/tensor_numpy.cpp:213.)
  return {"imgs": torch.from_numpy(np.asarray(img)).permute(2, 0, 1).float() / 255.0,
/data/repo/code/data/fsc147.py:63: UserWarning: The given NumPy array is not writable, and PyTorch does not support non-writable tensors. This means writing to this tensor will result in undefined behavior. You may want to copy the array to protect its data or make it writable before converting it to a tensor. This type of warning will be suppressed for the rest of this program. (Triggered internally at /pytorch/torch/csrc/utils/tensor_numpy.cpp:213.)
  return {"imgs": torch.from_numpy(np.asarray(img)).permute(2, 0, 1).float() / 255.0,
/data/repo/code/data/fsc147.py:63: UserWarning: The given NumPy array is not writable, and PyTorch does not support non-writable tensors. This means writing to this tensor will result in undefined behavior. You may want to copy the array to protect its data or make it writable before converting it to a tensor. This type of warning will be suppressed for the rest of this program. (Triggered internally at /pytorch/torch/csrc/utils/tensor_numpy.cpp:213.)
  return {"imgs": torch.from_numpy(np.asarray(img)).permute(2, 0, 1).float() / 255.0,
/data/repo/code/data/fsc147.py:63: UserWarning: The given NumPy array is not writable, and PyTorch does not support non-writable tensors. This means writing to this tensor will result in undefined behavior. You may want to copy the array to protect its data or make it writable before converting it to a tensor. This type of warning will be suppressed for the rest of this program. (Triggered internally at /pytorch/torch/csrc/utils/tensor_numpy.cpp:213.)
  return {"imgs": torch.from_numpy(np.asarray(img)).permute(2, 0, 1).float() / 255.0,
/data/repo/code/data/fsc147.py:63: UserWarning: The given NumPy array is not writable, and PyTorch does not support non-writable tensors. This means writing to this tensor will result in undefined behavior. You may want to copy the array to protect its data or make it writable before converting it to a tensor. This type of warning will be suppressed for the rest of this program. (Triggered internally at /pytorch/torch/csrc/utils/tensor_numpy.cpp:213.)
  return {"imgs": torch.from_numpy(np.asarray(img)).permute(2, 0, 1).float() / 255.0,
RESULT {"node": "N0008_dino_xattn", "status": "running", "metrics": {"mae": 159.46397644327737, "rmse": 212.89622596235563, "best_mae": 159.46397644327737}, "timing": {"train_seconds": 465.2, "epochs_done": 13}, "diagnostics": {"oom": false}, "run_dir": "/data/runs/N0008_dino_xattn", "ts": "2026-08-23T11:00:55+0800"}
E013/30 loss=79.4296 MAE=159.464 RMSE=212.896 best=159.464 [465s] ***BEST
/data/repo/code/data/fsc147.py:63: UserWarning: The given NumPy array is not writable, and PyTorch does not support non-writable tensors. This means writing to this tensor will result in undefined behavior. You may want to copy the array to protect its data or make it writable before converting it to a tensor. This type of warning will be suppressed for the rest of this program. (Triggered internally at /pytorch/torch/csrc/utils/tensor_numpy.cpp:213.)
  return {"imgs": torch.from_numpy(np.asarray(img)).permute(2, 0, 1).float() / 255.0,
/data/repo/code/data/fsc147.py:63: UserWarning: The given NumPy array is not writable, and PyTorch does not support non-writable tensors. This means writing to this tensor will result in undefined behavior. You may want to copy the array to protect its data or make it writable before converting it to a tensor. This type of warning will be suppressed for the rest of this program. (Triggered internally at /pytorch/torch/csrc/utils/tensor_numpy.cpp:213.)
  return {"imgs": torch.from_numpy(np.asarray(img)).permute(2, 0, 1).float() / 255.0,
/data/repo/code/data/fsc147.py:63: UserWarning: The given NumPy array is not writable, and PyTorch does not support non-writable tensors. This means writing to this tensor will result in undefined behavior. You may want to copy the array to protect its data or make it writable before converting it to a tensor. This type of warning will be suppressed for the rest of this program. (Triggered internally at /pytorch/torch/csrc/utils/tensor_numpy.cpp:213.)
  return {"imgs": torch.from_numpy(np.asarray(img)).permute(2, 0, 1).float() / 255.0,
/data/repo/code/data/fsc147.py:63: UserWarning: The given NumPy array is not writable, and PyTorch does not support non-writable tensors. This means writing to this tensor will result in undefined behavior. You may want to copy the array to protect its data or make it writable before converting it to a tensor. This type of warning will be suppressed for the rest of this program. (Triggered internally at /pytorch/torch/csrc/utils/tensor_numpy.cpp:213.)
  return {"imgs": torch.from_numpy(np.asarray(img)).permute(2, 0, 1).float() / 255.0,
/data/repo/code/data/fsc147.py:63: UserWarning: The given NumPy array is not writable, and PyTorch does not support non-writable tensors. This means writing to this tensor will result in undefined behavior. You may want to copy the array to protect its data or make it writable before converting it to a tensor. This type of warning will be suppressed for the rest of this program. (Triggered internally at /pytorch/torch/csrc/utils/tensor_numpy.cpp:213.)
  return {"imgs": torch.from_numpy(np.asarray(img)).permute(2, 0, 1).float() / 255.0,
/data/repo/code/data/fsc147.py:63: UserWarning: The given NumPy array is not writable, and PyTorch does not support non-writable tensors. This means writing to this tensor will result in undefined behavior. You may want to copy the array to protect its data or make it writable before converting it to a tensor. This type of warning will be suppressed for the rest of this program. (Triggered internally at /pytorch/torch/csrc/utils/tensor_numpy.cpp:213.)
  return {"imgs": torch.from_numpy(np.asarray(img)).permute(2, 0, 1).float() / 255.0,
/data/repo/code/data/fsc147.py:63: UserWarning: The given NumPy array is not writable, and PyTorch does not support non-writable tensors. This means writing to this tensor will result in undefined behavior. You may want to copy the array to protect its data or make it writable before converting it to a tensor. This type of warning will be suppressed for the rest of this program. (Triggered internally at /pytorch/torch/csrc/utils/tensor_numpy.cpp:213.)
  return {"imgs": torch.from_numpy(np.asarray(img)).permute(2, 0, 1).float() / 255.0,
/data/repo/code/data/fsc147.py:63: UserWarning: The given NumPy array is not writable, and PyTorch does not support non-writable tensors. This means writing to this tensor will result in undefined behavior. You may want to copy the array to protect its data or make it writable before converting it to a tensor. This type of warning will be suppressed for the rest of this program. (Triggered internally at /pytorch/torch/csrc/utils/tensor_numpy.cpp:213.)
  return {"imgs": torch.from_numpy(np.asarray(img)).permute(2, 0, 1).float() / 255.0,
RESULT {"node": "N0008_dino_xattn", "status": "running", "metrics": {"mae": 163.27322819592607, "rmse": 213.50745729298814, "best_mae": 159.46397644327737}, "timing": {"train_seconds": 501.0, "epochs_done": 14}, "diagnostics": {"oom": false}, "run_dir": "/data/runs/N0008_dino_xattn", "ts": "2026-08-23T11:01:31+0800"}
E014/30 loss=72.6739 MAE=163.273 RMSE=213.507 best=159.464 [501s]
/data/repo/code/data/fsc147.py:63: UserWarning: The given NumPy array is not writable, and PyTorch does not support non-writable tensors. This means writing to this tensor will result in undefined behavior. You may want to copy the array to protect its data or make it writable before converting it to a tensor. This type of warning will be suppressed for the rest of this program. (Triggered internally at /pytorch/torch/csrc/utils/tensor_numpy.cpp:213.)
  return {"imgs": torch.from_numpy(np.asarray(img)).permute(2, 0, 1).float() / 255.0,
/data/repo/code/data/fsc147.py:63: UserWarning: The given NumPy array is not writable, and PyTorch does not support non-writable tensors. This means writing to this tensor will result in undefined behavior. You may want to copy the array to protect its data or make it writable before converting it to a tensor. This type of warning will be suppressed for the rest of this program. (Triggered internally at /pytorch/torch/csrc/utils/tensor_numpy.cpp:213.)
  return {"imgs": torch.from_numpy(np.asarray(img)).permute(2, 0, 1).float() / 255.0,
/data/repo/code/data/fsc147.py:63: UserWarning: The given NumPy array is not writable, and PyTorch does not support non-writable tensors. This means writing to this tensor will result in undefined behavior. You may want to copy the array to protect its data or make it writable before converting it to a tensor. This type of warning will be suppressed for the rest of this program. (Triggered internally at /pytorch/torch/csrc/utils/tensor_numpy.cpp:213.)
  return {"imgs": torch.from_numpy(np.asarray(img)).permute(2, 0, 1).float() / 255.0,
/data/repo/code/data/fsc147.py:63: UserWarning: The given NumPy array is not writable, and PyTorch does not support non-writable tensors. This means writing to this tensor will result in undefined behavior. You may want to copy the array to protect its data or make it writable before converting it to a tensor. This type of warning will be suppressed for the rest of this program. (Triggered internally at /pytorch/torch/csrc/utils/tensor_numpy.cpp:213.)
  return {"imgs": torch.from_numpy(np.asarray(img)).permute(2, 0, 1).float() / 255.0,
/data/repo/code/data/fsc147.py:63: UserWarning: The given NumPy array is not writable, and PyTorch does not support non-writable tensors. This means writing to this tensor will result in undefined behavior. You may want to copy the array to protect its data or make it writable before converting it to a tensor. This type of warning will be suppressed for the rest of this program. (Triggered internally at /pytorch/torch/csrc/utils/tensor_numpy.cpp:213.)
  return {"imgs": torch.from_numpy(np.asarray(img)).permute(2, 0, 1).float() / 255.0,
/data/repo/code/data/fsc147.py:63: UserWarning: The given NumPy array is not writable, and PyTorch does not support non-writable tensors. This means writing to this tensor will result in undefined behavior. You may want to copy the array to protect its data or make it writable before converting it to a tensor. This type of warning will be suppressed for the rest of this program. (Triggered internally at /pytorch/torch/csrc/utils/tensor_numpy.cpp:213.)
  return {"imgs": torch.from_numpy(np.asarray(img)).permute(2, 0, 1).float() / 255.0,
/data/repo/code/data/fsc147.py:63: UserWarning: The given NumPy array is not writable, and PyTorch does not support non-writable tensors. This means writing to this tensor will result in undefined behavior. You may want to copy the array to protect its data or make it writable before converting it to a tensor. This type of warning will be suppressed for the rest of this program. (Triggered internally at /pytorch/torch/csrc/utils/tensor_numpy.cpp:213.)
  return {"imgs": torch.from_numpy(np.asarray(img)).permute(2, 0, 1).float() / 255.0,
/data/repo/code/data/fsc147.py:63: UserWarning: The given NumPy array is not writable, and PyTorch does not support non-writable tensors. This means writing to this tensor will result in undefined behavior. You may want to copy the array to protect its data or make it writable before converting it to a tensor. This type of warning will be suppressed for the rest of this program. (Triggered internally at /pytorch/torch/csrc/utils/tensor_numpy.cpp:213.)
  return {"imgs": torch.from_numpy(np.asarray(img)).permute(2, 0, 1).float() / 255.0,
RESULT {"node": "N0008_dino_xattn", "status": "running", "metrics": {"mae": 188.92550089644791, "rmse": 250.26368554438233, "best_mae": 159.46397644327737}, "timing": {"train_seconds": 536.0, "epochs_done": 15}, "diagnostics": {"oom": false}, "run_dir": "/data/runs/N0008_dino_xattn", "ts": "2026-08-23T11:02:06+0800"}
E015/30 loss=63.4547 MAE=188.926 RMSE=250.264 best=159.464 [536s]
/data/repo/code/data/fsc147.py:63: UserWarning: The given NumPy array is not writable, and PyTorch does not support non-writable tensors. This means writing to this tensor will result in undefined behavior. You may want to copy the array to protect its data or make it writable before converting it to a tensor. This type of warning will be suppressed for the rest of this program. (Triggered internally at /pytorch/torch/csrc/utils/tensor_numpy.cpp:213.)
  return {"imgs": torch.from_numpy(np.asarray(img)).permute(2, 0, 1).float() / 255.0,
/data/repo/code/data/fsc147.py:63: UserWarning: The given NumPy array is not writable, and PyTorch does not support non-writable tensors. This means writing to this tensor will result in undefined behavior. You may want to copy the array to protect its data or make it writable before converting it to a tensor. This type of warning will be suppressed for the rest of this program. (Triggered internally at /pytorch/torch/csrc/utils/tensor_numpy.cpp:213.)
  return {"imgs": torch.from_numpy(np.asarray(img)).permute(2, 0, 1).float() / 255.0,
/data/repo/code/data/fsc147.py:63: UserWarning: The given NumPy array is not writable, and PyTorch does not support non-writable tensors. This means writing to this tensor will result in undefined behavior. You may want to copy the array to protect its data or make it writable before converting it to a tensor. This type of warning will be suppressed for the rest of this program. (Triggered internally at /pytorch/torch/csrc/utils/tensor_numpy.cpp:213.)
  return {"imgs": torch.from_numpy(np.asarray(img)).permute(2, 0, 1).float() / 255.0,
/data/repo/code/data/fsc147.py:63: UserWarning: The given NumPy array is not writable, and PyTorch does not support non-writable tensors. This means writing to this tensor will result in undefined behavior. You may want to copy the array to protect its data or make it writable before converting it to a tensor. This type of warning will be suppressed for the rest of this program. (Triggered internally at /pytorch/torch/csrc/utils/tensor_numpy.cpp:213.)
  return {"imgs": torch.from_numpy(np.asarray(img)).permute(2, 0, 1).float() / 255.0,
/data/repo/code/data/fsc147.py:63: UserWarning: The given NumPy array is not writable, and PyTorch does not support non-writable tensors. This means writing to this tensor will result in undefined behavior. You may want to copy the array to protect its data or make it writable before converting it to a tensor. This type of warning will be suppressed for the rest of this program. (Triggered internally at /pytorch/torch/csrc/utils/tensor_numpy.cpp:213.)
  return {"imgs": torch.from_numpy(np.asarray(img)).permute(2, 0, 1).float() / 255.0,
/data/repo/code/data/fsc147.py:63: UserWarning: The given NumPy array is not writable, and PyTorch does not support non-writable tensors. This means writing to this tensor will result in undefined behavior. You may want to copy the array to protect its data or make it writable before converting it to a tensor. This type of warning will be suppressed for the rest of this program. (Triggered internally at /pytorch/torch/csrc/utils/tensor_numpy.cpp:213.)
  return {"imgs": torch.from_numpy(np.asarray(img)).permute(2, 0, 1).float() / 255.0,
/data/repo/code/data/fsc147.py:63: UserWarning: The given NumPy array is not writable, and PyTorch does not support non-writable tensors. This means writing to this tensor will result in undefined behavior. You may want to copy the array to protect its data or make it writable before converting it to a tensor. This type of warning will be suppressed for the rest of this program. (Triggered internally at /pytorch/torch/csrc/utils/tensor_numpy.cpp:213.)
  return {"imgs": torch.from_numpy(np.asarray(img)).permute(2, 0, 1).float() / 255.0,
/data/repo/code/data/fsc147.py:63: UserWarning: The given NumPy array is not writable, and PyTorch does not support non-writable tensors. This means writing to this tensor will result in undefined behavior. You may want to copy the array to protect its data or make it writable before converting it to a tensor. This type of warning will be suppressed for the rest of this program. (Triggered internally at /pytorch/torch/csrc/utils/tensor_numpy.cpp:213.)
  return {"imgs": torch.from_numpy(np.asarray(img)).permute(2, 0, 1).float() / 255.0,
RESULT {"node": "N0008_dino_xattn", "status": "running", "metrics": {"mae": 145.09048383603013, "rmse": 198.12251358405294, "best_mae": 145.09048383603013}, "timing": {"train_seconds": 571.3, "epochs_done": 16}, "diagnostics": {"oom": false}, "run_dir": "/data/runs/N0008_dino_xattn", "ts": "2026-08-23T11:02:41+0800"}
E016/30 loss=55.3333 MAE=145.090 RMSE=198.123 best=145.090 [571s] ***BEST
/data/repo/code/data/fsc147.py:63: UserWarning: The given NumPy array is not writable, and PyTorch does not support non-writable tensors. This means writing to this tensor will result in undefined behavior. You may want to copy the array to protect its data or make it writable before converting it to a tensor. This type of warning will be suppressed for the rest of this program. (Triggered internally at /pytorch/torch/csrc/utils/tensor_numpy.cpp:213.)
  return {"imgs": torch.from_numpy(np.asarray(img)).permute(2, 0, 1).float() / 255.0,
/data/repo/code/data/fsc147.py:63: UserWarning: The given NumPy array is not writable, and PyTorch does not support non-writable tensors. This means writing to this tensor will result in undefined behavior. You may want to copy the array to protect its data or make it writable before converting it to a tensor. This type of warning will be suppressed for the rest of this program. (Triggered internally at /pytorch/torch/csrc/utils/tensor_numpy.cpp:213.)
  return {"imgs": torch.from_numpy(np.asarray(img)).permute(2, 0, 1).float() / 255.0,
/data/repo/code/data/fsc147.py:63: UserWarning: The given NumPy array is not writable, and PyTorch does not support non-writable tensors. This means writing to this tensor will result in undefined behavior. You may want to copy the array to protect its data or make it writable before converting it to a tensor. This type of warning will be suppressed for the rest of this program. (Triggered internally at /pytorch/torch/csrc/utils/tensor_numpy.cpp:213.)
  return {"imgs": torch.from_numpy(np.asarray(img)).permute(2, 0, 1).float() / 255.0,
/data/repo/code/data/fsc147.py:63: UserWarning: The given NumPy array is not writable, and PyTorch does not support non-writable tensors. This means writing to this tensor will result in undefined behavior. You may want to copy the array to protect its data or make it writable before converting it to a tensor. This type of warning will be suppressed for the rest of this program. (Triggered internally at /pytorch/torch/csrc/utils/tensor_numpy.cpp:213.)
  return {"imgs": torch.from_numpy(np.asarray(img)).permute(2, 0, 1).float() / 255.0,
/data/repo/code/data/fsc147.py:63: UserWarning: The given NumPy array is not writable, and PyTorch does not support non-writable tensors. This means writing to this tensor will result in undefined behavior. You may want to copy the array to protect its data or make it writable before converting it to a tensor. This type of warning will be suppressed for the rest of this program. (Triggered internally at /pytorch/torch/csrc/utils/tensor_numpy.cpp:213.)
  return {"imgs": torch.from_numpy(np.asarray(img)).permute(2, 0, 1).float() / 255.0,
/data/repo/code/data/fsc147.py:63: UserWarning: The given NumPy array is not writable, and PyTorch does not support non-writable tensors. This means writing to this tensor will result in undefined behavior. You may want to copy the array to protect its data or make it writable before converting it to a tensor. This type of warning will be suppressed for the rest of this program. (Triggered internally at /pytorch/torch/csrc/utils/tensor_numpy.cpp:213.)
  return {"imgs": torch.from_numpy(np.asarray(img)).permute(2, 0, 1).float() / 255.0,
/data/repo/code/data/fsc147.py:63: UserWarning: The given NumPy array is not writable, and PyTorch does not support non-writable tensors. This means writing to this tensor will result in undefined behavior. You may want to copy the array to protect its data or make it writable before converting it to a tensor. This type of warning will be suppressed for the rest of this program. (Triggered internally at /pytorch/torch/csrc/utils/tensor_numpy.cpp:213.)
  return {"imgs": torch.from_numpy(np.asarray(img)).permute(2, 0, 1).float() / 255.0,
/data/repo/code/data/fsc147.py:63: UserWarning: The given NumPy array is not writable, and PyTorch does not support non-writable tensors. This means writing to this tensor will result in undefined behavior. You may want to copy the array to protect its data or make it writable before converting it to a tensor. This type of warning will be suppressed for the rest of this program. (Triggered internally at /pytorch/torch/csrc/utils/tensor_numpy.cpp:213.)
  return {"imgs": torch.from_numpy(np.asarray(img)).permute(2, 0, 1).float() / 255.0,
RESULT {"node": "N0008_dino_xattn", "status": "running", "metrics": {"mae": 124.1540071715834, "rmse": 173.18149415320468, "best_mae": 124.1540071715834}, "timing": {"train_seconds": 606.8, "epochs_done": 17}, "diagnostics": {"oom": false}, "run_dir": "/data/runs/N0008_dino_xattn", "ts": "2026-08-23T11:03:16+0800"}
E017/30 loss=49.1103 MAE=124.154 RMSE=173.181 best=124.154 [607s] ***BEST
/data/repo/code/data/fsc147.py:63: UserWarning: The given NumPy array is not writable, and PyTorch does not support non-writable tensors. This means writing to this tensor will result in undefined behavior. You may want to copy the array to protect its data or make it writable before converting it to a tensor. This type of warning will be suppressed for the rest of this program. (Triggered internally at /pytorch/torch/csrc/utils/tensor_numpy.cpp:213.)
  return {"imgs": torch.from_numpy(np.asarray(img)).permute(2, 0, 1).float() / 255.0,
/data/repo/code/data/fsc147.py:63: UserWarning: The given NumPy array is not writable, and PyTorch does not support non-writable tensors. This means writing to this tensor will result in undefined behavior. You may want to copy the array to protect its data or make it writable before converting it to a tensor. This type of warning will be suppressed for the rest of this program. (Triggered internally at /pytorch/torch/csrc/utils/tensor_numpy.cpp:213.)
  return {"imgs": torch.from_numpy(np.asarray(img)).permute(2, 0, 1).float() / 255.0,
/data/repo/code/data/fsc147.py:63: UserWarning: The given NumPy array is not writable, and PyTorch does not support non-writable tensors. This means writing to this tensor will result in undefined behavior. You may want to copy the array to protect its data or make it writable before converting it to a tensor. This type of warning will be suppressed for the rest of this program. (Triggered internally at /pytorch/torch/csrc/utils/tensor_numpy.cpp:213.)
  return {"imgs": torch.from_numpy(np.asarray(img)).permute(2, 0, 1).float() / 255.0,
/data/repo/code/data/fsc147.py:63: UserWarning: The given NumPy array is not writable, and PyTorch does not support non-writable tensors. This means writing to this tensor will result in undefined behavior. You may want to copy the array to protect its data or make it writable before converting it to a tensor. This type of warning will be suppressed for the rest of this program. (Triggered internally at /pytorch/torch/csrc/utils/tensor_numpy.cpp:213.)
  return {"imgs": torch.from_numpy(np.asarray(img)).permute(2, 0, 1).float() / 255.0,
/data/repo/code/data/fsc147.py:63: UserWarning: The given NumPy array is not writable, and PyTorch does not support non-writable tensors. This means writing to this tensor will result in undefined behavior. You may want to copy the array to protect its data or make it writable before converting it to a tensor. This type of warning will be suppressed for the rest of this program. (Triggered internally at /pytorch/torch/csrc/utils/tensor_numpy.cpp:213.)
  return {"imgs": torch.from_numpy(np.asarray(img)).permute(2, 0, 1).float() / 255.0,
/data/repo/code/data/fsc147.py:63: UserWarning: The given NumPy array is not writable, and PyTorch does not support non-writable tensors. This means writing to this tensor will result in undefined behavior. You may want to copy the array to protect its data or make it writable before converting it to a tensor. This type of warning will be suppressed for the rest of this program. (Triggered internally at /pytorch/torch/csrc/utils/tensor_numpy.cpp:213.)
  return {"imgs": torch.from_numpy(np.asarray(img)).permute(2, 0, 1).float() / 255.0,
/data/repo/code/data/fsc147.py:63: UserWarning: The given NumPy array is not writable, and PyTorch does not support non-writable tensors. This means writing to this tensor will result in undefined behavior. You may want to copy the array to protect its data or make it writable before converting it to a tensor. This type of warning will be suppressed for the rest of this program. (Triggered internally at /pytorch/torch/csrc/utils/tensor_numpy.cpp:213.)
  return {"imgs": torch.from_numpy(np.asarray(img)).permute(2, 0, 1).float() / 255.0,
/data/repo/code/data/fsc147.py:63: UserWarning: The given NumPy array is not writable, and PyTorch does not support non-writable tensors. This means writing to this tensor will result in undefined behavior. You may want to copy the array to protect its data or make it writable before converting it to a tensor. This type of warning will be suppressed for the rest of this program. (Triggered internally at /pytorch/torch/csrc/utils/tensor_numpy.cpp:213.)
  return {"imgs": torch.from_numpy(np.asarray(img)).permute(2, 0, 1).float() / 255.0,
RESULT {"node": "N0008_dino_xattn", "status": "running", "metrics": {"mae": 117.47893204993075, "rmse": 174.25998096816346, "best_mae": 117.47893204993075}, "timing": {"train_seconds": 641.4, "epochs_done": 18}, "diagnostics": {"oom": false}, "run_dir": "/data/runs/N0008_dino_xattn", "ts": "2026-08-23T11:03:51+0800"}
E018/30 loss=42.8762 MAE=117.479 RMSE=174.260 best=117.479 [641s] ***BEST
/data/repo/code/data/fsc147.py:63: UserWarning: The given NumPy array is not writable, and PyTorch does not support non-writable tensors. This means writing to this tensor will result in undefined behavior. You may want to copy the array to protect its data or make it writable before converting it to a tensor. This type of warning will be suppressed for the rest of this program. (Triggered internally at /pytorch/torch/csrc/utils/tensor_numpy.cpp:213.)
  return {"imgs": torch.from_numpy(np.asarray(img)).permute(2, 0, 1).float() / 255.0,
/data/repo/code/data/fsc147.py:63: UserWarning: The given NumPy array is not writable, and PyTorch does not support non-writable tensors. This means writing to this tensor will result in undefined behavior. You may want to copy the array to protect its data or make it writable before converting it to a tensor. This type of warning will be suppressed for the rest of this program. (Triggered internally at /pytorch/torch/csrc/utils/tensor_numpy.cpp:213.)
  return {"imgs": torch.from_numpy(np.asarray(img)).permute(2, 0, 1).float() / 255.0,
/data/repo/code/data/fsc147.py:63: UserWarning: The given NumPy array is not writable, and PyTorch does not support non-writable tensors. This means writing to this tensor will result in undefined behavior. You may want to copy the array to protect its data or make it writable before converting it to a tensor. This type of warning will be suppressed for the rest of this program. (Triggered internally at /pytorch/torch/csrc/utils/tensor_numpy.cpp:213.)
  return {"imgs": torch.from_numpy(np.asarray(img)).permute(2, 0, 1).float() / 255.0,
/data/repo/code/data/fsc147.py:63: UserWarning: The given NumPy array is not writable, and PyTorch does not support non-writable tensors. This means writing to this tensor will result in undefined behavior. You may want to copy the array to protect its data or make it writable before converting it to a tensor. This type of warning will be suppressed for the rest of this program. (Triggered internally at /pytorch/torch/csrc/utils/tensor_numpy.cpp:213.)
  return {"imgs": torch.from_numpy(np.asarray(img)).permute(2, 0, 1).float() / 255.0,
/data/repo/code/data/fsc147.py:63: UserWarning: The given NumPy array is not writable, and PyTorch does not support non-writable tensors. This means writing to this tensor will result in undefined behavior. You may want to copy the array to protect its data or make it writable before converting it to a tensor. This type of warning will be suppressed for the rest of this program. (Triggered internally at /pytorch/torch/csrc/utils/tensor_numpy.cpp:213.)
  return {"imgs": torch.from_numpy(np.asarray(img)).permute(2, 0, 1).float() / 255.0,
/data/repo/code/data/fsc147.py:63: UserWarning: The given NumPy array is not writable, and PyTorch does not support non-writable tensors. This means writing to this tensor will result in undefined behavior. You may want to copy the array to protect its data or make it writable before converting it to a tensor. This type of warning will be suppressed for the rest of this program. (Triggered internally at /pytorch/torch/csrc/utils/tensor_numpy.cpp:213.)
  return {"imgs": torch.from_numpy(np.asarray(img)).permute(2, 0, 1).float() / 255.0,
/data/repo/code/data/fsc147.py:63: UserWarning: The given NumPy array is not writable, and PyTorch does not support non-writable tensors. This means writing to this tensor will result in undefined behavior. You may want to copy the array to protect its data or make it writable before converting it to a tensor. This type of warning will be suppressed for the rest of this program. (Triggered internally at /pytorch/torch/csrc/utils/tensor_numpy.cpp:213.)
  return {"imgs": torch.from_numpy(np.asarray(img)).permute(2, 0, 1).float() / 255.0,
/data/repo/code/data/fsc147.py:63: UserWarning: The given NumPy array is not writable, and PyTorch does not support non-writable tensors. This means writing to this tensor will result in undefined behavior. You may want to copy the array to protect its data or make it writable before converting it to a tensor. This type of warning will be suppressed for the rest of this program. (Triggered internally at /pytorch/torch/csrc/utils/tensor_numpy.cpp:213.)
  return {"imgs": torch.from_numpy(np.asarray(img)).permute(2, 0, 1).float() / 255.0,
RESULT {"node": "N0008_dino_xattn", "status": "running", "metrics": {"mae": 112.37924517072378, "rmse": 162.02547307986254, "best_mae": 112.37924517072378}, "timing": {"train_seconds": 677.0, "epochs_done": 19}, "diagnostics": {"oom": false}, "run_dir": "/data/runs/N0008_dino_xattn", "ts": "2026-08-23T11:04:27+0800"}
E019/30 loss=37.4073 MAE=112.379 RMSE=162.025 best=112.379 [677s] ***BEST
/data/repo/code/data/fsc147.py:63: UserWarning: The given NumPy array is not writable, and PyTorch does not support non-writable tensors. This means writing to this tensor will result in undefined behavior. You may want to copy the array to protect its data or make it writable before converting it to a tensor. This type of warning will be suppressed for the rest of this program. (Triggered internally at /pytorch/torch/csrc/utils/tensor_numpy.cpp:213.)
  return {"imgs": torch.from_numpy(np.asarray(img)).permute(2, 0, 1).float() / 255.0,
/data/repo/code/data/fsc147.py:63: UserWarning: The given NumPy array is not writable, and PyTorch does not support non-writable tensors. This means writing to this tensor will result in undefined behavior. You may want to copy the array to protect its data or make it writable before converting it to a tensor. This type of warning will be suppressed for the rest of this program. (Triggered internally at /pytorch/torch/csrc/utils/tensor_numpy.cpp:213.)
  return {"imgs": torch.from_numpy(np.asarray(img)).permute(2, 0, 1).float() / 255.0,
/data/repo/code/data/fsc147.py:63: UserWarning: The given NumPy array is not writable, and PyTorch does not support non-writable tensors. This means writing to this tensor will result in undefined behavior. You may want to copy the array to protect its data or make it writable before converting it to a tensor. This type of warning will be suppressed for the rest of this program. (Triggered internally at /pytorch/torch/csrc/utils/tensor_numpy.cpp:213.)
  return {"imgs": torch.from_numpy(np.asarray(img)).permute(2, 0, 1).float() / 255.0,
/data/repo/code/data/fsc147.py:63: UserWarning: The given NumPy array is not writable, and PyTorch does not support non-writable tensors. This means writing to this tensor will result in undefined behavior. You may want to copy the array to protect its data or make it writable before converting it to a tensor. This type of warning will be suppressed for the rest of this program. (Triggered internally at /pytorch/torch/csrc/utils/tensor_numpy.cpp:213.)
  return {"imgs": torch.from_numpy(np.asarray(img)).permute(2, 0, 1).float() / 255.0,
/data/repo/code/data/fsc147.py:63: UserWarning: The given NumPy array is not writable, and PyTorch does not support non-writable tensors. This means writing to this tensor will result in undefined behavior. You may want to copy the array to protect its data or make it writable before converting it to a tensor. This type of warning will be suppressed for the rest of this program. (Triggered internally at /pytorch/torch/csrc/utils/tensor_numpy.cpp:213.)
  return {"imgs": torch.from_numpy(np.asarray(img)).permute(2, 0, 1).float() / 255.0,
/data/repo/code/data/fsc147.py:63: UserWarning: The given NumPy array is not writable, and PyTorch does not support non-writable tensors. This means writing to this tensor will result in undefined behavior. You may want to copy the array to protect its data or make it writable before converting it to a tensor. This type of warning will be suppressed for the rest of this program. (Triggered internally at /pytorch/torch/csrc/utils/tensor_numpy.cpp:213.)
  return {"imgs": torch.from_numpy(np.asarray(img)).permute(2, 0, 1).float() / 255.0,
/data/repo/code/data/fsc147.py:63: UserWarning: The given NumPy array is not writable, and PyTorch does not support non-writable tensors. This means writing to this tensor will result in undefined behavior. You may want to copy the array to protect its data or make it writable before converting it to a tensor. This type of warning will be suppressed for the rest of this program. (Triggered internally at /pytorch/torch/csrc/utils/tensor_numpy.cpp:213.)
  return {"imgs": torch.from_numpy(np.asarray(img)).permute(2, 0, 1).float() / 255.0,
/data/repo/code/data/fsc147.py:63: UserWarning: The given NumPy array is not writable, and PyTorch does not support non-writable tensors. This means writing to this tensor will result in undefined behavior. You may want to copy the array to protect its data or make it writable before converting it to a tensor. This type of warning will be suppressed for the rest of this program. (Triggered internally at /pytorch/torch/csrc/utils/tensor_numpy.cpp:213.)
  return {"imgs": torch.from_numpy(np.asarray(img)).permute(2, 0, 1).float() / 255.0,
RESULT {"node": "N0008_dino_xattn", "status": "running", "metrics": {"mae": 113.50738803038887, "rmse": 162.85076178459198, "best_mae": 112.37924517072378}, "timing": {"train_seconds": 711.7, "epochs_done": 20}, "diagnostics": {"oom": false}, "run_dir": "/data/runs/N0008_dino_xattn", "ts": "2026-08-23T11:05:01+0800"}
E020/30 loss=35.4209 MAE=113.507 RMSE=162.851 best=112.379 [712s]
/data/repo/code/data/fsc147.py:63: UserWarning: The given NumPy array is not writable, and PyTorch does not support non-writable tensors. This means writing to this tensor will result in undefined behavior. You may want to copy the array to protect its data or make it writable before converting it to a tensor. This type of warning will be suppressed for the rest of this program. (Triggered internally at /pytorch/torch/csrc/utils/tensor_numpy.cpp:213.)
  return {"imgs": torch.from_numpy(np.asarray(img)).permute(2, 0, 1).float() / 255.0,
/data/repo/code/data/fsc147.py:63: UserWarning: The given NumPy array is not writable, and PyTorch does not support non-writable tensors. This means writing to this tensor will result in undefined behavior. You may want to copy the array to protect its data or make it writable before converting it to a tensor. This type of warning will be suppressed for the rest of this program. (Triggered internally at /pytorch/torch/csrc/utils/tensor_numpy.cpp:213.)
  return {"imgs": torch.from_numpy(np.asarray(img)).permute(2, 0, 1).float() / 255.0,
/data/repo/code/data/fsc147.py:63: UserWarning: The given NumPy array is not writable, and PyTorch does not support non-writable tensors. This means writing to this tensor will result in undefined behavior. You may want to copy the array to protect its data or make it writable before converting it to a tensor. This type of warning will be suppressed for the rest of this program. (Triggered internally at /pytorch/torch/csrc/utils/tensor_numpy.cpp:213.)
  return {"imgs": torch.from_numpy(np.asarray(img)).permute(2, 0, 1).float() / 255.0,
/data/repo/code/data/fsc147.py:63: UserWarning: The given NumPy array is not writable, and PyTorch does not support non-writable tensors. This means writing to this tensor will result in undefined behavior. You may want to copy the array to protect its data or make it writable before converting it to a tensor. This type of warning will be suppressed for the rest of this program. (Triggered internally at /pytorch/torch/csrc/utils/tensor_numpy.cpp:213.)
  return {"imgs": torch.from_numpy(np.asarray(img)).permute(2, 0, 1).float() / 255.0,
/data/repo/code/data/fsc147.py:63: UserWarning: The given NumPy array is not writable, and PyTorch does not support non-writable tensors. This means writing to this tensor will result in undefined behavior. You may want to copy the array to protect its data or make it writable before converting it to a tensor. This type of warning will be suppressed for the rest of this program. (Triggered internally at /pytorch/torch/csrc/utils/tensor_numpy.cpp:213.)
  return {"imgs": torch.from_numpy(np.asarray(img)).permute(2, 0, 1).float() / 255.0,
/data/repo/code/data/fsc147.py:63: UserWarning: The given NumPy array is not writable, and PyTorch does not support non-writable tensors. This means writing to this tensor will result in undefined behavior. You may want to copy the array to protect its data or make it writable before converting it to a tensor. This type of warning will be suppressed for the rest of this program. (Triggered internally at /pytorch/torch/csrc/utils/tensor_numpy.cpp:213.)
  return {"imgs": torch.from_numpy(np.asarray(img)).permute(2, 0, 1).float() / 255.0,
/data/repo/code/data/fsc147.py:63: UserWarning: The given NumPy array is not writable, and PyTorch does not support non-writable tensors. This means writing to this tensor will result in undefined behavior. You may want to copy the array to protect its data or make it writable before converting it to a tensor. This type of warning will be suppressed for the rest of this program. (Triggered internally at /pytorch/torch/csrc/utils/tensor_numpy.cpp:213.)
  return {"imgs": torch.from_numpy(np.asarray(img)).permute(2, 0, 1).float() / 255.0,
/data/repo/code/data/fsc147.py:63: UserWarning: The given NumPy array is not writable, and PyTorch does not support non-writable tensors. This means writing to this tensor will result in undefined behavior. You may want to copy the array to protect its data or make it writable before converting it to a tensor. This type of warning will be suppressed for the rest of this program. (Triggered internally at /pytorch/torch/csrc/utils/tensor_numpy.cpp:213.)
  return {"imgs": torch.from_numpy(np.asarray(img)).permute(2, 0, 1).float() / 255.0,
RESULT {"node": "N0008_dino_xattn", "status": "running", "metrics": {"mae": 84.30575552031189, "rmse": 131.64504450397973, "best_mae": 84.30575552031189}, "timing": {"train_seconds": 746.3, "epochs_done": 21}, "diagnostics": {"oom": false}, "run_dir": "/data/runs/N0008_dino_xattn", "ts": "2026-08-23T11:05:36+0800"}
E021/30 loss=30.8047 MAE=84.306 RMSE=131.645 best=84.306 [746s] ***BEST
/data/repo/code/data/fsc147.py:63: UserWarning: The given NumPy array is not writable, and PyTorch does not support non-writable tensors. This means writing to this tensor will result in undefined behavior. You may want to copy the array to protect its data or make it writable before converting it to a tensor. This type of warning will be suppressed for the rest of this program. (Triggered internally at /pytorch/torch/csrc/utils/tensor_numpy.cpp:213.)
  return {"imgs": torch.from_numpy(np.asarray(img)).permute(2, 0, 1).float() / 255.0,
/data/repo/code/data/fsc147.py:63: UserWarning: The given NumPy array is not writable, and PyTorch does not support non-writable tensors. This means writing to this tensor will result in undefined behavior. You may want to copy the array to protect its data or make it writable before converting it to a tensor. This type of warning will be suppressed for the rest of this program. (Triggered internally at /pytorch/torch/csrc/utils/tensor_numpy.cpp:213.)
  return {"imgs": torch.from_numpy(np.asarray(img)).permute(2, 0, 1).float() / 255.0,
/data/repo/code/data/fsc147.py:63: UserWarning: The given NumPy array is not writable, and PyTorch does not support non-writable tensors. This means writing to this tensor will result in undefined behavior. You may want to copy the array to protect its data or make it writable before converting it to a tensor. This type of warning will be suppressed for the rest of this program. (Triggered internally at /pytorch/torch/csrc/utils/tensor_numpy.cpp:213.)
  return {"imgs": torch.from_numpy(np.asarray(img)).permute(2, 0, 1).float() / 255.0,
/data/repo/code/data/fsc147.py:63: UserWarning: The given NumPy array is not writable, and PyTorch does not support non-writable tensors. This means writing to this tensor will result in undefined behavior. You may want to copy the array to protect its data or make it writable before converting it to a tensor. This type of warning will be suppressed for the rest of this program. (Triggered internally at /pytorch/torch/csrc/utils/tensor_numpy.cpp:213.)
  return {"imgs": torch.from_numpy(np.asarray(img)).permute(2, 0, 1).float() / 255.0,
/data/repo/code/data/fsc147.py:63: UserWarning: The given NumPy array is not writable, and PyTorch does not support non-writable tensors. This means writing to this tensor will result in undefined behavior. You may want to copy the array to protect its data or make it writable before converting it to a tensor. This type of warning will be suppressed for the rest of this program. (Triggered internally at /pytorch/torch/csrc/utils/tensor_numpy.cpp:213.)
  return {"imgs": torch.from_numpy(np.asarray(img)).permute(2, 0, 1).float() / 255.0,
/data/repo/code/data/fsc147.py:63: UserWarning: The given NumPy array is not writable, and PyTorch does not support non-writable tensors. This means writing to this tensor will result in undefined behavior. You may want to copy the array to protect its data or make it writable before converting it to a tensor. This type of warning will be suppressed for the rest of this program. (Triggered internally at /pytorch/torch/csrc/utils/tensor_numpy.cpp:213.)
  return {"imgs": torch.from_numpy(np.asarray(img)).permute(2, 0, 1).float() / 255.0,
/data/repo/code/data/fsc147.py:63: UserWarning: The given NumPy array is not writable, and PyTorch does not support non-writable tensors. This means writing to this tensor will result in undefined behavior. You may want to copy the array to protect its data or make it writable before converting it to a tensor. This type of warning will be suppressed for the rest of this program. (Triggered internally at /pytorch/torch/csrc/utils/tensor_numpy.cpp:213.)
  return {"imgs": torch.from_numpy(np.asarray(img)).permute(2, 0, 1).float() / 255.0,
/data/repo/code/data/fsc147.py:63: UserWarning: The given NumPy array is not writable, and PyTorch does not support non-writable tensors. This means writing to this tensor will result in undefined behavior. You may want to copy the array to protect its data or make it writable before converting it to a tensor. This type of warning will be suppressed for the rest of this program. (Triggered internally at /pytorch/torch/csrc/utils/tensor_numpy.cpp:213.)
  return {"imgs": torch.from_numpy(np.asarray(img)).permute(2, 0, 1).float() / 255.0,
RESULT {"node": "N0008_dino_xattn", "status": "running", "metrics": {"mae": 71.84822850205109, "rmse": 129.49882530292996, "best_mae": 71.84822850205109}, "timing": {"train_seconds": 781.7, "epochs_done": 22}, "diagnostics": {"oom": false}, "run_dir": "/data/runs/N0008_dino_xattn", "ts": "2026-08-23T11:06:11+0800"}
E022/30 loss=23.3311 MAE=71.848 RMSE=129.499 best=71.848 [782s] ***BEST
/data/repo/code/data/fsc147.py:63: UserWarning: The given NumPy array is not writable, and PyTorch does not support non-writable tensors. This means writing to this tensor will result in undefined behavior. You may want to copy the array to protect its data or make it writable before converting it to a tensor. This type of warning will be suppressed for the rest of this program. (Triggered internally at /pytorch/torch/csrc/utils/tensor_numpy.cpp:213.)
  return {"imgs": torch.from_numpy(np.asarray(img)).permute(2, 0, 1).float() / 255.0,
/data/repo/code/data/fsc147.py:63: UserWarning: The given NumPy array is not writable, and PyTorch does not support non-writable tensors. This means writing to this tensor will result in undefined behavior. You may want to copy the array to protect its data or make it writable before converting it to a tensor. This type of warning will be suppressed for the rest of this program. (Triggered internally at /pytorch/torch/csrc/utils/tensor_numpy.cpp:213.)
  return {"imgs": torch.from_numpy(np.asarray(img)).permute(2, 0, 1).float() / 255.0,
/data/repo/code/data/fsc147.py:63: UserWarning: The given NumPy array is not writable, and PyTorch does not support non-writable tensors. This means writing to this tensor will result in undefined behavior. You may want to copy the array to protect its data or make it writable before converting it to a tensor. This type of warning will be suppressed for the rest of this program. (Triggered internally at /pytorch/torch/csrc/utils/tensor_numpy.cpp:213.)
  return {"imgs": torch.from_numpy(np.asarray(img)).permute(2, 0, 1).float() / 255.0,
/data/repo/code/data/fsc147.py:63: UserWarning: The given NumPy array is not writable, and PyTorch does not support non-writable tensors. This means writing to this tensor will result in undefined behavior. You may want to copy the array to protect its data or make it writable before converting it to a tensor. This type of warning will be suppressed for the rest of this program. (Triggered internally at /pytorch/torch/csrc/utils/tensor_numpy.cpp:213.)
  return {"imgs": torch.from_numpy(np.asarray(img)).permute(2, 0, 1).float() / 255.0,
/data/repo/code/data/fsc147.py:63: UserWarning: The given NumPy array is not writable, and PyTorch does not support non-writable tensors. This means writing to this tensor will result in undefined behavior. You may want to copy the array to protect its data or make it writable before converting it to a tensor. This type of warning will be suppressed for the rest of this program. (Triggered internally at /pytorch/torch/csrc/utils/tensor_numpy.cpp:213.)
  return {"imgs": torch.from_numpy(np.asarray(img)).permute(2, 0, 1).float() / 255.0,
/data/repo/code/data/fsc147.py:63: UserWarning: The given NumPy array is not writable, and PyTorch does not support non-writable tensors. This means writing to this tensor will result in undefined behavior. You may want to copy the array to protect its data or make it writable before converting it to a tensor. This type of warning will be suppressed for the rest of this program. (Triggered internally at /pytorch/torch/csrc/utils/tensor_numpy.cpp:213.)
  return {"imgs": torch.from_numpy(np.asarray(img)).permute(2, 0, 1).float() / 255.0,
/data/repo/code/data/fsc147.py:63: UserWarning: The given NumPy array is not writable, and PyTorch does not support non-writable tensors. This means writing to this tensor will result in undefined behavior. You may want to copy the array to protect its data or make it writable before converting it to a tensor. This type of warning will be suppressed for the rest of this program. (Triggered internally at /pytorch/torch/csrc/utils/tensor_numpy.cpp:213.)
  return {"imgs": torch.from_numpy(np.asarray(img)).permute(2, 0, 1).float() / 255.0,
/data/repo/code/data/fsc147.py:63: UserWarning: The given NumPy array is not writable, and PyTorch does not support non-writable tensors. This means writing to this tensor will result in undefined behavior. You may want to copy the array to protect its data or make it writable before converting it to a tensor. This type of warning will be suppressed for the rest of this program. (Triggered internally at /pytorch/torch/csrc/utils/tensor_numpy.cpp:213.)
  return {"imgs": torch.from_numpy(np.asarray(img)).permute(2, 0, 1).float() / 255.0,
RESULT {"node": "N0008_dino_xattn", "status": "running", "metrics": {"mae": 67.3323962032146, "rmse": 118.62563053726812, "best_mae": 67.3323962032146}, "timing": {"train_seconds": 817.5, "epochs_done": 23}, "diagnostics": {"oom": false}, "run_dir": "/data/runs/N0008_dino_xattn", "ts": "2026-08-23T11:06:47+0800"}
E023/30 loss=19.2583 MAE=67.332 RMSE=118.626 best=67.332 [817s] ***BEST
/data/repo/code/data/fsc147.py:63: UserWarning: The given NumPy array is not writable, and PyTorch does not support non-writable tensors. This means writing to this tensor will result in undefined behavior. You may want to copy the array to protect its data or make it writable before converting it to a tensor. This type of warning will be suppressed for the rest of this program. (Triggered internally at /pytorch/torch/csrc/utils/tensor_numpy.cpp:213.)
  return {"imgs": torch.from_numpy(np.asarray(img)).permute(2, 0, 1).float() / 255.0,
/data/repo/code/data/fsc147.py:63: UserWarning: The given NumPy array is not writable, and PyTorch does not support non-writable tensors. This means writing to this tensor will result in undefined behavior. You may want to copy the array to protect its data or make it writable before converting it to a tensor. This type of warning will be suppressed for the rest of this program. (Triggered internally at /pytorch/torch/csrc/utils/tensor_numpy.cpp:213.)
  return {"imgs": torch.from_numpy(np.asarray(img)).permute(2, 0, 1).float() / 255.0,
/data/repo/code/data/fsc147.py:63: UserWarning: The given NumPy array is not writable, and PyTorch does not support non-writable tensors. This means writing to this tensor will result in undefined behavior. You may want to copy the array to protect its data or make it writable before converting it to a tensor. This type of warning will be suppressed for the rest of this program. (Triggered internally at /pytorch/torch/csrc/utils/tensor_numpy.cpp:213.)
  return {"imgs": torch.from_numpy(np.asarray(img)).permute(2, 0, 1).float() / 255.0,
/data/repo/code/data/fsc147.py:63: UserWarning: The given NumPy array is not writable, and PyTorch does not support non-writable tensors. This means writing to this tensor will result in undefined behavior. You may want to copy the array to protect its data or make it writable before converting it to a tensor. This type of warning will be suppressed for the rest of this program. (Triggered internally at /pytorch/torch/csrc/utils/tensor_numpy.cpp:213.)
  return {"imgs": torch.from_numpy(np.asarray(img)).permute(2, 0, 1).float() / 255.0,
/data/repo/code/data/fsc147.py:63: UserWarning: The given NumPy array is not writable, and PyTorch does not support non-writable tensors. This means writing to this tensor will result in undefined behavior. You may want to copy the array to protect its data or make it writable before converting it to a tensor. This type of warning will be suppressed for the rest of this program. (Triggered internally at /pytorch/torch/csrc/utils/tensor_numpy.cpp:213.)
  return {"imgs": torch.from_numpy(np.asarray(img)).permute(2, 0, 1).float() / 255.0,
/data/repo/code/data/fsc147.py:63: UserWarning: The given NumPy array is not writable, and PyTorch does not support non-writable tensors. This means writing to this tensor will result in undefined behavior. You may want to copy the array to protect its data or make it writable before converting it to a tensor. This type of warning will be suppressed for the rest of this program. (Triggered internally at /pytorch/torch/csrc/utils/tensor_numpy.cpp:213.)
  return {"imgs": torch.from_numpy(np.asarray(img)).permute(2, 0, 1).float() / 255.0,
/data/repo/code/data/fsc147.py:63: UserWarning: The given NumPy array is not writable, and PyTorch does not support non-writable tensors. This means writing to this tensor will result in undefined behavior. You may want to copy the array to protect its data or make it writable before converting it to a tensor. This type of warning will be suppressed for the rest of this program. (Triggered internally at /pytorch/torch/csrc/utils/tensor_numpy.cpp:213.)
  return {"imgs": torch.from_numpy(np.asarray(img)).permute(2, 0, 1).float() / 255.0,
/data/repo/code/data/fsc147.py:63: UserWarning: The given NumPy array is not writable, and PyTorch does not support non-writable tensors. This means writing to this tensor will result in undefined behavior. You may want to copy the array to protect its data or make it writable before converting it to a tensor. This type of warning will be suppressed for the rest of this program. (Triggered internally at /pytorch/torch/csrc/utils/tensor_numpy.cpp:213.)
  return {"imgs": torch.from_numpy(np.asarray(img)).permute(2, 0, 1).float() / 255.0,
RESULT {"node": "N0008_dino_xattn", "status": "running", "metrics": {"mae": 62.35876649942591, "rmse": 121.98200895990031, "best_mae": 62.35876649942591}, "timing": {"train_seconds": 852.5, "epochs_done": 24}, "diagnostics": {"oom": false}, "run_dir": "/data/runs/N0008_dino_xattn", "ts": "2026-08-23T11:07:22+0800"}
E024/30 loss=16.4570 MAE=62.359 RMSE=121.982 best=62.359 [853s] ***BEST
/data/repo/code/data/fsc147.py:63: UserWarning: The given NumPy array is not writable, and PyTorch does not support non-writable tensors. This means writing to this tensor will result in undefined behavior. You may want to copy the array to protect its data or make it writable before converting it to a tensor. This type of warning will be suppressed for the rest of this program. (Triggered internally at /pytorch/torch/csrc/utils/tensor_numpy.cpp:213.)
  return {"imgs": torch.from_numpy(np.asarray(img)).permute(2, 0, 1).float() / 255.0,
/data/repo/code/data/fsc147.py:63: UserWarning: The given NumPy array is not writable, and PyTorch does not support non-writable tensors. This means writing to this tensor will result in undefined behavior. You may want to copy the array to protect its data or make it writable before converting it to a tensor. This type of warning will be suppressed for the rest of this program. (Triggered internally at /pytorch/torch/csrc/utils/tensor_numpy.cpp:213.)
  return {"imgs": torch.from_numpy(np.asarray(img)).permute(2, 0, 1).float() / 255.0,
/data/repo/code/data/fsc147.py:63: UserWarning: The given NumPy array is not writable, and PyTorch does not support non-writable tensors. This means writing to this tensor will result in undefined behavior. You may want to copy the array to protect its data or make it writable before converting it to a tensor. This type of warning will be suppressed for the rest of this program. (Triggered internally at /pytorch/torch/csrc/utils/tensor_numpy.cpp:213.)
  return {"imgs": torch.from_numpy(np.asarray(img)).permute(2, 0, 1).float() / 255.0,
/data/repo/code/data/fsc147.py:63: UserWarning: The given NumPy array is not writable, and PyTorch does not support non-writable tensors. This means writing to this tensor will result in undefined behavior. You may want to copy the array to protect its data or make it writable before converting it to a tensor. This type of warning will be suppressed for the rest of this program. (Triggered internally at /pytorch/torch/csrc/utils/tensor_numpy.cpp:213.)
  return {"imgs": torch.from_numpy(np.asarray(img)).permute(2, 0, 1).float() / 255.0,
/data/repo/code/data/fsc147.py:63: UserWarning: The given NumPy array is not writable, and PyTorch does not support non-writable tensors. This means writing to this tensor will result in undefined behavior. You may want to copy the array to protect its data or make it writable before converting it to a tensor. This type of warning will be suppressed for the rest of this program. (Triggered internally at /pytorch/torch/csrc/utils/tensor_numpy.cpp:213.)
  return {"imgs": torch.from_numpy(np.asarray(img)).permute(2, 0, 1).float() / 255.0,
/data/repo/code/data/fsc147.py:63: UserWarning: The given NumPy array is not writable, and PyTorch does not support non-writable tensors. This means writing to this tensor will result in undefined behavior. You may want to copy the array to protect its data or make it writable before converting it to a tensor. This type of warning will be suppressed for the rest of this program. (Triggered internally at /pytorch/torch/csrc/utils/tensor_numpy.cpp:213.)
  return {"imgs": torch.from_numpy(np.asarray(img)).permute(2, 0, 1).float() / 255.0,
/data/repo/code/data/fsc147.py:63: UserWarning: The given NumPy array is not writable, and PyTorch does not support non-writable tensors. This means writing to this tensor will result in undefined behavior. You may want to copy the array to protect its data or make it writable before converting it to a tensor. This type of warning will be suppressed for the rest of this program. (Triggered internally at /pytorch/torch/csrc/utils/tensor_numpy.cpp:213.)
  return {"imgs": torch.from_numpy(np.asarray(img)).permute(2, 0, 1).float() / 255.0,
/data/repo/code/data/fsc147.py:63: UserWarning: The given NumPy array is not writable, and PyTorch does not support non-writable tensors. This means writing to this tensor will result in undefined behavior. You may want to copy the array to protect its data or make it writable before converting it to a tensor. This type of warning will be suppressed for the rest of this program. (Triggered internally at /pytorch/torch/csrc/utils/tensor_numpy.cpp:213.)
  return {"imgs": torch.from_numpy(np.asarray(img)).permute(2, 0, 1).float() / 255.0,
RESULT {"node": "N0008_dino_xattn", "status": "running", "metrics": {"mae": 53.86250059563858, "rmse": 114.36873430880992, "best_mae": 53.86250059563858}, "timing": {"train_seconds": 887.0, "epochs_done": 25}, "diagnostics": {"oom": false}, "run_dir": "/data/runs/N0008_dino_xattn", "ts": "2026-08-23T11:07:57+0800"}
E025/30 loss=14.0262 MAE=53.863 RMSE=114.369 best=53.863 [887s] ***BEST
/data/repo/code/data/fsc147.py:63: UserWarning: The given NumPy array is not writable, and PyTorch does not support non-writable tensors. This means writing to this tensor will result in undefined behavior. You may want to copy the array to protect its data or make it writable before converting it to a tensor. This type of warning will be suppressed for the rest of this program. (Triggered internally at /pytorch/torch/csrc/utils/tensor_numpy.cpp:213.)
  return {"imgs": torch.from_numpy(np.asarray(img)).permute(2, 0, 1).float() / 255.0,
/data/repo/code/data/fsc147.py:63: UserWarning: The given NumPy array is not writable, and PyTorch does not support non-writable tensors. This means writing to this tensor will result in undefined behavior. You may want to copy the array to protect its data or make it writable before converting it to a tensor. This type of warning will be suppressed for the rest of this program. (Triggered internally at /pytorch/torch/csrc/utils/tensor_numpy.cpp:213.)
  return {"imgs": torch.from_numpy(np.asarray(img)).permute(2, 0, 1).float() / 255.0,
/data/repo/code/data/fsc147.py:63: UserWarning: The given NumPy array is not writable, and PyTorch does not support non-writable tensors. This means writing to this tensor will result in undefined behavior. You may want to copy the array to protect its data or make it writable before converting it to a tensor. This type of warning will be suppressed for the rest of this program. (Triggered internally at /pytorch/torch/csrc/utils/tensor_numpy.cpp:213.)
  return {"imgs": torch.from_numpy(np.asarray(img)).permute(2, 0, 1).float() / 255.0,
/data/repo/code/data/fsc147.py:63: UserWarning: The given NumPy array is not writable, and PyTorch does not support non-writable tensors. This means writing to this tensor will result in undefined behavior. You may want to copy the array to protect its data or make it writable before converting it to a tensor. This type of warning will be suppressed for the rest of this program. (Triggered internally at /pytorch/torch/csrc/utils/tensor_numpy.cpp:213.)
  return {"imgs": torch.from_numpy(np.asarray(img)).permute(2, 0, 1).float() / 255.0,
/data/repo/code/data/fsc147.py:63: UserWarning: The given NumPy array is not writable, and PyTorch does not support non-writable tensors. This means writing to this tensor will result in undefined behavior. You may want to copy the array to protect its data or make it writable before converting it to a tensor. This type of warning will be suppressed for the rest of this program. (Triggered internally at /pytorch/torch/csrc/utils/tensor_numpy.cpp:213.)
  return {"imgs": torch.from_numpy(np.asarray(img)).permute(2, 0, 1).float() / 255.0,
/data/repo/code/data/fsc147.py:63: UserWarning: The given NumPy array is not writable, and PyTorch does not support non-writable tensors. This means writing to this tensor will result in undefined behavior. You may want to copy the array to protect its data or make it writable before converting it to a tensor. This type of warning will be suppressed for the rest of this program. (Triggered internally at /pytorch/torch/csrc/utils/tensor_numpy.cpp:213.)
  return {"imgs": torch.from_numpy(np.asarray(img)).permute(2, 0, 1).float() / 255.0,
/data/repo/code/data/fsc147.py:63: UserWarning: The given NumPy array is not writable, and PyTorch does not support non-writable tensors. This means writing to this tensor will result in undefined behavior. You may want to copy the array to protect its data or make it writable before converting it to a tensor. This type of warning will be suppressed for the rest of this program. (Triggered internally at /pytorch/torch/csrc/utils/tensor_numpy.cpp:213.)
  return {"imgs": torch.from_numpy(np.asarray(img)).permute(2, 0, 1).float() / 255.0,
/data/repo/code/data/fsc147.py:63: UserWarning: The given NumPy array is not writable, and PyTorch does not support non-writable tensors. This means writing to this tensor will result in undefined behavior. You may want to copy the array to protect its data or make it writable before converting it to a tensor. This type of warning will be suppressed for the rest of this program. (Triggered internally at /pytorch/torch/csrc/utils/tensor_numpy.cpp:213.)
  return {"imgs": torch.from_numpy(np.asarray(img)).permute(2, 0, 1).float() / 255.0,
RESULT {"node": "N0008_dino_xattn", "status": "running", "metrics": {"mae": 52.83055204329187, "rmse": 113.05303365459908, "best_mae": 52.83055204329187}, "timing": {"train_seconds": 921.9, "epochs_done": 26}, "diagnostics": {"oom": false}, "run_dir": "/data/runs/N0008_dino_xattn", "ts": "2026-08-23T11:08:32+0800"}
E026/30 loss=12.2843 MAE=52.831 RMSE=113.053 best=52.831 [922s] ***BEST
/data/repo/code/data/fsc147.py:63: UserWarning: The given NumPy array is not writable, and PyTorch does not support non-writable tensors. This means writing to this tensor will result in undefined behavior. You may want to copy the array to protect its data or make it writable before converting it to a tensor. This type of warning will be suppressed for the rest of this program. (Triggered internally at /pytorch/torch/csrc/utils/tensor_numpy.cpp:213.)
  return {"imgs": torch.from_numpy(np.asarray(img)).permute(2, 0, 1).float() / 255.0,
/data/repo/code/data/fsc147.py:63: UserWarning: The given NumPy array is not writable, and PyTorch does not support non-writable tensors. This means writing to this tensor will result in undefined behavior. You may want to copy the array to protect its data or make it writable before converting it to a tensor. This type of warning will be suppressed for the rest of this program. (Triggered internally at /pytorch/torch/csrc/utils/tensor_numpy.cpp:213.)
  return {"imgs": torch.from_numpy(np.asarray(img)).permute(2, 0, 1).float() / 255.0,
/data/repo/code/data/fsc147.py:63: UserWarning: The given NumPy array is not writable, and PyTorch does not support non-writable tensors. This means writing to this tensor will result in undefined behavior. You may want to copy the array to protect its data or make it writable before converting it to a tensor. This type of warning will be suppressed for the rest of this program. (Triggered internally at /pytorch/torch/csrc/utils/tensor_numpy.cpp:213.)
  return {"imgs": torch.from_numpy(np.asarray(img)).permute(2, 0, 1).float() / 255.0,
/data/repo/code/data/fsc147.py:63: UserWarning: The given NumPy array is not writable, and PyTorch does not support non-writable tensors. This means writing to this tensor will result in undefined behavior. You may want to copy the array to protect its data or make it writable before converting it to a tensor. This type of warning will be suppressed for the rest of this program. (Triggered internally at /pytorch/torch/csrc/utils/tensor_numpy.cpp:213.)
  return {"imgs": torch.from_numpy(np.asarray(img)).permute(2, 0, 1).float() / 255.0,
/data/repo/code/data/fsc147.py:63: UserWarning: The given NumPy array is not writable, and PyTorch does not support non-writable tensors. This means writing to this tensor will result in undefined behavior. You may want to copy the array to protect its data or make it writable before converting it to a tensor. This type of warning will be suppressed for the rest of this program. (Triggered internally at /pytorch/torch/csrc/utils/tensor_numpy.cpp:213.)
  return {"imgs": torch.from_numpy(np.asarray(img)).permute(2, 0, 1).float() / 255.0,
/data/repo/code/data/fsc147.py:63: UserWarning: The given NumPy array is not writable, and PyTorch does not support non-writable tensors. This means writing to this tensor will result in undefined behavior. You may want to copy the array to protect its data or make it writable before converting it to a tensor. This type of warning will be suppressed for the rest of this program. (Triggered internally at /pytorch/torch/csrc/utils/tensor_numpy.cpp:213.)
  return {"imgs": torch.from_numpy(np.asarray(img)).permute(2, 0, 1).float() / 255.0,
/data/repo/code/data/fsc147.py:63: UserWarning: The given NumPy array is not writable, and PyTorch does not support non-writable tensors. This means writing to this tensor will result in undefined behavior. You may want to copy the array to protect its data or make it writable before converting it to a tensor. This type of warning will be suppressed for the rest of this program. (Triggered internally at /pytorch/torch/csrc/utils/tensor_numpy.cpp:213.)
  return {"imgs": torch.from_numpy(np.asarray(img)).permute(2, 0, 1).float() / 255.0,
/data/repo/code/data/fsc147.py:63: UserWarning: The given NumPy array is not writable, and PyTorch does not support non-writable tensors. This means writing to this tensor will result in undefined behavior. You may want to copy the array to protect its data or make it writable before converting it to a tensor. This type of warning will be suppressed for the rest of this program. (Triggered internally at /pytorch/torch/csrc/utils/tensor_numpy.cpp:213.)
  return {"imgs": torch.from_numpy(np.asarray(img)).permute(2, 0, 1).float() / 255.0,
RESULT {"node": "N0008_dino_xattn", "status": "running", "metrics": {"mae": 49.488532735252086, "rmse": 110.85327696170242, "best_mae": 49.488532735252086}, "timing": {"train_seconds": 956.3, "epochs_done": 27}, "diagnostics": {"oom": false}, "run_dir": "/data/runs/N0008_dino_xattn", "ts": "2026-08-23T11:09:06+0800"}
E027/30 loss=10.7681 MAE=49.489 RMSE=110.853 best=49.489 [956s] ***BEST
/data/repo/code/data/fsc147.py:63: UserWarning: The given NumPy array is not writable, and PyTorch does not support non-writable tensors. This means writing to this tensor will result in undefined behavior. You may want to copy the array to protect its data or make it writable before converting it to a tensor. This type of warning will be suppressed for the rest of this program. (Triggered internally at /pytorch/torch/csrc/utils/tensor_numpy.cpp:213.)
  return {"imgs": torch.from_numpy(np.asarray(img)).permute(2, 0, 1).float() / 255.0,
/data/repo/code/data/fsc147.py:63: UserWarning: The given NumPy array is not writable, and PyTorch does not support non-writable tensors. This means writing to this tensor will result in undefined behavior. You may want to copy the array to protect its data or make it writable before converting it to a tensor. This type of warning will be suppressed for the rest of this program. (Triggered internally at /pytorch/torch/csrc/utils/tensor_numpy.cpp:213.)
  return {"imgs": torch.from_numpy(np.asarray(img)).permute(2, 0, 1).float() / 255.0,
/data/repo/code/data/fsc147.py:63: UserWarning: The given NumPy array is not writable, and PyTorch does not support non-writable tensors. This means writing to this tensor will result in undefined behavior. You may want to copy the array to protect its data or make it writable before converting it to a tensor. This type of warning will be suppressed for the rest of this program. (Triggered internally at /pytorch/torch/csrc/utils/tensor_numpy.cpp:213.)
  return {"imgs": torch.from_numpy(np.asarray(img)).permute(2, 0, 1).float() / 255.0,
/data/repo/code/data/fsc147.py:63: UserWarning: The given NumPy array is not writable, and PyTorch does not support non-writable tensors. This means writing to this tensor will result in undefined behavior. You may want to copy the array to protect its data or make it writable before converting it to a tensor. This type of warning will be suppressed for the rest of this program. (Triggered internally at /pytorch/torch/csrc/utils/tensor_numpy.cpp:213.)
  return {"imgs": torch.from_numpy(np.asarray(img)).permute(2, 0, 1).float() / 255.0,
/data/repo/code/data/fsc147.py:63: UserWarning: The given NumPy array is not writable, and PyTorch does not support non-writable tensors. This means writing to this tensor will result in undefined behavior. You may want to copy the array to protect its data or make it writable before converting it to a tensor. This type of warning will be suppressed for the rest of this program. (Triggered internally at /pytorch/torch/csrc/utils/tensor_numpy.cpp:213.)
  return {"imgs": torch.from_numpy(np.asarray(img)).permute(2, 0, 1).float() / 255.0,
/data/repo/code/data/fsc147.py:63: UserWarning: The given NumPy array is not writable, and PyTorch does not support non-writable tensors. This means writing to this tensor will result in undefined behavior. You may want to copy the array to protect its data or make it writable before converting it to a tensor. This type of warning will be suppressed for the rest of this program. (Triggered internally at /pytorch/torch/csrc/utils/tensor_numpy.cpp:213.)
  return {"imgs": torch.from_numpy(np.asarray(img)).permute(2, 0, 1).float() / 255.0,
/data/repo/code/data/fsc147.py:63: UserWarning: The given NumPy array is not writable, and PyTorch does not support non-writable tensors. This means writing to this tensor will result in undefined behavior. You may want to copy the array to protect its data or make it writable before converting it to a tensor. This type of warning will be suppressed for the rest of this program. (Triggered internally at /pytorch/torch/csrc/utils/tensor_numpy.cpp:213.)
  return {"imgs": torch.from_numpy(np.asarray(img)).permute(2, 0, 1).float() / 255.0,
/data/repo/code/data/fsc147.py:63: UserWarning: The given NumPy array is not writable, and PyTorch does not support non-writable tensors. This means writing to this tensor will result in undefined behavior. You may want to copy the array to protect its data or make it writable before converting it to a tensor. This type of warning will be suppressed for the rest of this program. (Triggered internally at /pytorch/torch/csrc/utils/tensor_numpy.cpp:213.)
  return {"imgs": torch.from_numpy(np.asarray(img)).permute(2, 0, 1).float() / 255.0,
RESULT {"node": "N0008_dino_xattn", "status": "running", "metrics": {"mae": 47.2464708888883, "rmse": 109.10461859327097, "best_mae": 47.2464708888883}, "timing": {"train_seconds": 991.6, "epochs_done": 28}, "diagnostics": {"oom": false}, "run_dir": "/data/runs/N0008_dino_xattn", "ts": "2026-08-23T11:09:41+0800"}
E028/30 loss=10.0408 MAE=47.246 RMSE=109.105 best=47.246 [992s] ***BEST
/data/repo/code/data/fsc147.py:63: UserWarning: The given NumPy array is not writable, and PyTorch does not support non-writable tensors. This means writing to this tensor will result in undefined behavior. You may want to copy the array to protect its data or make it writable before converting it to a tensor. This type of warning will be suppressed for the rest of this program. (Triggered internally at /pytorch/torch/csrc/utils/tensor_numpy.cpp:213.)
  return {"imgs": torch.from_numpy(np.asarray(img)).permute(2, 0, 1).float() / 255.0,
/data/repo/code/data/fsc147.py:63: UserWarning: The given NumPy array is not writable, and PyTorch does not support non-writable tensors. This means writing to this tensor will result in undefined behavior. You may want to copy the array to protect its data or make it writable before converting it to a tensor. This type of warning will be suppressed for the rest of this program. (Triggered internally at /pytorch/torch/csrc/utils/tensor_numpy.cpp:213.)
  return {"imgs": torch.from_numpy(np.asarray(img)).permute(2, 0, 1).float() / 255.0,
/data/repo/code/data/fsc147.py:63: UserWarning: The given NumPy array is not writable, and PyTorch does not support non-writable tensors. This means writing to this tensor will result in undefined behavior. You may want to copy the array to protect its data or make it writable before converting it to a tensor. This type of warning will be suppressed for the rest of this program. (Triggered internally at /pytorch/torch/csrc/utils/tensor_numpy.cpp:213.)
  return {"imgs": torch.from_numpy(np.asarray(img)).permute(2, 0, 1).float() / 255.0,
/data/repo/code/data/fsc147.py:63: UserWarning: The given NumPy array is not writable, and PyTorch does not support non-writable tensors. This means writing to this tensor will result in undefined behavior. You may want to copy the array to protect its data or make it writable before converting it to a tensor. This type of warning will be suppressed for the rest of this program. (Triggered internally at /pytorch/torch/csrc/utils/tensor_numpy.cpp:213.)
  return {"imgs": torch.from_numpy(np.asarray(img)).permute(2, 0, 1).float() / 255.0,
/data/repo/code/data/fsc147.py:63: UserWarning: The given NumPy array is not writable, and PyTorch does not support non-writable tensors. This means writing to this tensor will result in undefined behavior. You may want to copy the array to protect its data or make it writable before converting it to a tensor. This type of warning will be suppressed for the rest of this program. (Triggered internally at /pytorch/torch/csrc/utils/tensor_numpy.cpp:213.)
  return {"imgs": torch.from_numpy(np.asarray(img)).permute(2, 0, 1).float() / 255.0,
/data/repo/code/data/fsc147.py:63: UserWarning: The given NumPy array is not writable, and PyTorch does not support non-writable tensors. This means writing to this tensor will result in undefined behavior. You may want to copy the array to protect its data or make it writable before converting it to a tensor. This type of warning will be suppressed for the rest of this program. (Triggered internally at /pytorch/torch/csrc/utils/tensor_numpy.cpp:213.)
  return {"imgs": torch.from_numpy(np.asarray(img)).permute(2, 0, 1).float() / 255.0,
/data/repo/code/data/fsc147.py:63: UserWarning: The given NumPy array is not writable, and PyTorch does not support non-writable tensors. This means writing to this tensor will result in undefined behavior. You may want to copy the array to protect its data or make it writable before converting it to a tensor. This type of warning will be suppressed for the rest of this program. (Triggered internally at /pytorch/torch/csrc/utils/tensor_numpy.cpp:213.)
  return {"imgs": torch.from_numpy(np.asarray(img)).permute(2, 0, 1).float() / 255.0,
/data/repo/code/data/fsc147.py:63: UserWarning: The given NumPy array is not writable, and PyTorch does not support non-writable tensors. This means writing to this tensor will result in undefined behavior. You may want to copy the array to protect its data or make it writable before converting it to a tensor. This type of warning will be suppressed for the rest of this program. (Triggered internally at /pytorch/torch/csrc/utils/tensor_numpy.cpp:213.)
  return {"imgs": torch.from_numpy(np.asarray(img)).permute(2, 0, 1).float() / 255.0,
RESULT {"node": "N0008_dino_xattn", "status": "running", "metrics": {"mae": 46.56253016755147, "rmse": 109.21874234492928, "best_mae": 46.56253016755147}, "timing": {"train_seconds": 1027.0, "epochs_done": 29}, "diagnostics": {"oom": false}, "run_dir": "/data/runs/N0008_dino_xattn", "ts": "2026-08-23T11:10:17+0800"}
E029/30 loss=8.9553 MAE=46.563 RMSE=109.219 best=46.563 [1027s] ***BEST
/data/repo/code/data/fsc147.py:63: UserWarning: The given NumPy array is not writable, and PyTorch does not support non-writable tensors. This means writing to this tensor will result in undefined behavior. You may want to copy the array to protect its data or make it writable before converting it to a tensor. This type of warning will be suppressed for the rest of this program. (Triggered internally at /pytorch/torch/csrc/utils/tensor_numpy.cpp:213.)
  return {"imgs": torch.from_numpy(np.asarray(img)).permute(2, 0, 1).float() / 255.0,
/data/repo/code/data/fsc147.py:63: UserWarning: The given NumPy array is not writable, and PyTorch does not support non-writable tensors. This means writing to this tensor will result in undefined behavior. You may want to copy the array to protect its data or make it writable before converting it to a tensor. This type of warning will be suppressed for the rest of this program. (Triggered internally at /pytorch/torch/csrc/utils/tensor_numpy.cpp:213.)
  return {"imgs": torch.from_numpy(np.asarray(img)).permute(2, 0, 1).float() / 255.0,
/data/repo/code/data/fsc147.py:63: UserWarning: The given NumPy array is not writable, and PyTorch does not support non-writable tensors. This means writing to this tensor will result in undefined behavior. You may want to copy the array to protect its data or make it writable before converting it to a tensor. This type of warning will be suppressed for the rest of this program. (Triggered internally at /pytorch/torch/csrc/utils/tensor_numpy.cpp:213.)
  return {"imgs": torch.from_numpy(np.asarray(img)).permute(2, 0, 1).float() / 255.0,
/data/repo/code/data/fsc147.py:63: UserWarning: The given NumPy array is not writable, and PyTorch does not support non-writable tensors. This means writing to this tensor will result in undefined behavior. You may want to copy the array to protect its data or make it writable before converting it to a tensor. This type of warning will be suppressed for the rest of this program. (Triggered internally at /pytorch/torch/csrc/utils/tensor_numpy.cpp:213.)
  return {"imgs": torch.from_numpy(np.asarray(img)).permute(2, 0, 1).float() / 255.0,
/data/repo/code/data/fsc147.py:63: UserWarning: The given NumPy array is not writable, and PyTorch does not support non-writable tensors. This means writing to this tensor will result in undefined behavior. You may want to copy the array to protect its data or make it writable before converting it to a tensor. This type of warning will be suppressed for the rest of this program. (Triggered internally at /pytorch/torch/csrc/utils/tensor_numpy.cpp:213.)
  return {"imgs": torch.from_numpy(np.asarray(img)).permute(2, 0, 1).float() / 255.0,
/data/repo/code/data/fsc147.py:63: UserWarning: The given NumPy array is not writable, and PyTorch does not support non-writable tensors. This means writing to this tensor will result in undefined behavior. You may want to copy the array to protect its data or make it writable before converting it to a tensor. This type of warning will be suppressed for the rest of this program. (Triggered internally at /pytorch/torch/csrc/utils/tensor_numpy.cpp:213.)
  return {"imgs": torch.from_numpy(np.asarray(img)).permute(2, 0, 1).float() / 255.0,
/data/repo/code/data/fsc147.py:63: UserWarning: The given NumPy array is not writable, and PyTorch does not support non-writable tensors. This means writing to this tensor will result in undefined behavior. You may want to copy the array to protect its data or make it writable before converting it to a tensor. This type of warning will be suppressed for the rest of this program. (Triggered internally at /pytorch/torch/csrc/utils/tensor_numpy.cpp:213.)
  return {"imgs": torch.from_numpy(np.asarray(img)).permute(2, 0, 1).float() / 255.0,
/data/repo/code/data/fsc147.py:63: UserWarning: The given NumPy array is not writable, and PyTorch does not support non-writable tensors. This means writing to this tensor will result in undefined behavior. You may want to copy the array to protect its data or make it writable before converting it to a tensor. This type of warning will be suppressed for the rest of this program. (Triggered internally at /pytorch/torch/csrc/utils/tensor_numpy.cpp:213.)
  return {"imgs": torch.from_numpy(np.asarray(img)).permute(2, 0, 1).float() / 255.0,
RESULT {"node": "N0008_dino_xattn", "status": "running", "metrics": {"mae": 46.62575250391271, "rmse": 109.00686409579248, "best_mae": 46.56253016755147}, "timing": {"train_seconds": 1062.6, "epochs_done": 30}, "diagnostics": {"oom": false}, "run_dir": "/data/runs/N0008_dino_xattn", "ts": "2026-08-23T11:10:52+0800"}
E030/30 loss=8.5758 MAE=46.626 RMSE=109.007 best=46.563 [1063s]
/data/repo/code/data/fsc147.py:63: UserWarning: The given NumPy array is not writable, and PyTorch does not support non-writable tensors. This means writing to this tensor will result in undefined behavior. You may want to copy the array to protect its data or make it writable before converting it to a tensor. This type of warning will be suppressed for the rest of this program. (Triggered internally at /pytorch/torch/csrc/utils/tensor_numpy.cpp:213.)
  return {"imgs": torch.from_numpy(np.asarray(img)).permute(2, 0, 1).float() / 255.0,
/data/repo/code/data/fsc147.py:63: UserWarning: The given NumPy array is not writable, and PyTorch does not support non-writable tensors. This means writing to this tensor will result in undefined behavior. You may want to copy the array to protect its data or make it writable before converting it to a tensor. This type of warning will be suppressed for the rest of this program. (Triggered internally at /pytorch/torch/csrc/utils/tensor_numpy.cpp:213.)
  return {"imgs": torch.from_numpy(np.asarray(img)).permute(2, 0, 1).float() / 255.0,
/data/repo/code/data/fsc147.py:63: UserWarning: The given NumPy array is not writable, and PyTorch does not support non-writable tensors. This means writing to this tensor will result in undefined behavior. You may want to copy the array to protect its data or make it writable before converting it to a tensor. This type of warning will be suppressed for the rest of this program. (Triggered internally at /pytorch/torch/csrc/utils/tensor_numpy.cpp:213.)
  return {"imgs": torch.from_numpy(np.asarray(img)).permute(2, 0, 1).float() / 255.0,
/data/repo/code/data/fsc147.py:63: UserWarning: The given NumPy array is not writable, and PyTorch does not support non-writable tensors. This means writing to this tensor will result in undefined behavior. You may want to copy the array to protect its data or make it writable before converting it to a tensor. This type of warning will be suppressed for the rest of this program. (Triggered internally at /pytorch/torch/csrc/utils/tensor_numpy.cpp:213.)
  return {"imgs": torch.from_numpy(np.asarray(img)).permute(2, 0, 1).float() / 255.0,
RESULT {"node": "N0008_dino_xattn", "status": "success", "metrics": {"mae": 46.62575250391271, "rmse": 109.00686409579248, "best_mae": 46.56253016755147}, "timing": {"train_seconds": 1076.5, "epochs_done": 30}, "diagnostics": {"oom": false, "instability": false, "smoke": false, "params_M": 24.15}, "run_dir": "/data/runs/N0008_dino_xattn", "ts": "2026-08-23T11:11:06+0800"}
[engine] done status=success best=46.563
