/data/repo/code/data/fsc147.py:63: UserWarning: The given NumPy array is not writable, and PyTorch does not support non-writable tensors. This means writing to this tensor will result in undefined behavior. You may want to copy the array to protect its data or make it writable before converting it to a tensor. This type of warning will be suppressed for the rest of this program. (Triggered internally at /pytorch/torch/csrc/utils/tensor_numpy.cpp:213.)
  return {"imgs": torch.from_numpy(np.asarray(img)).permute(2, 0, 1).float() / 255.0,
RESULT {"node": "N0010_dino_multilayer_long", "status": "running", "metrics": {"mae": 25.498831141606832, "rmse": 91.20210857004864, "best_mae": 25.498831141606832}, "timing": {"train_seconds": 419.7, "epochs_done": 13}, "diagnostics": {"oom": false}, "run_dir": "/data/runs/N0010_dino_multilayer_long", "ts": "2026-08-23T11:50:26+0800"}
E013/40 loss=14.3153 MAE=25.499 RMSE=91.202 best=25.499 [420s] ***BEST
/data/repo/code/data/fsc147.py:63: UserWarning: The given NumPy array is not writable, and PyTorch does not support non-writable tensors. This means writing to this tensor will result in undefined behavior. You may want to copy the array to protect its data or make it writable before converting it to a tensor. This type of warning will be suppressed for the rest of this program. (Triggered internally at /pytorch/torch/csrc/utils/tensor_numpy.cpp:213.)
  return {"imgs": torch.from_numpy(np.asarray(img)).permute(2, 0, 1).float() / 255.0,
/data/repo/code/data/fsc147.py:63: UserWarning: The given NumPy array is not writable, and PyTorch does not support non-writable tensors. This means writing to this tensor will result in undefined behavior. You may want to copy the array to protect its data or make it writable before converting it to a tensor. This type of warning will be suppressed for the rest of this program. (Triggered internally at /pytorch/torch/csrc/utils/tensor_numpy.cpp:213.)
  return {"imgs": torch.from_numpy(np.asarray(img)).permute(2, 0, 1).float() / 255.0,
/data/repo/code/data/fsc147.py:63: UserWarning: The given NumPy array is not writable, and PyTorch does not support non-writable tensors. This means writing to this tensor will result in undefined behavior. You may want to copy the array to protect its data or make it writable before converting it to a tensor. This type of warning will be suppressed for the rest of this program. (Triggered internally at /pytorch/torch/csrc/utils/tensor_numpy.cpp:213.)
  return {"imgs": torch.from_numpy(np.asarray(img)).permute(2, 0, 1).float() / 255.0,
/data/repo/code/data/fsc147.py:63: UserWarning: The given NumPy array is not writable, and PyTorch does not support non-writable tensors. This means writing to this tensor will result in undefined behavior. You may want to copy the array to protect its data or make it writable before converting it to a tensor. This type of warning will be suppressed for the rest of this program. (Triggered internally at /pytorch/torch/csrc/utils/tensor_numpy.cpp:213.)
  return {"imgs": torch.from_numpy(np.asarray(img)).permute(2, 0, 1).float() / 255.0,
/data/repo/code/data/fsc147.py:63: UserWarning: The given NumPy array is not writable, and PyTorch does not support non-writable tensors. This means writing to this tensor will result in undefined behavior. You may want to copy the array to protect its data or make it writable before converting it to a tensor. This type of warning will be suppressed for the rest of this program. (Triggered internally at /pytorch/torch/csrc/utils/tensor_numpy.cpp:213.)
  return {"imgs": torch.from_numpy(np.asarray(img)).permute(2, 0, 1).float() / 255.0,
/data/repo/code/data/fsc147.py:63: UserWarning: The given NumPy array is not writable, and PyTorch does not support non-writable tensors. This means writing to this tensor will result in undefined behavior. You may want to copy the array to protect its data or make it writable before converting it to a tensor. This type of warning will be suppressed for the rest of this program. (Triggered internally at /pytorch/torch/csrc/utils/tensor_numpy.cpp:213.)
  return {"imgs": torch.from_numpy(np.asarray(img)).permute(2, 0, 1).float() / 255.0,
/data/repo/code/data/fsc147.py:63: UserWarning: The given NumPy array is not writable, and PyTorch does not support non-writable tensors. This means writing to this tensor will result in undefined behavior. You may want to copy the array to protect its data or make it writable before converting it to a tensor. This type of warning will be suppressed for the rest of this program. (Triggered internally at /pytorch/torch/csrc/utils/tensor_numpy.cpp:213.)
  return {"imgs": torch.from_numpy(np.asarray(img)).permute(2, 0, 1).float() / 255.0,
/data/repo/code/data/fsc147.py:63: UserWarning: The given NumPy array is not writable, and PyTorch does not support non-writable tensors. This means writing to this tensor will result in undefined behavior. You may want to copy the array to protect its data or make it writable before converting it to a tensor. This type of warning will be suppressed for the rest of this program. (Triggered internally at /pytorch/torch/csrc/utils/tensor_numpy.cpp:213.)
  return {"imgs": torch.from_numpy(np.asarray(img)).permute(2, 0, 1).float() / 255.0,
RESULT {"node": "N0010_dino_multilayer_long", "status": "running", "metrics": {"mae": 26.506848809136944, "rmse": 86.0792906562858, "best_mae": 25.498831141606832}, "timing": {"train_seconds": 450.8, "epochs_done": 14}, "diagnostics": {"oom": false}, "run_dir": "/data/runs/N0010_dino_multilayer_long", "ts": "2026-08-23T11:50:57+0800"}
E014/40 loss=13.3203 MAE=26.507 RMSE=86.079 best=25.499 [451s]
/data/repo/code/data/fsc147.py:63: UserWarning: The given NumPy array is not writable, and PyTorch does not support non-writable tensors. This means writing to this tensor will result in undefined behavior. You may want to copy the array to protect its data or make it writable before converting it to a tensor. This type of warning will be suppressed for the rest of this program. (Triggered internally at /pytorch/torch/csrc/utils/tensor_numpy.cpp:213.)
  return {"imgs": torch.from_numpy(np.asarray(img)).permute(2, 0, 1).float() / 255.0,
/data/repo/code/data/fsc147.py:63: UserWarning: The given NumPy array is not writable, and PyTorch does not support non-writable tensors. This means writing to this tensor will result in undefined behavior. You may want to copy the array to protect its data or make it writable before converting it to a tensor. This type of warning will be suppressed for the rest of this program. (Triggered internally at /pytorch/torch/csrc/utils/tensor_numpy.cpp:213.)
  return {"imgs": torch.from_numpy(np.asarray(img)).permute(2, 0, 1).float() / 255.0,
/data/repo/code/data/fsc147.py:63: UserWarning: The given NumPy array is not writable, and PyTorch does not support non-writable tensors. This means writing to this tensor will result in undefined behavior. You may want to copy the array to protect its data or make it writable before converting it to a tensor. This type of warning will be suppressed for the rest of this program. (Triggered internally at /pytorch/torch/csrc/utils/tensor_numpy.cpp:213.)
  return {"imgs": torch.from_numpy(np.asarray(img)).permute(2, 0, 1).float() / 255.0,
/data/repo/code/data/fsc147.py:63: UserWarning: The given NumPy array is not writable, and PyTorch does not support non-writable tensors. This means writing to this tensor will result in undefined behavior. You may want to copy the array to protect its data or make it writable before converting it to a tensor. This type of warning will be suppressed for the rest of this program. (Triggered internally at /pytorch/torch/csrc/utils/tensor_numpy.cpp:213.)
  return {"imgs": torch.from_numpy(np.asarray(img)).permute(2, 0, 1).float() / 255.0,
/data/repo/code/data/fsc147.py:63: UserWarning: The given NumPy array is not writable, and PyTorch does not support non-writable tensors. This means writing to this tensor will result in undefined behavior. You may want to copy the array to protect its data or make it writable before converting it to a tensor. This type of warning will be suppressed for the rest of this program. (Triggered internally at /pytorch/torch/csrc/utils/tensor_numpy.cpp:213.)
  return {"imgs": torch.from_numpy(np.asarray(img)).permute(2, 0, 1).float() / 255.0,
/data/repo/code/data/fsc147.py:63: UserWarning: The given NumPy array is not writable, and PyTorch does not support non-writable tensors. This means writing to this tensor will result in undefined behavior. You may want to copy the array to protect its data or make it writable before converting it to a tensor. This type of warning will be suppressed for the rest of this program. (Triggered internally at /pytorch/torch/csrc/utils/tensor_numpy.cpp:213.)
  return {"imgs": torch.from_numpy(np.asarray(img)).permute(2, 0, 1).float() / 255.0,
/data/repo/code/data/fsc147.py:63: UserWarning: The given NumPy array is not writable, and PyTorch does not support non-writable tensors. This means writing to this tensor will result in undefined behavior. You may want to copy the array to protect its data or make it writable before converting it to a tensor. This type of warning will be suppressed for the rest of this program. (Triggered internally at /pytorch/torch/csrc/utils/tensor_numpy.cpp:213.)
  return {"imgs": torch.from_numpy(np.asarray(img)).permute(2, 0, 1).float() / 255.0,
/data/repo/code/data/fsc147.py:63: UserWarning: The given NumPy array is not writable, and PyTorch does not support non-writable tensors. This means writing to this tensor will result in undefined behavior. You may want to copy the array to protect its data or make it writable before converting it to a tensor. This type of warning will be suppressed for the rest of this program. (Triggered internally at /pytorch/torch/csrc/utils/tensor_numpy.cpp:213.)
  return {"imgs": torch.from_numpy(np.asarray(img)).permute(2, 0, 1).float() / 255.0,
RESULT {"node": "N0010_dino_multilayer_long", "status": "running", "metrics": {"mae": 24.315400712412217, "rmse": 83.20473596921295, "best_mae": 24.315400712412217}, "timing": {"train_seconds": 482.1, "epochs_done": 15}, "diagnostics": {"oom": false}, "run_dir": "/data/runs/N0010_dino_multilayer_long", "ts": "2026-08-23T11:51:28+0800"}
E015/40 loss=12.7143 MAE=24.315 RMSE=83.205 best=24.315 [482s] ***BEST
/data/repo/code/data/fsc147.py:63: UserWarning: The given NumPy array is not writable, and PyTorch does not support non-writable tensors. This means writing to this tensor will result in undefined behavior. You may want to copy the array to protect its data or make it writable before converting it to a tensor. This type of warning will be suppressed for the rest of this program. (Triggered internally at /pytorch/torch/csrc/utils/tensor_numpy.cpp:213.)
  return {"imgs": torch.from_numpy(np.asarray(img)).permute(2, 0, 1).float() / 255.0,
/data/repo/code/data/fsc147.py:63: UserWarning: The given NumPy array is not writable, and PyTorch does not support non-writable tensors. This means writing to this tensor will result in undefined behavior. You may want to copy the array to protect its data or make it writable before converting it to a tensor. This type of warning will be suppressed for the rest of this program. (Triggered internally at /pytorch/torch/csrc/utils/tensor_numpy.cpp:213.)
  return {"imgs": torch.from_numpy(np.asarray(img)).permute(2, 0, 1).float() / 255.0,
/data/repo/code/data/fsc147.py:63: UserWarning: The given NumPy array is not writable, and PyTorch does not support non-writable tensors. This means writing to this tensor will result in undefined behavior. You may want to copy the array to protect its data or make it writable before converting it to a tensor. This type of warning will be suppressed for the rest of this program. (Triggered internally at /pytorch/torch/csrc/utils/tensor_numpy.cpp:213.)
  return {"imgs": torch.from_numpy(np.asarray(img)).permute(2, 0, 1).float() / 255.0,
/data/repo/code/data/fsc147.py:63: UserWarning: The given NumPy array is not writable, and PyTorch does not support non-writable tensors. This means writing to this tensor will result in undefined behavior. You may want to copy the array to protect its data or make it writable before converting it to a tensor. This type of warning will be suppressed for the rest of this program. (Triggered internally at /pytorch/torch/csrc/utils/tensor_numpy.cpp:213.)
  return {"imgs": torch.from_numpy(np.asarray(img)).permute(2, 0, 1).float() / 255.0,
/data/repo/code/data/fsc147.py:63: UserWarning: The given NumPy array is not writable, and PyTorch does not support non-writable tensors. This means writing to this tensor will result in undefined behavior. You may want to copy the array to protect its data or make it writable before converting it to a tensor. This type of warning will be suppressed for the rest of this program. (Triggered internally at /pytorch/torch/csrc/utils/tensor_numpy.cpp:213.)
  return {"imgs": torch.from_numpy(np.asarray(img)).permute(2, 0, 1).float() / 255.0,
/data/repo/code/data/fsc147.py:63: UserWarning: The given NumPy array is not writable, and PyTorch does not support non-writable tensors. This means writing to this tensor will result in undefined behavior. You may want to copy the array to protect its data or make it writable before converting it to a tensor. This type of warning will be suppressed for the rest of this program. (Triggered internally at /pytorch/torch/csrc/utils/tensor_numpy.cpp:213.)
  return {"imgs": torch.from_numpy(np.asarray(img)).permute(2, 0, 1).float() / 255.0,
/data/repo/code/data/fsc147.py:63: UserWarning: The given NumPy array is not writable, and PyTorch does not support non-writable tensors. This means writing to this tensor will result in undefined behavior. You may want to copy the array to protect its data or make it writable before converting it to a tensor. This type of warning will be suppressed for the rest of this program. (Triggered internally at /pytorch/torch/csrc/utils/tensor_numpy.cpp:213.)
  return {"imgs": torch.from_numpy(np.asarray(img)).permute(2, 0, 1).float() / 255.0,
/data/repo/code/data/fsc147.py:63: UserWarning: The given NumPy array is not writable, and PyTorch does not support non-writable tensors. This means writing to this tensor will result in undefined behavior. You may want to copy the array to protect its data or make it writable before converting it to a tensor. This type of warning will be suppressed for the rest of this program. (Triggered internally at /pytorch/torch/csrc/utils/tensor_numpy.cpp:213.)
  return {"imgs": torch.from_numpy(np.asarray(img)).permute(2, 0, 1).float() / 255.0,
RESULT {"node": "N0010_dino_multilayer_long", "status": "running", "metrics": {"mae": 25.684920578685183, "rmse": 89.80067321325235, "best_mae": 24.315400712412217}, "timing": {"train_seconds": 513.2, "epochs_done": 16}, "diagnostics": {"oom": false}, "run_dir": "/data/runs/N0010_dino_multilayer_long", "ts": "2026-08-23T11:51:59+0800"}
E016/40 loss=12.9792 MAE=25.685 RMSE=89.801 best=24.315 [513s]
/data/repo/code/data/fsc147.py:63: UserWarning: The given NumPy array is not writable, and PyTorch does not support non-writable tensors. This means writing to this tensor will result in undefined behavior. You may want to copy the array to protect its data or make it writable before converting it to a tensor. This type of warning will be suppressed for the rest of this program. (Triggered internally at /pytorch/torch/csrc/utils/tensor_numpy.cpp:213.)
  return {"imgs": torch.from_numpy(np.asarray(img)).permute(2, 0, 1).float() / 255.0,
/data/repo/code/data/fsc147.py:63: UserWarning: The given NumPy array is not writable, and PyTorch does not support non-writable tensors. This means writing to this tensor will result in undefined behavior. You may want to copy the array to protect its data or make it writable before converting it to a tensor. This type of warning will be suppressed for the rest of this program. (Triggered internally at /pytorch/torch/csrc/utils/tensor_numpy.cpp:213.)
  return {"imgs": torch.from_numpy(np.asarray(img)).permute(2, 0, 1).float() / 255.0,
/data/repo/code/data/fsc147.py:63: UserWarning: The given NumPy array is not writable, and PyTorch does not support non-writable tensors. This means writing to this tensor will result in undefined behavior. You may want to copy the array to protect its data or make it writable before converting it to a tensor. This type of warning will be suppressed for the rest of this program. (Triggered internally at /pytorch/torch/csrc/utils/tensor_numpy.cpp:213.)
  return {"imgs": torch.from_numpy(np.asarray(img)).permute(2, 0, 1).float() / 255.0,
/data/repo/code/data/fsc147.py:63: UserWarning: The given NumPy array is not writable, and PyTorch does not support non-writable tensors. This means writing to this tensor will result in undefined behavior. You may want to copy the array to protect its data or make it writable before converting it to a tensor. This type of warning will be suppressed for the rest of this program. (Triggered internally at /pytorch/torch/csrc/utils/tensor_numpy.cpp:213.)
  return {"imgs": torch.from_numpy(np.asarray(img)).permute(2, 0, 1).float() / 255.0,
/data/repo/code/data/fsc147.py:63: UserWarning: The given NumPy array is not writable, and PyTorch does not support non-writable tensors. This means writing to this tensor will result in undefined behavior. You may want to copy the array to protect its data or make it writable before converting it to a tensor. This type of warning will be suppressed for the rest of this program. (Triggered internally at /pytorch/torch/csrc/utils/tensor_numpy.cpp:213.)
  return {"imgs": torch.from_numpy(np.asarray(img)).permute(2, 0, 1).float() / 255.0,
/data/repo/code/data/fsc147.py:63: UserWarning: The given NumPy array is not writable, and PyTorch does not support non-writable tensors. This means writing to this tensor will result in undefined behavior. You may want to copy the array to protect its data or make it writable before converting it to a tensor. This type of warning will be suppressed for the rest of this program. (Triggered internally at /pytorch/torch/csrc/utils/tensor_numpy.cpp:213.)
  return {"imgs": torch.from_numpy(np.asarray(img)).permute(2, 0, 1).float() / 255.0,
/data/repo/code/data/fsc147.py:63: UserWarning: The given NumPy array is not writable, and PyTorch does not support non-writable tensors. This means writing to this tensor will result in undefined behavior. You may want to copy the array to protect its data or make it writable before converting it to a tensor. This type of warning will be suppressed for the rest of this program. (Triggered internally at /pytorch/torch/csrc/utils/tensor_numpy.cpp:213.)
  return {"imgs": torch.from_numpy(np.asarray(img)).permute(2, 0, 1).float() / 255.0,
/data/repo/code/data/fsc147.py:63: UserWarning: The given NumPy array is not writable, and PyTorch does not support non-writable tensors. This means writing to this tensor will result in undefined behavior. You may want to copy the array to protect its data or make it writable before converting it to a tensor. This type of warning will be suppressed for the rest of this program. (Triggered internally at /pytorch/torch/csrc/utils/tensor_numpy.cpp:213.)
  return {"imgs": torch.from_numpy(np.asarray(img)).permute(2, 0, 1).float() / 255.0,
RESULT {"node": "N0010_dino_multilayer_long", "status": "running", "metrics": {"mae": 24.75585022387942, "rmse": 82.97458895570865, "best_mae": 24.315400712412217}, "timing": {"train_seconds": 544.7, "epochs_done": 17}, "diagnostics": {"oom": false}, "run_dir": "/data/runs/N0010_dino_multilayer_long", "ts": "2026-08-23T11:52:31+0800"}
E017/40 loss=12.1948 MAE=24.756 RMSE=82.975 best=24.315 [545s]
/data/repo/code/data/fsc147.py:63: UserWarning: The given NumPy array is not writable, and PyTorch does not support non-writable tensors. This means writing to this tensor will result in undefined behavior. You may want to copy the array to protect its data or make it writable before converting it to a tensor. This type of warning will be suppressed for the rest of this program. (Triggered internally at /pytorch/torch/csrc/utils/tensor_numpy.cpp:213.)
  return {"imgs": torch.from_numpy(np.asarray(img)).permute(2, 0, 1).float() / 255.0,
/data/repo/code/data/fsc147.py:63: UserWarning: The given NumPy array is not writable, and PyTorch does not support non-writable tensors. This means writing to this tensor will result in undefined behavior. You may want to copy the array to protect its data or make it writable before converting it to a tensor. This type of warning will be suppressed for the rest of this program. (Triggered internally at /pytorch/torch/csrc/utils/tensor_numpy.cpp:213.)
  return {"imgs": torch.from_numpy(np.asarray(img)).permute(2, 0, 1).float() / 255.0,
/data/repo/code/data/fsc147.py:63: UserWarning: The given NumPy array is not writable, and PyTorch does not support non-writable tensors. This means writing to this tensor will result in undefined behavior. You may want to copy the array to protect its data or make it writable before converting it to a tensor. This type of warning will be suppressed for the rest of this program. (Triggered internally at /pytorch/torch/csrc/utils/tensor_numpy.cpp:213.)
  return {"imgs": torch.from_numpy(np.asarray(img)).permute(2, 0, 1).float() / 255.0,
/data/repo/code/data/fsc147.py:63: UserWarning: The given NumPy array is not writable, and PyTorch does not support non-writable tensors. This means writing to this tensor will result in undefined behavior. You may want to copy the array to protect its data or make it writable before converting it to a tensor. This type of warning will be suppressed for the rest of this program. (Triggered internally at /pytorch/torch/csrc/utils/tensor_numpy.cpp:213.)
  return {"imgs": torch.from_numpy(np.asarray(img)).permute(2, 0, 1).float() / 255.0,
/data/repo/code/data/fsc147.py:63: UserWarning: The given NumPy array is not writable, and PyTorch does not support non-writable tensors. This means writing to this tensor will result in undefined behavior. You may want to copy the array to protect its data or make it writable before converting it to a tensor. This type of warning will be suppressed for the rest of this program. (Triggered internally at /pytorch/torch/csrc/utils/tensor_numpy.cpp:213.)
  return {"imgs": torch.from_numpy(np.asarray(img)).permute(2, 0, 1).float() / 255.0,
/data/repo/code/data/fsc147.py:63: UserWarning: The given NumPy array is not writable, and PyTorch does not support non-writable tensors. This means writing to this tensor will result in undefined behavior. You may want to copy the array to protect its data or make it writable before converting it to a tensor. This type of warning will be suppressed for the rest of this program. (Triggered internally at /pytorch/torch/csrc/utils/tensor_numpy.cpp:213.)
  return {"imgs": torch.from_numpy(np.asarray(img)).permute(2, 0, 1).float() / 255.0,
/data/repo/code/data/fsc147.py:63: UserWarning: The given NumPy array is not writable, and PyTorch does not support non-writable tensors. This means writing to this tensor will result in undefined behavior. You may want to copy the array to protect its data or make it writable before converting it to a tensor. This type of warning will be suppressed for the rest of this program. (Triggered internally at /pytorch/torch/csrc/utils/tensor_numpy.cpp:213.)
  return {"imgs": torch.from_numpy(np.asarray(img)).permute(2, 0, 1).float() / 255.0,
/data/repo/code/data/fsc147.py:63: UserWarning: The given NumPy array is not writable, and PyTorch does not support non-writable tensors. This means writing to this tensor will result in undefined behavior. You may want to copy the array to protect its data or make it writable before converting it to a tensor. This type of warning will be suppressed for the rest of this program. (Triggered internally at /pytorch/torch/csrc/utils/tensor_numpy.cpp:213.)
  return {"imgs": torch.from_numpy(np.asarray(img)).permute(2, 0, 1).float() / 255.0,
RESULT {"node": "N0010_dino_multilayer_long", "status": "running", "metrics": {"mae": 25.51009560669562, "rmse": 87.811216138066, "best_mae": 24.315400712412217}, "timing": {"train_seconds": 575.6, "epochs_done": 18}, "diagnostics": {"oom": false}, "run_dir": "/data/runs/N0010_dino_multilayer_long", "ts": "2026-08-23T11:53:02+0800"}
E018/40 loss=13.4666 MAE=25.510 RMSE=87.811 best=24.315 [576s]
/data/repo/code/data/fsc147.py:63: UserWarning: The given NumPy array is not writable, and PyTorch does not support non-writable tensors. This means writing to this tensor will result in undefined behavior. You may want to copy the array to protect its data or make it writable before converting it to a tensor. This type of warning will be suppressed for the rest of this program. (Triggered internally at /pytorch/torch/csrc/utils/tensor_numpy.cpp:213.)
  return {"imgs": torch.from_numpy(np.asarray(img)).permute(2, 0, 1).float() / 255.0,
/data/repo/code/data/fsc147.py:63: UserWarning: The given NumPy array is not writable, and PyTorch does not support non-writable tensors. This means writing to this tensor will result in undefined behavior. You may want to copy the array to protect its data or make it writable before converting it to a tensor. This type of warning will be suppressed for the rest of this program. (Triggered internally at /pytorch/torch/csrc/utils/tensor_numpy.cpp:213.)
  return {"imgs": torch.from_numpy(np.asarray(img)).permute(2, 0, 1).float() / 255.0,
/data/repo/code/data/fsc147.py:63: UserWarning: The given NumPy array is not writable, and PyTorch does not support non-writable tensors. This means writing to this tensor will result in undefined behavior. You may want to copy the array to protect its data or make it writable before converting it to a tensor. This type of warning will be suppressed for the rest of this program. (Triggered internally at /pytorch/torch/csrc/utils/tensor_numpy.cpp:213.)
  return {"imgs": torch.from_numpy(np.asarray(img)).permute(2, 0, 1).float() / 255.0,
/data/repo/code/data/fsc147.py:63: UserWarning: The given NumPy array is not writable, and PyTorch does not support non-writable tensors. This means writing to this tensor will result in undefined behavior. You may want to copy the array to protect its data or make it writable before converting it to a tensor. This type of warning will be suppressed for the rest of this program. (Triggered internally at /pytorch/torch/csrc/utils/tensor_numpy.cpp:213.)
  return {"imgs": torch.from_numpy(np.asarray(img)).permute(2, 0, 1).float() / 255.0,
/data/repo/code/data/fsc147.py:63: UserWarning: The given NumPy array is not writable, and PyTorch does not support non-writable tensors. This means writing to this tensor will result in undefined behavior. You may want to copy the array to protect its data or make it writable before converting it to a tensor. This type of warning will be suppressed for the rest of this program. (Triggered internally at /pytorch/torch/csrc/utils/tensor_numpy.cpp:213.)
  return {"imgs": torch.from_numpy(np.asarray(img)).permute(2, 0, 1).float() / 255.0,
/data/repo/code/data/fsc147.py:63: UserWarning: The given NumPy array is not writable, and PyTorch does not support non-writable tensors. This means writing to this tensor will result in undefined behavior. You may want to copy the array to protect its data or make it writable before converting it to a tensor. This type of warning will be suppressed for the rest of this program. (Triggered internally at /pytorch/torch/csrc/utils/tensor_numpy.cpp:213.)
  return {"imgs": torch.from_numpy(np.asarray(img)).permute(2, 0, 1).float() / 255.0,
/data/repo/code/data/fsc147.py:63: UserWarning: The given NumPy array is not writable, and PyTorch does not support non-writable tensors. This means writing to this tensor will result in undefined behavior. You may want to copy the array to protect its data or make it writable before converting it to a tensor. This type of warning will be suppressed for the rest of this program. (Triggered internally at /pytorch/torch/csrc/utils/tensor_numpy.cpp:213.)
  return {"imgs": torch.from_numpy(np.asarray(img)).permute(2, 0, 1).float() / 255.0,
/data/repo/code/data/fsc147.py:63: UserWarning: The given NumPy array is not writable, and PyTorch does not support non-writable tensors. This means writing to this tensor will result in undefined behavior. You may want to copy the array to protect its data or make it writable before converting it to a tensor. This type of warning will be suppressed for the rest of this program. (Triggered internally at /pytorch/torch/csrc/utils/tensor_numpy.cpp:213.)
  return {"imgs": torch.from_numpy(np.asarray(img)).permute(2, 0, 1).float() / 255.0,
RESULT {"node": "N0010_dino_multilayer_long", "status": "running", "metrics": {"mae": 24.37629413085629, "rmse": 85.04460446580786, "best_mae": 24.315400712412217}, "timing": {"train_seconds": 606.9, "epochs_done": 19}, "diagnostics": {"oom": false}, "run_dir": "/data/runs/N0010_dino_multilayer_long", "ts": "2026-08-23T11:53:33+0800"}
E019/40 loss=12.7969 MAE=24.376 RMSE=85.045 best=24.315 [607s]
/data/repo/code/data/fsc147.py:63: UserWarning: The given NumPy array is not writable, and PyTorch does not support non-writable tensors. This means writing to this tensor will result in undefined behavior. You may want to copy the array to protect its data or make it writable before converting it to a tensor. This type of warning will be suppressed for the rest of this program. (Triggered internally at /pytorch/torch/csrc/utils/tensor_numpy.cpp:213.)
  return {"imgs": torch.from_numpy(np.asarray(img)).permute(2, 0, 1).float() / 255.0,
/data/repo/code/data/fsc147.py:63: UserWarning: The given NumPy array is not writable, and PyTorch does not support non-writable tensors. This means writing to this tensor will result in undefined behavior. You may want to copy the array to protect its data or make it writable before converting it to a tensor. This type of warning will be suppressed for the rest of this program. (Triggered internally at /pytorch/torch/csrc/utils/tensor_numpy.cpp:213.)
  return {"imgs": torch.from_numpy(np.asarray(img)).permute(2, 0, 1).float() / 255.0,
/data/repo/code/data/fsc147.py:63: UserWarning: The given NumPy array is not writable, and PyTorch does not support non-writable tensors. This means writing to this tensor will result in undefined behavior. You may want to copy the array to protect its data or make it writable before converting it to a tensor. This type of warning will be suppressed for the rest of this program. (Triggered internally at /pytorch/torch/csrc/utils/tensor_numpy.cpp:213.)
  return {"imgs": torch.from_numpy(np.asarray(img)).permute(2, 0, 1).float() / 255.0,
/data/repo/code/data/fsc147.py:63: UserWarning: The given NumPy array is not writable, and PyTorch does not support non-writable tensors. This means writing to this tensor will result in undefined behavior. You may want to copy the array to protect its data or make it writable before converting it to a tensor. This type of warning will be suppressed for the rest of this program. (Triggered internally at /pytorch/torch/csrc/utils/tensor_numpy.cpp:213.)
  return {"imgs": torch.from_numpy(np.asarray(img)).permute(2, 0, 1).float() / 255.0,
/data/repo/code/data/fsc147.py:63: UserWarning: The given NumPy array is not writable, and PyTorch does not support non-writable tensors. This means writing to this tensor will result in undefined behavior. You may want to copy the array to protect its data or make it writable before converting it to a tensor. This type of warning will be suppressed for the rest of this program. (Triggered internally at /pytorch/torch/csrc/utils/tensor_numpy.cpp:213.)
  return {"imgs": torch.from_numpy(np.asarray(img)).permute(2, 0, 1).float() / 255.0,
/data/repo/code/data/fsc147.py:63: UserWarning: The given NumPy array is not writable, and PyTorch does not support non-writable tensors. This means writing to this tensor will result in undefined behavior. You may want to copy the array to protect its data or make it writable before converting it to a tensor. This type of warning will be suppressed for the rest of this program. (Triggered internally at /pytorch/torch/csrc/utils/tensor_numpy.cpp:213.)
  return {"imgs": torch.from_numpy(np.asarray(img)).permute(2, 0, 1).float() / 255.0,
/data/repo/code/data/fsc147.py:63: UserWarning: The given NumPy array is not writable, and PyTorch does not support non-writable tensors. This means writing to this tensor will result in undefined behavior. You may want to copy the array to protect its data or make it writable before converting it to a tensor. This type of warning will be suppressed for the rest of this program. (Triggered internally at /pytorch/torch/csrc/utils/tensor_numpy.cpp:213.)
  return {"imgs": torch.from_numpy(np.asarray(img)).permute(2, 0, 1).float() / 255.0,
/data/repo/code/data/fsc147.py:63: UserWarning: The given NumPy array is not writable, and PyTorch does not support non-writable tensors. This means writing to this tensor will result in undefined behavior. You may want to copy the array to protect its data or make it writable before converting it to a tensor. This type of warning will be suppressed for the rest of this program. (Triggered internally at /pytorch/torch/csrc/utils/tensor_numpy.cpp:213.)
  return {"imgs": torch.from_numpy(np.asarray(img)).permute(2, 0, 1).float() / 255.0,
RESULT {"node": "N0010_dino_multilayer_long", "status": "running", "metrics": {"mae": 24.96067704012383, "rmse": 87.68437220143828, "best_mae": 24.315400712412217}, "timing": {"train_seconds": 638.0, "epochs_done": 20}, "diagnostics": {"oom": false}, "run_dir": "/data/runs/N0010_dino_multilayer_long", "ts": "2026-08-23T11:54:04+0800"}
E020/40 loss=12.0067 MAE=24.961 RMSE=87.684 best=24.315 [638s]
/data/repo/code/data/fsc147.py:63: UserWarning: The given NumPy array is not writable, and PyTorch does not support non-writable tensors. This means writing to this tensor will result in undefined behavior. You may want to copy the array to protect its data or make it writable before converting it to a tensor. This type of warning will be suppressed for the rest of this program. (Triggered internally at /pytorch/torch/csrc/utils/tensor_numpy.cpp:213.)
  return {"imgs": torch.from_numpy(np.asarray(img)).permute(2, 0, 1).float() / 255.0,
/data/repo/code/data/fsc147.py:63: UserWarning: The given NumPy array is not writable, and PyTorch does not support non-writable tensors. This means writing to this tensor will result in undefined behavior. You may want to copy the array to protect its data or make it writable before converting it to a tensor. This type of warning will be suppressed for the rest of this program. (Triggered internally at /pytorch/torch/csrc/utils/tensor_numpy.cpp:213.)
  return {"imgs": torch.from_numpy(np.asarray(img)).permute(2, 0, 1).float() / 255.0,
/data/repo/code/data/fsc147.py:63: UserWarning: The given NumPy array is not writable, and PyTorch does not support non-writable tensors. This means writing to this tensor will result in undefined behavior. You may want to copy the array to protect its data or make it writable before converting it to a tensor. This type of warning will be suppressed for the rest of this program. (Triggered internally at /pytorch/torch/csrc/utils/tensor_numpy.cpp:213.)
  return {"imgs": torch.from_numpy(np.asarray(img)).permute(2, 0, 1).float() / 255.0,
/data/repo/code/data/fsc147.py:63: UserWarning: The given NumPy array is not writable, and PyTorch does not support non-writable tensors. This means writing to this tensor will result in undefined behavior. You may want to copy the array to protect its data or make it writable before converting it to a tensor. This type of warning will be suppressed for the rest of this program. (Triggered internally at /pytorch/torch/csrc/utils/tensor_numpy.cpp:213.)
  return {"imgs": torch.from_numpy(np.asarray(img)).permute(2, 0, 1).float() / 255.0,
/data/repo/code/data/fsc147.py:63: UserWarning: The given NumPy array is not writable, and PyTorch does not support non-writable tensors. This means writing to this tensor will result in undefined behavior. You may want to copy the array to protect its data or make it writable before converting it to a tensor. This type of warning will be suppressed for the rest of this program. (Triggered internally at /pytorch/torch/csrc/utils/tensor_numpy.cpp:213.)
  return {"imgs": torch.from_numpy(np.asarray(img)).permute(2, 0, 1).float() / 255.0,
/data/repo/code/data/fsc147.py:63: UserWarning: The given NumPy array is not writable, and PyTorch does not support non-writable tensors. This means writing to this tensor will result in undefined behavior. You may want to copy the array to protect its data or make it writable before converting it to a tensor. This type of warning will be suppressed for the rest of this program. (Triggered internally at /pytorch/torch/csrc/utils/tensor_numpy.cpp:213.)
  return {"imgs": torch.from_numpy(np.asarray(img)).permute(2, 0, 1).float() / 255.0,
/data/repo/code/data/fsc147.py:63: UserWarning: The given NumPy array is not writable, and PyTorch does not support non-writable tensors. This means writing to this tensor will result in undefined behavior. You may want to copy the array to protect its data or make it writable before converting it to a tensor. This type of warning will be suppressed for the rest of this program. (Triggered internally at /pytorch/torch/csrc/utils/tensor_numpy.cpp:213.)
  return {"imgs": torch.from_numpy(np.asarray(img)).permute(2, 0, 1).float() / 255.0,
/data/repo/code/data/fsc147.py:63: UserWarning: The given NumPy array is not writable, and PyTorch does not support non-writable tensors. This means writing to this tensor will result in undefined behavior. You may want to copy the array to protect its data or make it writable before converting it to a tensor. This type of warning will be suppressed for the rest of this program. (Triggered internally at /pytorch/torch/csrc/utils/tensor_numpy.cpp:213.)
  return {"imgs": torch.from_numpy(np.asarray(img)).permute(2, 0, 1).float() / 255.0,
RESULT {"node": "N0010_dino_multilayer_long", "status": "running", "metrics": {"mae": 23.704063310964298, "rmse": 80.45472582785837, "best_mae": 23.704063310964298}, "timing": {"train_seconds": 669.4, "epochs_done": 21}, "diagnostics": {"oom": false}, "run_dir": "/data/runs/N0010_dino_multilayer_long", "ts": "2026-08-23T11:54:35+0800"}
E021/40 loss=11.8377 MAE=23.704 RMSE=80.455 best=23.704 [669s] ***BEST
/data/repo/code/data/fsc147.py:63: UserWarning: The given NumPy array is not writable, and PyTorch does not support non-writable tensors. This means writing to this tensor will result in undefined behavior. You may want to copy the array to protect its data or make it writable before converting it to a tensor. This type of warning will be suppressed for the rest of this program. (Triggered internally at /pytorch/torch/csrc/utils/tensor_numpy.cpp:213.)
  return {"imgs": torch.from_numpy(np.asarray(img)).permute(2, 0, 1).float() / 255.0,
/data/repo/code/data/fsc147.py:63: UserWarning: The given NumPy array is not writable, and PyTorch does not support non-writable tensors. This means writing to this tensor will result in undefined behavior. You may want to copy the array to protect its data or make it writable before converting it to a tensor. This type of warning will be suppressed for the rest of this program. (Triggered internally at /pytorch/torch/csrc/utils/tensor_numpy.cpp:213.)
  return {"imgs": torch.from_numpy(np.asarray(img)).permute(2, 0, 1).float() / 255.0,
/data/repo/code/data/fsc147.py:63: UserWarning: The given NumPy array is not writable, and PyTorch does not support non-writable tensors. This means writing to this tensor will result in undefined behavior. You may want to copy the array to protect its data or make it writable before converting it to a tensor. This type of warning will be suppressed for the rest of this program. (Triggered internally at /pytorch/torch/csrc/utils/tensor_numpy.cpp:213.)
  return {"imgs": torch.from_numpy(np.asarray(img)).permute(2, 0, 1).float() / 255.0,
/data/repo/code/data/fsc147.py:63: UserWarning: The given NumPy array is not writable, and PyTorch does not support non-writable tensors. This means writing to this tensor will result in undefined behavior. You may want to copy the array to protect its data or make it writable before converting it to a tensor. This type of warning will be suppressed for the rest of this program. (Triggered internally at /pytorch/torch/csrc/utils/tensor_numpy.cpp:213.)
  return {"imgs": torch.from_numpy(np.asarray(img)).permute(2, 0, 1).float() / 255.0,
/data/repo/code/data/fsc147.py:63: UserWarning: The given NumPy array is not writable, and PyTorch does not support non-writable tensors. This means writing to this tensor will result in undefined behavior. You may want to copy the array to protect its data or make it writable before converting it to a tensor. This type of warning will be suppressed for the rest of this program. (Triggered internally at /pytorch/torch/csrc/utils/tensor_numpy.cpp:213.)
  return {"imgs": torch.from_numpy(np.asarray(img)).permute(2, 0, 1).float() / 255.0,
/data/repo/code/data/fsc147.py:63: UserWarning: The given NumPy array is not writable, and PyTorch does not support non-writable tensors. This means writing to this tensor will result in undefined behavior. You may want to copy the array to protect its data or make it writable before converting it to a tensor. This type of warning will be suppressed for the rest of this program. (Triggered internally at /pytorch/torch/csrc/utils/tensor_numpy.cpp:213.)
  return {"imgs": torch.from_numpy(np.asarray(img)).permute(2, 0, 1).float() / 255.0,
/data/repo/code/data/fsc147.py:63: UserWarning: The given NumPy array is not writable, and PyTorch does not support non-writable tensors. This means writing to this tensor will result in undefined behavior. You may want to copy the array to protect its data or make it writable before converting it to a tensor. This type of warning will be suppressed for the rest of this program. (Triggered internally at /pytorch/torch/csrc/utils/tensor_numpy.cpp:213.)
  return {"imgs": torch.from_numpy(np.asarray(img)).permute(2, 0, 1).float() / 255.0,
/data/repo/code/data/fsc147.py:63: UserWarning: The given NumPy array is not writable, and PyTorch does not support non-writable tensors. This means writing to this tensor will result in undefined behavior. You may want to copy the array to protect its data or make it writable before converting it to a tensor. This type of warning will be suppressed for the rest of this program. (Triggered internally at /pytorch/torch/csrc/utils/tensor_numpy.cpp:213.)
  return {"imgs": torch.from_numpy(np.asarray(img)).permute(2, 0, 1).float() / 255.0,
RESULT {"node": "N0010_dino_multilayer_long", "status": "running", "metrics": {"mae": 23.789470135702132, "rmse": 80.4796375796183, "best_mae": 23.704063310964298}, "timing": {"train_seconds": 700.6, "epochs_done": 22}, "diagnostics": {"oom": false}, "run_dir": "/data/runs/N0010_dino_multilayer_long", "ts": "2026-08-23T11:55:06+0800"}
E022/40 loss=11.3946 MAE=23.789 RMSE=80.480 best=23.704 [701s]
/data/repo/code/data/fsc147.py:63: UserWarning: The given NumPy array is not writable, and PyTorch does not support non-writable tensors. This means writing to this tensor will result in undefined behavior. You may want to copy the array to protect its data or make it writable before converting it to a tensor. This type of warning will be suppressed for the rest of this program. (Triggered internally at /pytorch/torch/csrc/utils/tensor_numpy.cpp:213.)
  return {"imgs": torch.from_numpy(np.asarray(img)).permute(2, 0, 1).float() / 255.0,
/data/repo/code/data/fsc147.py:63: UserWarning: The given NumPy array is not writable, and PyTorch does not support non-writable tensors. This means writing to this tensor will result in undefined behavior. You may want to copy the array to protect its data or make it writable before converting it to a tensor. This type of warning will be suppressed for the rest of this program. (Triggered internally at /pytorch/torch/csrc/utils/tensor_numpy.cpp:213.)
  return {"imgs": torch.from_numpy(np.asarray(img)).permute(2, 0, 1).float() / 255.0,
/data/repo/code/data/fsc147.py:63: UserWarning: The given NumPy array is not writable, and PyTorch does not support non-writable tensors. This means writing to this tensor will result in undefined behavior. You may want to copy the array to protect its data or make it writable before converting it to a tensor. This type of warning will be suppressed for the rest of this program. (Triggered internally at /pytorch/torch/csrc/utils/tensor_numpy.cpp:213.)
  return {"imgs": torch.from_numpy(np.asarray(img)).permute(2, 0, 1).float() / 255.0,
/data/repo/code/data/fsc147.py:63: UserWarning: The given NumPy array is not writable, and PyTorch does not support non-writable tensors. This means writing to this tensor will result in undefined behavior. You may want to copy the array to protect its data or make it writable before converting it to a tensor. This type of warning will be suppressed for the rest of this program. (Triggered internally at /pytorch/torch/csrc/utils/tensor_numpy.cpp:213.)
  return {"imgs": torch.from_numpy(np.asarray(img)).permute(2, 0, 1).float() / 255.0,
/data/repo/code/data/fsc147.py:63: UserWarning: The given NumPy array is not writable, and PyTorch does not support non-writable tensors. This means writing to this tensor will result in undefined behavior. You may want to copy the array to protect its data or make it writable before converting it to a tensor. This type of warning will be suppressed for the rest of this program. (Triggered internally at /pytorch/torch/csrc/utils/tensor_numpy.cpp:213.)
  return {"imgs": torch.from_numpy(np.asarray(img)).permute(2, 0, 1).float() / 255.0,
/data/repo/code/data/fsc147.py:63: UserWarning: The given NumPy array is not writable, and PyTorch does not support non-writable tensors. This means writing to this tensor will result in undefined behavior. You may want to copy the array to protect its data or make it writable before converting it to a tensor. This type of warning will be suppressed for the rest of this program. (Triggered internally at /pytorch/torch/csrc/utils/tensor_numpy.cpp:213.)
  return {"imgs": torch.from_numpy(np.asarray(img)).permute(2, 0, 1).float() / 255.0,
/data/repo/code/data/fsc147.py:63: UserWarning: The given NumPy array is not writable, and PyTorch does not support non-writable tensors. This means writing to this tensor will result in undefined behavior. You may want to copy the array to protect its data or make it writable before converting it to a tensor. This type of warning will be suppressed for the rest of this program. (Triggered internally at /pytorch/torch/csrc/utils/tensor_numpy.cpp:213.)
  return {"imgs": torch.from_numpy(np.asarray(img)).permute(2, 0, 1).float() / 255.0,
/data/repo/code/data/fsc147.py:63: UserWarning: The given NumPy array is not writable, and PyTorch does not support non-writable tensors. This means writing to this tensor will result in undefined behavior. You may want to copy the array to protect its data or make it writable before converting it to a tensor. This type of warning will be suppressed for the rest of this program. (Triggered internally at /pytorch/torch/csrc/utils/tensor_numpy.cpp:213.)
  return {"imgs": torch.from_numpy(np.asarray(img)).permute(2, 0, 1).float() / 255.0,
RESULT {"node": "N0010_dino_multilayer_long", "status": "running", "metrics": {"mae": 23.06355186643348, "rmse": 81.49329821586124, "best_mae": 23.06355186643348}, "timing": {"train_seconds": 732.3, "epochs_done": 23}, "diagnostics": {"oom": false}, "run_dir": "/data/runs/N0010_dino_multilayer_long", "ts": "2026-08-23T11:55:38+0800"}
E023/40 loss=10.5316 MAE=23.064 RMSE=81.493 best=23.064 [732s] ***BEST
/data/repo/code/data/fsc147.py:63: UserWarning: The given NumPy array is not writable, and PyTorch does not support non-writable tensors. This means writing to this tensor will result in undefined behavior. You may want to copy the array to protect its data or make it writable before converting it to a tensor. This type of warning will be suppressed for the rest of this program. (Triggered internally at /pytorch/torch/csrc/utils/tensor_numpy.cpp:213.)
  return {"imgs": torch.from_numpy(np.asarray(img)).permute(2, 0, 1).float() / 255.0,
/data/repo/code/data/fsc147.py:63: UserWarning: The given NumPy array is not writable, and PyTorch does not support non-writable tensors. This means writing to this tensor will result in undefined behavior. You may want to copy the array to protect its data or make it writable before converting it to a tensor. This type of warning will be suppressed for the rest of this program. (Triggered internally at /pytorch/torch/csrc/utils/tensor_numpy.cpp:213.)
  return {"imgs": torch.from_numpy(np.asarray(img)).permute(2, 0, 1).float() / 255.0,
/data/repo/code/data/fsc147.py:63: UserWarning: The given NumPy array is not writable, and PyTorch does not support non-writable tensors. This means writing to this tensor will result in undefined behavior. You may want to copy the array to protect its data or make it writable before converting it to a tensor. This type of warning will be suppressed for the rest of this program. (Triggered internally at /pytorch/torch/csrc/utils/tensor_numpy.cpp:213.)
  return {"imgs": torch.from_numpy(np.asarray(img)).permute(2, 0, 1).float() / 255.0,
/data/repo/code/data/fsc147.py:63: UserWarning: The given NumPy array is not writable, and PyTorch does not support non-writable tensors. This means writing to this tensor will result in undefined behavior. You may want to copy the array to protect its data or make it writable before converting it to a tensor. This type of warning will be suppressed for the rest of this program. (Triggered internally at /pytorch/torch/csrc/utils/tensor_numpy.cpp:213.)
  return {"imgs": torch.from_numpy(np.asarray(img)).permute(2, 0, 1).float() / 255.0,
/data/repo/code/data/fsc147.py:63: UserWarning: The given NumPy array is not writable, and PyTorch does not support non-writable tensors. This means writing to this tensor will result in undefined behavior. You may want to copy the array to protect its data or make it writable before converting it to a tensor. This type of warning will be suppressed for the rest of this program. (Triggered internally at /pytorch/torch/csrc/utils/tensor_numpy.cpp:213.)
  return {"imgs": torch.from_numpy(np.asarray(img)).permute(2, 0, 1).float() / 255.0,
/data/repo/code/data/fsc147.py:63: UserWarning: The given NumPy array is not writable, and PyTorch does not support non-writable tensors. This means writing to this tensor will result in undefined behavior. You may want to copy the array to protect its data or make it writable before converting it to a tensor. This type of warning will be suppressed for the rest of this program. (Triggered internally at /pytorch/torch/csrc/utils/tensor_numpy.cpp:213.)
  return {"imgs": torch.from_numpy(np.asarray(img)).permute(2, 0, 1).float() / 255.0,
/data/repo/code/data/fsc147.py:63: UserWarning: The given NumPy array is not writable, and PyTorch does not support non-writable tensors. This means writing to this tensor will result in undefined behavior. You may want to copy the array to protect its data or make it writable before converting it to a tensor. This type of warning will be suppressed for the rest of this program. (Triggered internally at /pytorch/torch/csrc/utils/tensor_numpy.cpp:213.)
  return {"imgs": torch.from_numpy(np.asarray(img)).permute(2, 0, 1).float() / 255.0,
/data/repo/code/data/fsc147.py:63: UserWarning: The given NumPy array is not writable, and PyTorch does not support non-writable tensors. This means writing to this tensor will result in undefined behavior. You may want to copy the array to protect its data or make it writable before converting it to a tensor. This type of warning will be suppressed for the rest of this program. (Triggered internally at /pytorch/torch/csrc/utils/tensor_numpy.cpp:213.)
  return {"imgs": torch.from_numpy(np.asarray(img)).permute(2, 0, 1).float() / 255.0,
RESULT {"node": "N0010_dino_multilayer_long", "status": "running", "metrics": {"mae": 23.33320619974685, "rmse": 81.39148414832135, "best_mae": 23.06355186643348}, "timing": {"train_seconds": 763.2, "epochs_done": 24}, "diagnostics": {"oom": false}, "run_dir": "/data/runs/N0010_dino_multilayer_long", "ts": "2026-08-23T11:56:09+0800"}
E024/40 loss=10.5491 MAE=23.333 RMSE=81.391 best=23.064 [763s]
/data/repo/code/data/fsc147.py:63: UserWarning: The given NumPy array is not writable, and PyTorch does not support non-writable tensors. This means writing to this tensor will result in undefined behavior. You may want to copy the array to protect its data or make it writable before converting it to a tensor. This type of warning will be suppressed for the rest of this program. (Triggered internally at /pytorch/torch/csrc/utils/tensor_numpy.cpp:213.)
  return {"imgs": torch.from_numpy(np.asarray(img)).permute(2, 0, 1).float() / 255.0,
/data/repo/code/data/fsc147.py:63: UserWarning: The given NumPy array is not writable, and PyTorch does not support non-writable tensors. This means writing to this tensor will result in undefined behavior. You may want to copy the array to protect its data or make it writable before converting it to a tensor. This type of warning will be suppressed for the rest of this program. (Triggered internally at /pytorch/torch/csrc/utils/tensor_numpy.cpp:213.)
  return {"imgs": torch.from_numpy(np.asarray(img)).permute(2, 0, 1).float() / 255.0,
/data/repo/code/data/fsc147.py:63: UserWarning: The given NumPy array is not writable, and PyTorch does not support non-writable tensors. This means writing to this tensor will result in undefined behavior. You may want to copy the array to protect its data or make it writable before converting it to a tensor. This type of warning will be suppressed for the rest of this program. (Triggered internally at /pytorch/torch/csrc/utils/tensor_numpy.cpp:213.)
  return {"imgs": torch.from_numpy(np.asarray(img)).permute(2, 0, 1).float() / 255.0,
/data/repo/code/data/fsc147.py:63: UserWarning: The given NumPy array is not writable, and PyTorch does not support non-writable tensors. This means writing to this tensor will result in undefined behavior. You may want to copy the array to protect its data or make it writable before converting it to a tensor. This type of warning will be suppressed for the rest of this program. (Triggered internally at /pytorch/torch/csrc/utils/tensor_numpy.cpp:213.)
  return {"imgs": torch.from_numpy(np.asarray(img)).permute(2, 0, 1).float() / 255.0,
/data/repo/code/data/fsc147.py:63: UserWarning: The given NumPy array is not writable, and PyTorch does not support non-writable tensors. This means writing to this tensor will result in undefined behavior. You may want to copy the array to protect its data or make it writable before converting it to a tensor. This type of warning will be suppressed for the rest of this program. (Triggered internally at /pytorch/torch/csrc/utils/tensor_numpy.cpp:213.)
  return {"imgs": torch.from_numpy(np.asarray(img)).permute(2, 0, 1).float() / 255.0,
/data/repo/code/data/fsc147.py:63: UserWarning: The given NumPy array is not writable, and PyTorch does not support non-writable tensors. This means writing to this tensor will result in undefined behavior. You may want to copy the array to protect its data or make it writable before converting it to a tensor. This type of warning will be suppressed for the rest of this program. (Triggered internally at /pytorch/torch/csrc/utils/tensor_numpy.cpp:213.)
  return {"imgs": torch.from_numpy(np.asarray(img)).permute(2, 0, 1).float() / 255.0,
/data/repo/code/data/fsc147.py:63: UserWarning: The given NumPy array is not writable, and PyTorch does not support non-writable tensors. This means writing to this tensor will result in undefined behavior. You may want to copy the array to protect its data or make it writable before converting it to a tensor. This type of warning will be suppressed for the rest of this program. (Triggered internally at /pytorch/torch/csrc/utils/tensor_numpy.cpp:213.)
  return {"imgs": torch.from_numpy(np.asarray(img)).permute(2, 0, 1).float() / 255.0,
/data/repo/code/data/fsc147.py:63: UserWarning: The given NumPy array is not writable, and PyTorch does not support non-writable tensors. This means writing to this tensor will result in undefined behavior. You may want to copy the array to protect its data or make it writable before converting it to a tensor. This type of warning will be suppressed for the rest of this program. (Triggered internally at /pytorch/torch/csrc/utils/tensor_numpy.cpp:213.)
  return {"imgs": torch.from_numpy(np.asarray(img)).permute(2, 0, 1).float() / 255.0,
RESULT {"node": "N0010_dino_multilayer_long", "status": "running", "metrics": {"mae": 23.47748861194213, "rmse": 82.1151094955707, "best_mae": 23.06355186643348}, "timing": {"train_seconds": 794.2, "epochs_done": 25}, "diagnostics": {"oom": false}, "run_dir": "/data/runs/N0010_dino_multilayer_long", "ts": "2026-08-23T11:56:40+0800"}
E025/40 loss=10.2277 MAE=23.477 RMSE=82.115 best=23.064 [794s]
/data/repo/code/data/fsc147.py:63: UserWarning: The given NumPy array is not writable, and PyTorch does not support non-writable tensors. This means writing to this tensor will result in undefined behavior. You may want to copy the array to protect its data or make it writable before converting it to a tensor. This type of warning will be suppressed for the rest of this program. (Triggered internally at /pytorch/torch/csrc/utils/tensor_numpy.cpp:213.)
  return {"imgs": torch.from_numpy(np.asarray(img)).permute(2, 0, 1).float() / 255.0,
/data/repo/code/data/fsc147.py:63: UserWarning: The given NumPy array is not writable, and PyTorch does not support non-writable tensors. This means writing to this tensor will result in undefined behavior. You may want to copy the array to protect its data or make it writable before converting it to a tensor. This type of warning will be suppressed for the rest of this program. (Triggered internally at /pytorch/torch/csrc/utils/tensor_numpy.cpp:213.)
  return {"imgs": torch.from_numpy(np.asarray(img)).permute(2, 0, 1).float() / 255.0,
/data/repo/code/data/fsc147.py:63: UserWarning: The given NumPy array is not writable, and PyTorch does not support non-writable tensors. This means writing to this tensor will result in undefined behavior. You may want to copy the array to protect its data or make it writable before converting it to a tensor. This type of warning will be suppressed for the rest of this program. (Triggered internally at /pytorch/torch/csrc/utils/tensor_numpy.cpp:213.)
  return {"imgs": torch.from_numpy(np.asarray(img)).permute(2, 0, 1).float() / 255.0,
/data/repo/code/data/fsc147.py:63: UserWarning: The given NumPy array is not writable, and PyTorch does not support non-writable tensors. This means writing to this tensor will result in undefined behavior. You may want to copy the array to protect its data or make it writable before converting it to a tensor. This type of warning will be suppressed for the rest of this program. (Triggered internally at /pytorch/torch/csrc/utils/tensor_numpy.cpp:213.)
  return {"imgs": torch.from_numpy(np.asarray(img)).permute(2, 0, 1).float() / 255.0,
/data/repo/code/data/fsc147.py:63: UserWarning: The given NumPy array is not writable, and PyTorch does not support non-writable tensors. This means writing to this tensor will result in undefined behavior. You may want to copy the array to protect its data or make it writable before converting it to a tensor. This type of warning will be suppressed for the rest of this program. (Triggered internally at /pytorch/torch/csrc/utils/tensor_numpy.cpp:213.)
  return {"imgs": torch.from_numpy(np.asarray(img)).permute(2, 0, 1).float() / 255.0,
/data/repo/code/data/fsc147.py:63: UserWarning: The given NumPy array is not writable, and PyTorch does not support non-writable tensors. This means writing to this tensor will result in undefined behavior. You may want to copy the array to protect its data or make it writable before converting it to a tensor. This type of warning will be suppressed for the rest of this program. (Triggered internally at /pytorch/torch/csrc/utils/tensor_numpy.cpp:213.)
  return {"imgs": torch.from_numpy(np.asarray(img)).permute(2, 0, 1).float() / 255.0,
/data/repo/code/data/fsc147.py:63: UserWarning: The given NumPy array is not writable, and PyTorch does not support non-writable tensors. This means writing to this tensor will result in undefined behavior. You may want to copy the array to protect its data or make it writable before converting it to a tensor. This type of warning will be suppressed for the rest of this program. (Triggered internally at /pytorch/torch/csrc/utils/tensor_numpy.cpp:213.)
  return {"imgs": torch.from_numpy(np.asarray(img)).permute(2, 0, 1).float() / 255.0,
/data/repo/code/data/fsc147.py:63: UserWarning: The given NumPy array is not writable, and PyTorch does not support non-writable tensors. This means writing to this tensor will result in undefined behavior. You may want to copy the array to protect its data or make it writable before converting it to a tensor. This type of warning will be suppressed for the rest of this program. (Triggered internally at /pytorch/torch/csrc/utils/tensor_numpy.cpp:213.)
  return {"imgs": torch.from_numpy(np.asarray(img)).permute(2, 0, 1).float() / 255.0,
RESULT {"node": "N0010_dino_multilayer_long", "status": "running", "metrics": {"mae": 21.531387326876818, "rmse": 75.90637392405739, "best_mae": 21.531387326876818}, "timing": {"train_seconds": 825.4, "epochs_done": 26}, "diagnostics": {"oom": false}, "run_dir": "/data/runs/N0010_dino_multilayer_long", "ts": "2026-08-23T11:57:11+0800"}
E026/40 loss=10.1906 MAE=21.531 RMSE=75.906 best=21.531 [825s] ***BEST
/data/repo/code/data/fsc147.py:63: UserWarning: The given NumPy array is not writable, and PyTorch does not support non-writable tensors. This means writing to this tensor will result in undefined behavior. You may want to copy the array to protect its data or make it writable before converting it to a tensor. This type of warning will be suppressed for the rest of this program. (Triggered internally at /pytorch/torch/csrc/utils/tensor_numpy.cpp:213.)
  return {"imgs": torch.from_numpy(np.asarray(img)).permute(2, 0, 1).float() / 255.0,
/data/repo/code/data/fsc147.py:63: UserWarning: The given NumPy array is not writable, and PyTorch does not support non-writable tensors. This means writing to this tensor will result in undefined behavior. You may want to copy the array to protect its data or make it writable before converting it to a tensor. This type of warning will be suppressed for the rest of this program. (Triggered internally at /pytorch/torch/csrc/utils/tensor_numpy.cpp:213.)
  return {"imgs": torch.from_numpy(np.asarray(img)).permute(2, 0, 1).float() / 255.0,
/data/repo/code/data/fsc147.py:63: UserWarning: The given NumPy array is not writable, and PyTorch does not support non-writable tensors. This means writing to this tensor will result in undefined behavior. You may want to copy the array to protect its data or make it writable before converting it to a tensor. This type of warning will be suppressed for the rest of this program. (Triggered internally at /pytorch/torch/csrc/utils/tensor_numpy.cpp:213.)
  return {"imgs": torch.from_numpy(np.asarray(img)).permute(2, 0, 1).float() / 255.0,
/data/repo/code/data/fsc147.py:63: UserWarning: The given NumPy array is not writable, and PyTorch does not support non-writable tensors. This means writing to this tensor will result in undefined behavior. You may want to copy the array to protect its data or make it writable before converting it to a tensor. This type of warning will be suppressed for the rest of this program. (Triggered internally at /pytorch/torch/csrc/utils/tensor_numpy.cpp:213.)
  return {"imgs": torch.from_numpy(np.asarray(img)).permute(2, 0, 1).float() / 255.0,
/data/repo/code/data/fsc147.py:63: UserWarning: The given NumPy array is not writable, and PyTorch does not support non-writable tensors. This means writing to this tensor will result in undefined behavior. You may want to copy the array to protect its data or make it writable before converting it to a tensor. This type of warning will be suppressed for the rest of this program. (Triggered internally at /pytorch/torch/csrc/utils/tensor_numpy.cpp:213.)
  return {"imgs": torch.from_numpy(np.asarray(img)).permute(2, 0, 1).float() / 255.0,
/data/repo/code/data/fsc147.py:63: UserWarning: The given NumPy array is not writable, and PyTorch does not support non-writable tensors. This means writing to this tensor will result in undefined behavior. You may want to copy the array to protect its data or make it writable before converting it to a tensor. This type of warning will be suppressed for the rest of this program. (Triggered internally at /pytorch/torch/csrc/utils/tensor_numpy.cpp:213.)
  return {"imgs": torch.from_numpy(np.asarray(img)).permute(2, 0, 1).float() / 255.0,
/data/repo/code/data/fsc147.py:63: UserWarning: The given NumPy array is not writable, and PyTorch does not support non-writable tensors. This means writing to this tensor will result in undefined behavior. You may want to copy the array to protect its data or make it writable before converting it to a tensor. This type of warning will be suppressed for the rest of this program. (Triggered internally at /pytorch/torch/csrc/utils/tensor_numpy.cpp:213.)
  return {"imgs": torch.from_numpy(np.asarray(img)).permute(2, 0, 1).float() / 255.0,
/data/repo/code/data/fsc147.py:63: UserWarning: The given NumPy array is not writable, and PyTorch does not support non-writable tensors. This means writing to this tensor will result in undefined behavior. You may want to copy the array to protect its data or make it writable before converting it to a tensor. This type of warning will be suppressed for the rest of this program. (Triggered internally at /pytorch/torch/csrc/utils/tensor_numpy.cpp:213.)
  return {"imgs": torch.from_numpy(np.asarray(img)).permute(2, 0, 1).float() / 255.0,
RESULT {"node": "N0010_dino_multilayer_long", "status": "running", "metrics": {"mae": 22.944169265486032, "rmse": 81.0367029792139, "best_mae": 21.531387326876818}, "timing": {"train_seconds": 856.4, "epochs_done": 27}, "diagnostics": {"oom": false}, "run_dir": "/data/runs/N0010_dino_multilayer_long", "ts": "2026-08-23T11:57:42+0800"}
E027/40 loss=9.6394 MAE=22.944 RMSE=81.037 best=21.531 [856s]
/data/repo/code/data/fsc147.py:63: UserWarning: The given NumPy array is not writable, and PyTorch does not support non-writable tensors. This means writing to this tensor will result in undefined behavior. You may want to copy the array to protect its data or make it writable before converting it to a tensor. This type of warning will be suppressed for the rest of this program. (Triggered internally at /pytorch/torch/csrc/utils/tensor_numpy.cpp:213.)
  return {"imgs": torch.from_numpy(np.asarray(img)).permute(2, 0, 1).float() / 255.0,
/data/repo/code/data/fsc147.py:63: UserWarning: The given NumPy array is not writable, and PyTorch does not support non-writable tensors. This means writing to this tensor will result in undefined behavior. You may want to copy the array to protect its data or make it writable before converting it to a tensor. This type of warning will be suppressed for the rest of this program. (Triggered internally at /pytorch/torch/csrc/utils/tensor_numpy.cpp:213.)
  return {"imgs": torch.from_numpy(np.asarray(img)).permute(2, 0, 1).float() / 255.0,
/data/repo/code/data/fsc147.py:63: UserWarning: The given NumPy array is not writable, and PyTorch does not support non-writable tensors. This means writing to this tensor will result in undefined behavior. You may want to copy the array to protect its data or make it writable before converting it to a tensor. This type of warning will be suppressed for the rest of this program. (Triggered internally at /pytorch/torch/csrc/utils/tensor_numpy.cpp:213.)
  return {"imgs": torch.from_numpy(np.asarray(img)).permute(2, 0, 1).float() / 255.0,
/data/repo/code/data/fsc147.py:63: UserWarning: The given NumPy array is not writable, and PyTorch does not support non-writable tensors. This means writing to this tensor will result in undefined behavior. You may want to copy the array to protect its data or make it writable before converting it to a tensor. This type of warning will be suppressed for the rest of this program. (Triggered internally at /pytorch/torch/csrc/utils/tensor_numpy.cpp:213.)
  return {"imgs": torch.from_numpy(np.asarray(img)).permute(2, 0, 1).float() / 255.0,
/data/repo/code/data/fsc147.py:63: UserWarning: The given NumPy array is not writable, and PyTorch does not support non-writable tensors. This means writing to this tensor will result in undefined behavior. You may want to copy the array to protect its data or make it writable before converting it to a tensor. This type of warning will be suppressed for the rest of this program. (Triggered internally at /pytorch/torch/csrc/utils/tensor_numpy.cpp:213.)
  return {"imgs": torch.from_numpy(np.asarray(img)).permute(2, 0, 1).float() / 255.0,
/data/repo/code/data/fsc147.py:63: UserWarning: The given NumPy array is not writable, and PyTorch does not support non-writable tensors. This means writing to this tensor will result in undefined behavior. You may want to copy the array to protect its data or make it writable before converting it to a tensor. This type of warning will be suppressed for the rest of this program. (Triggered internally at /pytorch/torch/csrc/utils/tensor_numpy.cpp:213.)
  return {"imgs": torch.from_numpy(np.asarray(img)).permute(2, 0, 1).float() / 255.0,
/data/repo/code/data/fsc147.py:63: UserWarning: The given NumPy array is not writable, and PyTorch does not support non-writable tensors. This means writing to this tensor will result in undefined behavior. You may want to copy the array to protect its data or make it writable before converting it to a tensor. This type of warning will be suppressed for the rest of this program. (Triggered internally at /pytorch/torch/csrc/utils/tensor_numpy.cpp:213.)
  return {"imgs": torch.from_numpy(np.asarray(img)).permute(2, 0, 1).float() / 255.0,
/data/repo/code/data/fsc147.py:63: UserWarning: The given NumPy array is not writable, and PyTorch does not support non-writable tensors. This means writing to this tensor will result in undefined behavior. You may want to copy the array to protect its data or make it writable before converting it to a tensor. This type of warning will be suppressed for the rest of this program. (Triggered internally at /pytorch/torch/csrc/utils/tensor_numpy.cpp:213.)
  return {"imgs": torch.from_numpy(np.asarray(img)).permute(2, 0, 1).float() / 255.0,
RESULT {"node": "N0010_dino_multilayer_long", "status": "running", "metrics": {"mae": 24.06113820350374, "rmse": 85.06682078336493, "best_mae": 21.531387326876818}, "timing": {"train_seconds": 887.5, "epochs_done": 28}, "diagnostics": {"oom": false}, "run_dir": "/data/runs/N0010_dino_multilayer_long", "ts": "2026-08-23T11:58:13+0800"}
E028/40 loss=9.4557 MAE=24.061 RMSE=85.067 best=21.531 [888s]
/data/repo/code/data/fsc147.py:63: UserWarning: The given NumPy array is not writable, and PyTorch does not support non-writable tensors. This means writing to this tensor will result in undefined behavior. You may want to copy the array to protect its data or make it writable before converting it to a tensor. This type of warning will be suppressed for the rest of this program. (Triggered internally at /pytorch/torch/csrc/utils/tensor_numpy.cpp:213.)
  return {"imgs": torch.from_numpy(np.asarray(img)).permute(2, 0, 1).float() / 255.0,
/data/repo/code/data/fsc147.py:63: UserWarning: The given NumPy array is not writable, and PyTorch does not support non-writable tensors. This means writing to this tensor will result in undefined behavior. You may want to copy the array to protect its data or make it writable before converting it to a tensor. This type of warning will be suppressed for the rest of this program. (Triggered internally at /pytorch/torch/csrc/utils/tensor_numpy.cpp:213.)
  return {"imgs": torch.from_numpy(np.asarray(img)).permute(2, 0, 1).float() / 255.0,
/data/repo/code/data/fsc147.py:63: UserWarning: The given NumPy array is not writable, and PyTorch does not support non-writable tensors. This means writing to this tensor will result in undefined behavior. You may want to copy the array to protect its data or make it writable before converting it to a tensor. This type of warning will be suppressed for the rest of this program. (Triggered internally at /pytorch/torch/csrc/utils/tensor_numpy.cpp:213.)
  return {"imgs": torch.from_numpy(np.asarray(img)).permute(2, 0, 1).float() / 255.0,
/data/repo/code/data/fsc147.py:63: UserWarning: The given NumPy array is not writable, and PyTorch does not support non-writable tensors. This means writing to this tensor will result in undefined behavior. You may want to copy the array to protect its data or make it writable before converting it to a tensor. This type of warning will be suppressed for the rest of this program. (Triggered internally at /pytorch/torch/csrc/utils/tensor_numpy.cpp:213.)
  return {"imgs": torch.from_numpy(np.asarray(img)).permute(2, 0, 1).float() / 255.0,
/data/repo/code/data/fsc147.py:63: UserWarning: The given NumPy array is not writable, and PyTorch does not support non-writable tensors. This means writing to this tensor will result in undefined behavior. You may want to copy the array to protect its data or make it writable before converting it to a tensor. This type of warning will be suppressed for the rest of this program. (Triggered internally at /pytorch/torch/csrc/utils/tensor_numpy.cpp:213.)
  return {"imgs": torch.from_numpy(np.asarray(img)).permute(2, 0, 1).float() / 255.0,
/data/repo/code/data/fsc147.py:63: UserWarning: The given NumPy array is not writable, and PyTorch does not support non-writable tensors. This means writing to this tensor will result in undefined behavior. You may want to copy the array to protect its data or make it writable before converting it to a tensor. This type of warning will be suppressed for the rest of this program. (Triggered internally at /pytorch/torch/csrc/utils/tensor_numpy.cpp:213.)
  return {"imgs": torch.from_numpy(np.asarray(img)).permute(2, 0, 1).float() / 255.0,
/data/repo/code/data/fsc147.py:63: UserWarning: The given NumPy array is not writable, and PyTorch does not support non-writable tensors. This means writing to this tensor will result in undefined behavior. You may want to copy the array to protect its data or make it writable before converting it to a tensor. This type of warning will be suppressed for the rest of this program. (Triggered internally at /pytorch/torch/csrc/utils/tensor_numpy.cpp:213.)
  return {"imgs": torch.from_numpy(np.asarray(img)).permute(2, 0, 1).float() / 255.0,
/data/repo/code/data/fsc147.py:63: UserWarning: The given NumPy array is not writable, and PyTorch does not support non-writable tensors. This means writing to this tensor will result in undefined behavior. You may want to copy the array to protect its data or make it writable before converting it to a tensor. This type of warning will be suppressed for the rest of this program. (Triggered internally at /pytorch/torch/csrc/utils/tensor_numpy.cpp:213.)
  return {"imgs": torch.from_numpy(np.asarray(img)).permute(2, 0, 1).float() / 255.0,
RESULT {"node": "N0010_dino_multilayer_long", "status": "running", "metrics": {"mae": 22.807374105112363, "rmse": 81.57427338514991, "best_mae": 21.531387326876818}, "timing": {"train_seconds": 918.6, "epochs_done": 29}, "diagnostics": {"oom": false}, "run_dir": "/data/runs/N0010_dino_multilayer_long", "ts": "2026-08-23T11:58:45+0800"}
E029/40 loss=9.3495 MAE=22.807 RMSE=81.574 best=21.531 [919s]
/data/repo/code/data/fsc147.py:63: UserWarning: The given NumPy array is not writable, and PyTorch does not support non-writable tensors. This means writing to this tensor will result in undefined behavior. You may want to copy the array to protect its data or make it writable before converting it to a tensor. This type of warning will be suppressed for the rest of this program. (Triggered internally at /pytorch/torch/csrc/utils/tensor_numpy.cpp:213.)
  return {"imgs": torch.from_numpy(np.asarray(img)).permute(2, 0, 1).float() / 255.0,
/data/repo/code/data/fsc147.py:63: UserWarning: The given NumPy array is not writable, and PyTorch does not support non-writable tensors. This means writing to this tensor will result in undefined behavior. You may want to copy the array to protect its data or make it writable before converting it to a tensor. This type of warning will be suppressed for the rest of this program. (Triggered internally at /pytorch/torch/csrc/utils/tensor_numpy.cpp:213.)
  return {"imgs": torch.from_numpy(np.asarray(img)).permute(2, 0, 1).float() / 255.0,
/data/repo/code/data/fsc147.py:63: UserWarning: The given NumPy array is not writable, and PyTorch does not support non-writable tensors. This means writing to this tensor will result in undefined behavior. You may want to copy the array to protect its data or make it writable before converting it to a tensor. This type of warning will be suppressed for the rest of this program. (Triggered internally at /pytorch/torch/csrc/utils/tensor_numpy.cpp:213.)
  return {"imgs": torch.from_numpy(np.asarray(img)).permute(2, 0, 1).float() / 255.0,
/data/repo/code/data/fsc147.py:63: UserWarning: The given NumPy array is not writable, and PyTorch does not support non-writable tensors. This means writing to this tensor will result in undefined behavior. You may want to copy the array to protect its data or make it writable before converting it to a tensor. This type of warning will be suppressed for the rest of this program. (Triggered internally at /pytorch/torch/csrc/utils/tensor_numpy.cpp:213.)
  return {"imgs": torch.from_numpy(np.asarray(img)).permute(2, 0, 1).float() / 255.0,
/data/repo/code/data/fsc147.py:63: UserWarning: The given NumPy array is not writable, and PyTorch does not support non-writable tensors. This means writing to this tensor will result in undefined behavior. You may want to copy the array to protect its data or make it writable before converting it to a tensor. This type of warning will be suppressed for the rest of this program. (Triggered internally at /pytorch/torch/csrc/utils/tensor_numpy.cpp:213.)
  return {"imgs": torch.from_numpy(np.asarray(img)).permute(2, 0, 1).float() / 255.0,
/data/repo/code/data/fsc147.py:63: UserWarning: The given NumPy array is not writable, and PyTorch does not support non-writable tensors. This means writing to this tensor will result in undefined behavior. You may want to copy the array to protect its data or make it writable before converting it to a tensor. This type of warning will be suppressed for the rest of this program. (Triggered internally at /pytorch/torch/csrc/utils/tensor_numpy.cpp:213.)
  return {"imgs": torch.from_numpy(np.asarray(img)).permute(2, 0, 1).float() / 255.0,
/data/repo/code/data/fsc147.py:63: UserWarning: The given NumPy array is not writable, and PyTorch does not support non-writable tensors. This means writing to this tensor will result in undefined behavior. You may want to copy the array to protect its data or make it writable before converting it to a tensor. This type of warning will be suppressed for the rest of this program. (Triggered internally at /pytorch/torch/csrc/utils/tensor_numpy.cpp:213.)
  return {"imgs": torch.from_numpy(np.asarray(img)).permute(2, 0, 1).float() / 255.0,
/data/repo/code/data/fsc147.py:63: UserWarning: The given NumPy array is not writable, and PyTorch does not support non-writable tensors. This means writing to this tensor will result in undefined behavior. You may want to copy the array to protect its data or make it writable before converting it to a tensor. This type of warning will be suppressed for the rest of this program. (Triggered internally at /pytorch/torch/csrc/utils/tensor_numpy.cpp:213.)
  return {"imgs": torch.from_numpy(np.asarray(img)).permute(2, 0, 1).float() / 255.0,
RESULT {"node": "N0010_dino_multilayer_long", "status": "running", "metrics": {"mae": 23.093616572360784, "rmse": 83.78488287075982, "best_mae": 21.531387326876818}, "timing": {"train_seconds": 949.7, "epochs_done": 30}, "diagnostics": {"oom": false}, "run_dir": "/data/runs/N0010_dino_multilayer_long", "ts": "2026-08-23T11:59:16+0800"}
E030/40 loss=9.1094 MAE=23.094 RMSE=83.785 best=21.531 [950s]
/data/repo/code/data/fsc147.py:63: UserWarning: The given NumPy array is not writable, and PyTorch does not support non-writable tensors. This means writing to this tensor will result in undefined behavior. You may want to copy the array to protect its data or make it writable before converting it to a tensor. This type of warning will be suppressed for the rest of this program. (Triggered internally at /pytorch/torch/csrc/utils/tensor_numpy.cpp:213.)
  return {"imgs": torch.from_numpy(np.asarray(img)).permute(2, 0, 1).float() / 255.0,
/data/repo/code/data/fsc147.py:63: UserWarning: The given NumPy array is not writable, and PyTorch does not support non-writable tensors. This means writing to this tensor will result in undefined behavior. You may want to copy the array to protect its data or make it writable before converting it to a tensor. This type of warning will be suppressed for the rest of this program. (Triggered internally at /pytorch/torch/csrc/utils/tensor_numpy.cpp:213.)
  return {"imgs": torch.from_numpy(np.asarray(img)).permute(2, 0, 1).float() / 255.0,
/data/repo/code/data/fsc147.py:63: UserWarning: The given NumPy array is not writable, and PyTorch does not support non-writable tensors. This means writing to this tensor will result in undefined behavior. You may want to copy the array to protect its data or make it writable before converting it to a tensor. This type of warning will be suppressed for the rest of this program. (Triggered internally at /pytorch/torch/csrc/utils/tensor_numpy.cpp:213.)
  return {"imgs": torch.from_numpy(np.asarray(img)).permute(2, 0, 1).float() / 255.0,
/data/repo/code/data/fsc147.py:63: UserWarning: The given NumPy array is not writable, and PyTorch does not support non-writable tensors. This means writing to this tensor will result in undefined behavior. You may want to copy the array to protect its data or make it writable before converting it to a tensor. This type of warning will be suppressed for the rest of this program. (Triggered internally at /pytorch/torch/csrc/utils/tensor_numpy.cpp:213.)
  return {"imgs": torch.from_numpy(np.asarray(img)).permute(2, 0, 1).float() / 255.0,
/data/repo/code/data/fsc147.py:63: UserWarning: The given NumPy array is not writable, and PyTorch does not support non-writable tensors. This means writing to this tensor will result in undefined behavior. You may want to copy the array to protect its data or make it writable before converting it to a tensor. This type of warning will be suppressed for the rest of this program. (Triggered internally at /pytorch/torch/csrc/utils/tensor_numpy.cpp:213.)
  return {"imgs": torch.from_numpy(np.asarray(img)).permute(2, 0, 1).float() / 255.0,
/data/repo/code/data/fsc147.py:63: UserWarning: The given NumPy array is not writable, and PyTorch does not support non-writable tensors. This means writing to this tensor will result in undefined behavior. You may want to copy the array to protect its data or make it writable before converting it to a tensor. This type of warning will be suppressed for the rest of this program. (Triggered internally at /pytorch/torch/csrc/utils/tensor_numpy.cpp:213.)
  return {"imgs": torch.from_numpy(np.asarray(img)).permute(2, 0, 1).float() / 255.0,
/data/repo/code/data/fsc147.py:63: UserWarning: The given NumPy array is not writable, and PyTorch does not support non-writable tensors. This means writing to this tensor will result in undefined behavior. You may want to copy the array to protect its data or make it writable before converting it to a tensor. This type of warning will be suppressed for the rest of this program. (Triggered internally at /pytorch/torch/csrc/utils/tensor_numpy.cpp:213.)
  return {"imgs": torch.from_numpy(np.asarray(img)).permute(2, 0, 1).float() / 255.0,
/data/repo/code/data/fsc147.py:63: UserWarning: The given NumPy array is not writable, and PyTorch does not support non-writable tensors. This means writing to this tensor will result in undefined behavior. You may want to copy the array to protect its data or make it writable before converting it to a tensor. This type of warning will be suppressed for the rest of this program. (Triggered internally at /pytorch/torch/csrc/utils/tensor_numpy.cpp:213.)
  return {"imgs": torch.from_numpy(np.asarray(img)).permute(2, 0, 1).float() / 255.0,
RESULT {"node": "N0010_dino_multilayer_long", "status": "running", "metrics": {"mae": 21.958215912986507, "rmse": 81.278840188107, "best_mae": 21.531387326876818}, "timing": {"train_seconds": 980.9, "epochs_done": 31}, "diagnostics": {"oom": false}, "run_dir": "/data/runs/N0010_dino_multilayer_long", "ts": "2026-08-23T11:59:47+0800"}
E031/40 loss=8.9345 MAE=21.958 RMSE=81.279 best=21.531 [981s]
/data/repo/code/data/fsc147.py:63: UserWarning: The given NumPy array is not writable, and PyTorch does not support non-writable tensors. This means writing to this tensor will result in undefined behavior. You may want to copy the array to protect its data or make it writable before converting it to a tensor. This type of warning will be suppressed for the rest of this program. (Triggered internally at /pytorch/torch/csrc/utils/tensor_numpy.cpp:213.)
  return {"imgs": torch.from_numpy(np.asarray(img)).permute(2, 0, 1).float() / 255.0,
/data/repo/code/data/fsc147.py:63: UserWarning: The given NumPy array is not writable, and PyTorch does not support non-writable tensors. This means writing to this tensor will result in undefined behavior. You may want to copy the array to protect its data or make it writable before converting it to a tensor. This type of warning will be suppressed for the rest of this program. (Triggered internally at /pytorch/torch/csrc/utils/tensor_numpy.cpp:213.)
  return {"imgs": torch.from_numpy(np.asarray(img)).permute(2, 0, 1).float() / 255.0,
/data/repo/code/data/fsc147.py:63: UserWarning: The given NumPy array is not writable, and PyTorch does not support non-writable tensors. This means writing to this tensor will result in undefined behavior. You may want to copy the array to protect its data or make it writable before converting it to a tensor. This type of warning will be suppressed for the rest of this program. (Triggered internally at /pytorch/torch/csrc/utils/tensor_numpy.cpp:213.)
  return {"imgs": torch.from_numpy(np.asarray(img)).permute(2, 0, 1).float() / 255.0,
/data/repo/code/data/fsc147.py:63: UserWarning: The given NumPy array is not writable, and PyTorch does not support non-writable tensors. This means writing to this tensor will result in undefined behavior. You may want to copy the array to protect its data or make it writable before converting it to a tensor. This type of warning will be suppressed for the rest of this program. (Triggered internally at /pytorch/torch/csrc/utils/tensor_numpy.cpp:213.)
  return {"imgs": torch.from_numpy(np.asarray(img)).permute(2, 0, 1).float() / 255.0,
/data/repo/code/data/fsc147.py:63: UserWarning: The given NumPy array is not writable, and PyTorch does not support non-writable tensors. This means writing to this tensor will result in undefined behavior. You may want to copy the array to protect its data or make it writable before converting it to a tensor. This type of warning will be suppressed for the rest of this program. (Triggered internally at /pytorch/torch/csrc/utils/tensor_numpy.cpp:213.)
  return {"imgs": torch.from_numpy(np.asarray(img)).permute(2, 0, 1).float() / 255.0,
/data/repo/code/data/fsc147.py:63: UserWarning: The given NumPy array is not writable, and PyTorch does not support non-writable tensors. This means writing to this tensor will result in undefined behavior. You may want to copy the array to protect its data or make it writable before converting it to a tensor. This type of warning will be suppressed for the rest of this program. (Triggered internally at /pytorch/torch/csrc/utils/tensor_numpy.cpp:213.)
  return {"imgs": torch.from_numpy(np.asarray(img)).permute(2, 0, 1).float() / 255.0,
/data/repo/code/data/fsc147.py:63: UserWarning: The given NumPy array is not writable, and PyTorch does not support non-writable tensors. This means writing to this tensor will result in undefined behavior. You may want to copy the array to protect its data or make it writable before converting it to a tensor. This type of warning will be suppressed for the rest of this program. (Triggered internally at /pytorch/torch/csrc/utils/tensor_numpy.cpp:213.)
  return {"imgs": torch.from_numpy(np.asarray(img)).permute(2, 0, 1).float() / 255.0,
/data/repo/code/data/fsc147.py:63: UserWarning: The given NumPy array is not writable, and PyTorch does not support non-writable tensors. This means writing to this tensor will result in undefined behavior. You may want to copy the array to protect its data or make it writable before converting it to a tensor. This type of warning will be suppressed for the rest of this program. (Triggered internally at /pytorch/torch/csrc/utils/tensor_numpy.cpp:213.)
  return {"imgs": torch.from_numpy(np.asarray(img)).permute(2, 0, 1).float() / 255.0,
RESULT {"node": "N0010_dino_multilayer_long", "status": "running", "metrics": {"mae": 22.284382953614134, "rmse": 81.8522378771365, "best_mae": 21.531387326876818}, "timing": {"train_seconds": 1012.0, "epochs_done": 32}, "diagnostics": {"oom": false}, "run_dir": "/data/runs/N0010_dino_multilayer_long", "ts": "2026-08-23T12:00:18+0800"}
E032/40 loss=8.5775 MAE=22.284 RMSE=81.852 best=21.531 [1012s]
/data/repo/code/data/fsc147.py:63: UserWarning: The given NumPy array is not writable, and PyTorch does not support non-writable tensors. This means writing to this tensor will result in undefined behavior. You may want to copy the array to protect its data or make it writable before converting it to a tensor. This type of warning will be suppressed for the rest of this program. (Triggered internally at /pytorch/torch/csrc/utils/tensor_numpy.cpp:213.)
  return {"imgs": torch.from_numpy(np.asarray(img)).permute(2, 0, 1).float() / 255.0,
/data/repo/code/data/fsc147.py:63: UserWarning: The given NumPy array is not writable, and PyTorch does not support non-writable tensors. This means writing to this tensor will result in undefined behavior. You may want to copy the array to protect its data or make it writable before converting it to a tensor. This type of warning will be suppressed for the rest of this program. (Triggered internally at /pytorch/torch/csrc/utils/tensor_numpy.cpp:213.)
  return {"imgs": torch.from_numpy(np.asarray(img)).permute(2, 0, 1).float() / 255.0,
/data/repo/code/data/fsc147.py:63: UserWarning: The given NumPy array is not writable, and PyTorch does not support non-writable tensors. This means writing to this tensor will result in undefined behavior. You may want to copy the array to protect its data or make it writable before converting it to a tensor. This type of warning will be suppressed for the rest of this program. (Triggered internally at /pytorch/torch/csrc/utils/tensor_numpy.cpp:213.)
  return {"imgs": torch.from_numpy(np.asarray(img)).permute(2, 0, 1).float() / 255.0,
/data/repo/code/data/fsc147.py:63: UserWarning: The given NumPy array is not writable, and PyTorch does not support non-writable tensors. This means writing to this tensor will result in undefined behavior. You may want to copy the array to protect its data or make it writable before converting it to a tensor. This type of warning will be suppressed for the rest of this program. (Triggered internally at /pytorch/torch/csrc/utils/tensor_numpy.cpp:213.)
  return {"imgs": torch.from_numpy(np.asarray(img)).permute(2, 0, 1).float() / 255.0,
/data/repo/code/data/fsc147.py:63: UserWarning: The given NumPy array is not writable, and PyTorch does not support non-writable tensors. This means writing to this tensor will result in undefined behavior. You may want to copy the array to protect its data or make it writable before converting it to a tensor. This type of warning will be suppressed for the rest of this program. (Triggered internally at /pytorch/torch/csrc/utils/tensor_numpy.cpp:213.)
  return {"imgs": torch.from_numpy(np.asarray(img)).permute(2, 0, 1).float() / 255.0,
/data/repo/code/data/fsc147.py:63: UserWarning: The given NumPy array is not writable, and PyTorch does not support non-writable tensors. This means writing to this tensor will result in undefined behavior. You may want to copy the array to protect its data or make it writable before converting it to a tensor. This type of warning will be suppressed for the rest of this program. (Triggered internally at /pytorch/torch/csrc/utils/tensor_numpy.cpp:213.)
  return {"imgs": torch.from_numpy(np.asarray(img)).permute(2, 0, 1).float() / 255.0,
/data/repo/code/data/fsc147.py:63: UserWarning: The given NumPy array is not writable, and PyTorch does not support non-writable tensors. This means writing to this tensor will result in undefined behavior. You may want to copy the array to protect its data or make it writable before converting it to a tensor. This type of warning will be suppressed for the rest of this program. (Triggered internally at /pytorch/torch/csrc/utils/tensor_numpy.cpp:213.)
  return {"imgs": torch.from_numpy(np.asarray(img)).permute(2, 0, 1).float() / 255.0,
/data/repo/code/data/fsc147.py:63: UserWarning: The given NumPy array is not writable, and PyTorch does not support non-writable tensors. This means writing to this tensor will result in undefined behavior. You may want to copy the array to protect its data or make it writable before converting it to a tensor. This type of warning will be suppressed for the rest of this program. (Triggered internally at /pytorch/torch/csrc/utils/tensor_numpy.cpp:213.)
  return {"imgs": torch.from_numpy(np.asarray(img)).permute(2, 0, 1).float() / 255.0,
RESULT {"node": "N0010_dino_multilayer_long", "status": "running", "metrics": {"mae": 22.188676954242712, "rmse": 80.98447174911934, "best_mae": 21.531387326876818}, "timing": {"train_seconds": 1043.0, "epochs_done": 33}, "diagnostics": {"oom": false}, "run_dir": "/data/runs/N0010_dino_multilayer_long", "ts": "2026-08-23T12:00:49+0800"}
E033/40 loss=8.5844 MAE=22.189 RMSE=80.984 best=21.531 [1043s]
/data/repo/code/data/fsc147.py:63: UserWarning: The given NumPy array is not writable, and PyTorch does not support non-writable tensors. This means writing to this tensor will result in undefined behavior. You may want to copy the array to protect its data or make it writable before converting it to a tensor. This type of warning will be suppressed for the rest of this program. (Triggered internally at /pytorch/torch/csrc/utils/tensor_numpy.cpp:213.)
  return {"imgs": torch.from_numpy(np.asarray(img)).permute(2, 0, 1).float() / 255.0,
/data/repo/code/data/fsc147.py:63: UserWarning: The given NumPy array is not writable, and PyTorch does not support non-writable tensors. This means writing to this tensor will result in undefined behavior. You may want to copy the array to protect its data or make it writable before converting it to a tensor. This type of warning will be suppressed for the rest of this program. (Triggered internally at /pytorch/torch/csrc/utils/tensor_numpy.cpp:213.)
  return {"imgs": torch.from_numpy(np.asarray(img)).permute(2, 0, 1).float() / 255.0,
/data/repo/code/data/fsc147.py:63: UserWarning: The given NumPy array is not writable, and PyTorch does not support non-writable tensors. This means writing to this tensor will result in undefined behavior. You may want to copy the array to protect its data or make it writable before converting it to a tensor. This type of warning will be suppressed for the rest of this program. (Triggered internally at /pytorch/torch/csrc/utils/tensor_numpy.cpp:213.)
  return {"imgs": torch.from_numpy(np.asarray(img)).permute(2, 0, 1).float() / 255.0,
/data/repo/code/data/fsc147.py:63: UserWarning: The given NumPy array is not writable, and PyTorch does not support non-writable tensors. This means writing to this tensor will result in undefined behavior. You may want to copy the array to protect its data or make it writable before converting it to a tensor. This type of warning will be suppressed for the rest of this program. (Triggered internally at /pytorch/torch/csrc/utils/tensor_numpy.cpp:213.)
  return {"imgs": torch.from_numpy(np.asarray(img)).permute(2, 0, 1).float() / 255.0,
/data/repo/code/data/fsc147.py:63: UserWarning: The given NumPy array is not writable, and PyTorch does not support non-writable tensors. This means writing to this tensor will result in undefined behavior. You may want to copy the array to protect its data or make it writable before converting it to a tensor. This type of warning will be suppressed for the rest of this program. (Triggered internally at /pytorch/torch/csrc/utils/tensor_numpy.cpp:213.)
  return {"imgs": torch.from_numpy(np.asarray(img)).permute(2, 0, 1).float() / 255.0,
/data/repo/code/data/fsc147.py:63: UserWarning: The given NumPy array is not writable, and PyTorch does not support non-writable tensors. This means writing to this tensor will result in undefined behavior. You may want to copy the array to protect its data or make it writable before converting it to a tensor. This type of warning will be suppressed for the rest of this program. (Triggered internally at /pytorch/torch/csrc/utils/tensor_numpy.cpp:213.)
  return {"imgs": torch.from_numpy(np.asarray(img)).permute(2, 0, 1).float() / 255.0,
/data/repo/code/data/fsc147.py:63: UserWarning: The given NumPy array is not writable, and PyTorch does not support non-writable tensors. This means writing to this tensor will result in undefined behavior. You may want to copy the array to protect its data or make it writable before converting it to a tensor. This type of warning will be suppressed for the rest of this program. (Triggered internally at /pytorch/torch/csrc/utils/tensor_numpy.cpp:213.)
  return {"imgs": torch.from_numpy(np.asarray(img)).permute(2, 0, 1).float() / 255.0,
/data/repo/code/data/fsc147.py:63: UserWarning: The given NumPy array is not writable, and PyTorch does not support non-writable tensors. This means writing to this tensor will result in undefined behavior. You may want to copy the array to protect its data or make it writable before converting it to a tensor. This type of warning will be suppressed for the rest of this program. (Triggered internally at /pytorch/torch/csrc/utils/tensor_numpy.cpp:213.)
  return {"imgs": torch.from_numpy(np.asarray(img)).permute(2, 0, 1).float() / 255.0,
RESULT {"node": "N0010_dino_multilayer_long", "status": "running", "metrics": {"mae": 22.270273678039505, "rmse": 81.8347316800285, "best_mae": 21.531387326876818}, "timing": {"train_seconds": 1074.2, "epochs_done": 34}, "diagnostics": {"oom": false}, "run_dir": "/data/runs/N0010_dino_multilayer_long", "ts": "2026-08-23T12:01:20+0800"}
E034/40 loss=8.3845 MAE=22.270 RMSE=81.835 best=21.531 [1074s]
/data/repo/code/data/fsc147.py:63: UserWarning: The given NumPy array is not writable, and PyTorch does not support non-writable tensors. This means writing to this tensor will result in undefined behavior. You may want to copy the array to protect its data or make it writable before converting it to a tensor. This type of warning will be suppressed for the rest of this program. (Triggered internally at /pytorch/torch/csrc/utils/tensor_numpy.cpp:213.)
  return {"imgs": torch.from_numpy(np.asarray(img)).permute(2, 0, 1).float() / 255.0,
/data/repo/code/data/fsc147.py:63: UserWarning: The given NumPy array is not writable, and PyTorch does not support non-writable tensors. This means writing to this tensor will result in undefined behavior. You may want to copy the array to protect its data or make it writable before converting it to a tensor. This type of warning will be suppressed for the rest of this program. (Triggered internally at /pytorch/torch/csrc/utils/tensor_numpy.cpp:213.)
  return {"imgs": torch.from_numpy(np.asarray(img)).permute(2, 0, 1).float() / 255.0,
/data/repo/code/data/fsc147.py:63: UserWarning: The given NumPy array is not writable, and PyTorch does not support non-writable tensors. This means writing to this tensor will result in undefined behavior. You may want to copy the array to protect its data or make it writable before converting it to a tensor. This type of warning will be suppressed for the rest of this program. (Triggered internally at /pytorch/torch/csrc/utils/tensor_numpy.cpp:213.)
  return {"imgs": torch.from_numpy(np.asarray(img)).permute(2, 0, 1).float() / 255.0,
/data/repo/code/data/fsc147.py:63: UserWarning: The given NumPy array is not writable, and PyTorch does not support non-writable tensors. This means writing to this tensor will result in undefined behavior. You may want to copy the array to protect its data or make it writable before converting it to a tensor. This type of warning will be suppressed for the rest of this program. (Triggered internally at /pytorch/torch/csrc/utils/tensor_numpy.cpp:213.)
  return {"imgs": torch.from_numpy(np.asarray(img)).permute(2, 0, 1).float() / 255.0,
/data/repo/code/data/fsc147.py:63: UserWarning: The given NumPy array is not writable, and PyTorch does not support non-writable tensors. This means writing to this tensor will result in undefined behavior. You may want to copy the array to protect its data or make it writable before converting it to a tensor. This type of warning will be suppressed for the rest of this program. (Triggered internally at /pytorch/torch/csrc/utils/tensor_numpy.cpp:213.)
  return {"imgs": torch.from_numpy(np.asarray(img)).permute(2, 0, 1).float() / 255.0,
/data/repo/code/data/fsc147.py:63: UserWarning: The given NumPy array is not writable, and PyTorch does not support non-writable tensors. This means writing to this tensor will result in undefined behavior. You may want to copy the array to protect its data or make it writable before converting it to a tensor. This type of warning will be suppressed for the rest of this program. (Triggered internally at /pytorch/torch/csrc/utils/tensor_numpy.cpp:213.)
  return {"imgs": torch.from_numpy(np.asarray(img)).permute(2, 0, 1).float() / 255.0,
/data/repo/code/data/fsc147.py:63: UserWarning: The given NumPy array is not writable, and PyTorch does not support non-writable tensors. This means writing to this tensor will result in undefined behavior. You may want to copy the array to protect its data or make it writable before converting it to a tensor. This type of warning will be suppressed for the rest of this program. (Triggered internally at /pytorch/torch/csrc/utils/tensor_numpy.cpp:213.)
  return {"imgs": torch.from_numpy(np.asarray(img)).permute(2, 0, 1).float() / 255.0,
/data/repo/code/data/fsc147.py:63: UserWarning: The given NumPy array is not writable, and PyTorch does not support non-writable tensors. This means writing to this tensor will result in undefined behavior. You may want to copy the array to protect its data or make it writable before converting it to a tensor. This type of warning will be suppressed for the rest of this program. (Triggered internally at /pytorch/torch/csrc/utils/tensor_numpy.cpp:213.)
  return {"imgs": torch.from_numpy(np.asarray(img)).permute(2, 0, 1).float() / 255.0,
RESULT {"node": "N0010_dino_multilayer_long", "status": "running", "metrics": {"mae": 22.37322922108889, "rmse": 81.16331959117686, "best_mae": 21.531387326876818}, "timing": {"train_seconds": 1105.4, "epochs_done": 35}, "diagnostics": {"oom": false}, "run_dir": "/data/runs/N0010_dino_multilayer_long", "ts": "2026-08-23T12:01:51+0800"}
E035/40 loss=8.1926 MAE=22.373 RMSE=81.163 best=21.531 [1105s]
/data/repo/code/data/fsc147.py:63: UserWarning: The given NumPy array is not writable, and PyTorch does not support non-writable tensors. This means writing to this tensor will result in undefined behavior. You may want to copy the array to protect its data or make it writable before converting it to a tensor. This type of warning will be suppressed for the rest of this program. (Triggered internally at /pytorch/torch/csrc/utils/tensor_numpy.cpp:213.)
  return {"imgs": torch.from_numpy(np.asarray(img)).permute(2, 0, 1).float() / 255.0,
/data/repo/code/data/fsc147.py:63: UserWarning: The given NumPy array is not writable, and PyTorch does not support non-writable tensors. This means writing to this tensor will result in undefined behavior. You may want to copy the array to protect its data or make it writable before converting it to a tensor. This type of warning will be suppressed for the rest of this program. (Triggered internally at /pytorch/torch/csrc/utils/tensor_numpy.cpp:213.)
  return {"imgs": torch.from_numpy(np.asarray(img)).permute(2, 0, 1).float() / 255.0,
/data/repo/code/data/fsc147.py:63: UserWarning: The given NumPy array is not writable, and PyTorch does not support non-writable tensors. This means writing to this tensor will result in undefined behavior. You may want to copy the array to protect its data or make it writable before converting it to a tensor. This type of warning will be suppressed for the rest of this program. (Triggered internally at /pytorch/torch/csrc/utils/tensor_numpy.cpp:213.)
  return {"imgs": torch.from_numpy(np.asarray(img)).permute(2, 0, 1).float() / 255.0,
/data/repo/code/data/fsc147.py:63: UserWarning: The given NumPy array is not writable, and PyTorch does not support non-writable tensors. This means writing to this tensor will result in undefined behavior. You may want to copy the array to protect its data or make it writable before converting it to a tensor. This type of warning will be suppressed for the rest of this program. (Triggered internally at /pytorch/torch/csrc/utils/tensor_numpy.cpp:213.)
  return {"imgs": torch.from_numpy(np.asarray(img)).permute(2, 0, 1).float() / 255.0,
/data/repo/code/data/fsc147.py:63: UserWarning: The given NumPy array is not writable, and PyTorch does not support non-writable tensors. This means writing to this tensor will result in undefined behavior. You may want to copy the array to protect its data or make it writable before converting it to a tensor. This type of warning will be suppressed for the rest of this program. (Triggered internally at /pytorch/torch/csrc/utils/tensor_numpy.cpp:213.)
  return {"imgs": torch.from_numpy(np.asarray(img)).permute(2, 0, 1).float() / 255.0,
/data/repo/code/data/fsc147.py:63: UserWarning: The given NumPy array is not writable, and PyTorch does not support non-writable tensors. This means writing to this tensor will result in undefined behavior. You may want to copy the array to protect its data or make it writable before converting it to a tensor. This type of warning will be suppressed for the rest of this program. (Triggered internally at /pytorch/torch/csrc/utils/tensor_numpy.cpp:213.)
  return {"imgs": torch.from_numpy(np.asarray(img)).permute(2, 0, 1).float() / 255.0,
/data/repo/code/data/fsc147.py:63: UserWarning: The given NumPy array is not writable, and PyTorch does not support non-writable tensors. This means writing to this tensor will result in undefined behavior. You may want to copy the array to protect its data or make it writable before converting it to a tensor. This type of warning will be suppressed for the rest of this program. (Triggered internally at /pytorch/torch/csrc/utils/tensor_numpy.cpp:213.)
  return {"imgs": torch.from_numpy(np.asarray(img)).permute(2, 0, 1).float() / 255.0,
/data/repo/code/data/fsc147.py:63: UserWarning: The given NumPy array is not writable, and PyTorch does not support non-writable tensors. This means writing to this tensor will result in undefined behavior. You may want to copy the array to protect its data or make it writable before converting it to a tensor. This type of warning will be suppressed for the rest of this program. (Triggered internally at /pytorch/torch/csrc/utils/tensor_numpy.cpp:213.)
  return {"imgs": torch.from_numpy(np.asarray(img)).permute(2, 0, 1).float() / 255.0,
RESULT {"node": "N0010_dino_multilayer_long", "status": "running", "metrics": {"mae": 22.594267679781048, "rmse": 82.06830088130522, "best_mae": 21.531387326876818}, "timing": {"train_seconds": 1136.5, "epochs_done": 36}, "diagnostics": {"oom": false}, "run_dir": "/data/runs/N0010_dino_multilayer_long", "ts": "2026-08-23T12:02:22+0800"}
E036/40 loss=8.1073 MAE=22.594 RMSE=82.068 best=21.531 [1136s]
/data/repo/code/data/fsc147.py:63: UserWarning: The given NumPy array is not writable, and PyTorch does not support non-writable tensors. This means writing to this tensor will result in undefined behavior. You may want to copy the array to protect its data or make it writable before converting it to a tensor. This type of warning will be suppressed for the rest of this program. (Triggered internally at /pytorch/torch/csrc/utils/tensor_numpy.cpp:213.)
  return {"imgs": torch.from_numpy(np.asarray(img)).permute(2, 0, 1).float() / 255.0,
/data/repo/code/data/fsc147.py:63: UserWarning: The given NumPy array is not writable, and PyTorch does not support non-writable tensors. This means writing to this tensor will result in undefined behavior. You may want to copy the array to protect its data or make it writable before converting it to a tensor. This type of warning will be suppressed for the rest of this program. (Triggered internally at /pytorch/torch/csrc/utils/tensor_numpy.cpp:213.)
  return {"imgs": torch.from_numpy(np.asarray(img)).permute(2, 0, 1).float() / 255.0,
/data/repo/code/data/fsc147.py:63: UserWarning: The given NumPy array is not writable, and PyTorch does not support non-writable tensors. This means writing to this tensor will result in undefined behavior. You may want to copy the array to protect its data or make it writable before converting it to a tensor. This type of warning will be suppressed for the rest of this program. (Triggered internally at /pytorch/torch/csrc/utils/tensor_numpy.cpp:213.)
  return {"imgs": torch.from_numpy(np.asarray(img)).permute(2, 0, 1).float() / 255.0,
/data/repo/code/data/fsc147.py:63: UserWarning: The given NumPy array is not writable, and PyTorch does not support non-writable tensors. This means writing to this tensor will result in undefined behavior. You may want to copy the array to protect its data or make it writable before converting it to a tensor. This type of warning will be suppressed for the rest of this program. (Triggered internally at /pytorch/torch/csrc/utils/tensor_numpy.cpp:213.)
  return {"imgs": torch.from_numpy(np.asarray(img)).permute(2, 0, 1).float() / 255.0,
/data/repo/code/data/fsc147.py:63: UserWarning: The given NumPy array is not writable, and PyTorch does not support non-writable tensors. This means writing to this tensor will result in undefined behavior. You may want to copy the array to protect its data or make it writable before converting it to a tensor. This type of warning will be suppressed for the rest of this program. (Triggered internally at /pytorch/torch/csrc/utils/tensor_numpy.cpp:213.)
  return {"imgs": torch.from_numpy(np.asarray(img)).permute(2, 0, 1).float() / 255.0,
/data/repo/code/data/fsc147.py:63: UserWarning: The given NumPy array is not writable, and PyTorch does not support non-writable tensors. This means writing to this tensor will result in undefined behavior. You may want to copy the array to protect its data or make it writable before converting it to a tensor. This type of warning will be suppressed for the rest of this program. (Triggered internally at /pytorch/torch/csrc/utils/tensor_numpy.cpp:213.)
  return {"imgs": torch.from_numpy(np.asarray(img)).permute(2, 0, 1).float() / 255.0,
/data/repo/code/data/fsc147.py:63: UserWarning: The given NumPy array is not writable, and PyTorch does not support non-writable tensors. This means writing to this tensor will result in undefined behavior. You may want to copy the array to protect its data or make it writable before converting it to a tensor. This type of warning will be suppressed for the rest of this program. (Triggered internally at /pytorch/torch/csrc/utils/tensor_numpy.cpp:213.)
  return {"imgs": torch.from_numpy(np.asarray(img)).permute(2, 0, 1).float() / 255.0,
/data/repo/code/data/fsc147.py:63: UserWarning: The given NumPy array is not writable, and PyTorch does not support non-writable tensors. This means writing to this tensor will result in undefined behavior. You may want to copy the array to protect its data or make it writable before converting it to a tensor. This type of warning will be suppressed for the rest of this program. (Triggered internally at /pytorch/torch/csrc/utils/tensor_numpy.cpp:213.)
  return {"imgs": torch.from_numpy(np.asarray(img)).permute(2, 0, 1).float() / 255.0,
RESULT {"node": "N0010_dino_multilayer_long", "status": "running", "metrics": {"mae": 22.492074023880075, "rmse": 81.44519820253396, "best_mae": 21.531387326876818}, "timing": {"train_seconds": 1167.4, "epochs_done": 37}, "diagnostics": {"oom": false}, "run_dir": "/data/runs/N0010_dino_multilayer_long", "ts": "2026-08-23T12:02:53+0800"}
E037/40 loss=7.9698 MAE=22.492 RMSE=81.445 best=21.531 [1167s]
/data/repo/code/data/fsc147.py:63: UserWarning: The given NumPy array is not writable, and PyTorch does not support non-writable tensors. This means writing to this tensor will result in undefined behavior. You may want to copy the array to protect its data or make it writable before converting it to a tensor. This type of warning will be suppressed for the rest of this program. (Triggered internally at /pytorch/torch/csrc/utils/tensor_numpy.cpp:213.)
  return {"imgs": torch.from_numpy(np.asarray(img)).permute(2, 0, 1).float() / 255.0,
/data/repo/code/data/fsc147.py:63: UserWarning: The given NumPy array is not writable, and PyTorch does not support non-writable tensors. This means writing to this tensor will result in undefined behavior. You may want to copy the array to protect its data or make it writable before converting it to a tensor. This type of warning will be suppressed for the rest of this program. (Triggered internally at /pytorch/torch/csrc/utils/tensor_numpy.cpp:213.)
  return {"imgs": torch.from_numpy(np.asarray(img)).permute(2, 0, 1).float() / 255.0,
/data/repo/code/data/fsc147.py:63: UserWarning: The given NumPy array is not writable, and PyTorch does not support non-writable tensors. This means writing to this tensor will result in undefined behavior. You may want to copy the array to protect its data or make it writable before converting it to a tensor. This type of warning will be suppressed for the rest of this program. (Triggered internally at /pytorch/torch/csrc/utils/tensor_numpy.cpp:213.)
  return {"imgs": torch.from_numpy(np.asarray(img)).permute(2, 0, 1).float() / 255.0,
/data/repo/code/data/fsc147.py:63: UserWarning: The given NumPy array is not writable, and PyTorch does not support non-writable tensors. This means writing to this tensor will result in undefined behavior. You may want to copy the array to protect its data or make it writable before converting it to a tensor. This type of warning will be suppressed for the rest of this program. (Triggered internally at /pytorch/torch/csrc/utils/tensor_numpy.cpp:213.)
  return {"imgs": torch.from_numpy(np.asarray(img)).permute(2, 0, 1).float() / 255.0,
/data/repo/code/data/fsc147.py:63: UserWarning: The given NumPy array is not writable, and PyTorch does not support non-writable tensors. This means writing to this tensor will result in undefined behavior. You may want to copy the array to protect its data or make it writable before converting it to a tensor. This type of warning will be suppressed for the rest of this program. (Triggered internally at /pytorch/torch/csrc/utils/tensor_numpy.cpp:213.)
  return {"imgs": torch.from_numpy(np.asarray(img)).permute(2, 0, 1).float() / 255.0,
/data/repo/code/data/fsc147.py:63: UserWarning: The given NumPy array is not writable, and PyTorch does not support non-writable tensors. This means writing to this tensor will result in undefined behavior. You may want to copy the array to protect its data or make it writable before converting it to a tensor. This type of warning will be suppressed for the rest of this program. (Triggered internally at /pytorch/torch/csrc/utils/tensor_numpy.cpp:213.)
  return {"imgs": torch.from_numpy(np.asarray(img)).permute(2, 0, 1).float() / 255.0,
/data/repo/code/data/fsc147.py:63: UserWarning: The given NumPy array is not writable, and PyTorch does not support non-writable tensors. This means writing to this tensor will result in undefined behavior. You may want to copy the array to protect its data or make it writable before converting it to a tensor. This type of warning will be suppressed for the rest of this program. (Triggered internally at /pytorch/torch/csrc/utils/tensor_numpy.cpp:213.)
  return {"imgs": torch.from_numpy(np.asarray(img)).permute(2, 0, 1).float() / 255.0,
/data/repo/code/data/fsc147.py:63: UserWarning: The given NumPy array is not writable, and PyTorch does not support non-writable tensors. This means writing to this tensor will result in undefined behavior. You may want to copy the array to protect its data or make it writable before converting it to a tensor. This type of warning will be suppressed for the rest of this program. (Triggered internally at /pytorch/torch/csrc/utils/tensor_numpy.cpp:213.)
  return {"imgs": torch.from_numpy(np.asarray(img)).permute(2, 0, 1).float() / 255.0,
RESULT {"node": "N0010_dino_multilayer_long", "status": "running", "metrics": {"mae": 22.52258880846608, "rmse": 81.85342601917841, "best_mae": 21.531387326876818}, "timing": {"train_seconds": 1198.6, "epochs_done": 38}, "diagnostics": {"oom": false}, "run_dir": "/data/runs/N0010_dino_multilayer_long", "ts": "2026-08-23T12:03:25+0800"}
E038/40 loss=7.9518 MAE=22.523 RMSE=81.853 best=21.531 [1199s]
/data/repo/code/data/fsc147.py:63: UserWarning: The given NumPy array is not writable, and PyTorch does not support non-writable tensors. This means writing to this tensor will result in undefined behavior. You may want to copy the array to protect its data or make it writable before converting it to a tensor. This type of warning will be suppressed for the rest of this program. (Triggered internally at /pytorch/torch/csrc/utils/tensor_numpy.cpp:213.)
  return {"imgs": torch.from_numpy(np.asarray(img)).permute(2, 0, 1).float() / 255.0,
/data/repo/code/data/fsc147.py:63: UserWarning: The given NumPy array is not writable, and PyTorch does not support non-writable tensors. This means writing to this tensor will result in undefined behavior. You may want to copy the array to protect its data or make it writable before converting it to a tensor. This type of warning will be suppressed for the rest of this program. (Triggered internally at /pytorch/torch/csrc/utils/tensor_numpy.cpp:213.)
  return {"imgs": torch.from_numpy(np.asarray(img)).permute(2, 0, 1).float() / 255.0,
/data/repo/code/data/fsc147.py:63: UserWarning: The given NumPy array is not writable, and PyTorch does not support non-writable tensors. This means writing to this tensor will result in undefined behavior. You may want to copy the array to protect its data or make it writable before converting it to a tensor. This type of warning will be suppressed for the rest of this program. (Triggered internally at /pytorch/torch/csrc/utils/tensor_numpy.cpp:213.)
  return {"imgs": torch.from_numpy(np.asarray(img)).permute(2, 0, 1).float() / 255.0,
/data/repo/code/data/fsc147.py:63: UserWarning: The given NumPy array is not writable, and PyTorch does not support non-writable tensors. This means writing to this tensor will result in undefined behavior. You may want to copy the array to protect its data or make it writable before converting it to a tensor. This type of warning will be suppressed for the rest of this program. (Triggered internally at /pytorch/torch/csrc/utils/tensor_numpy.cpp:213.)
  return {"imgs": torch.from_numpy(np.asarray(img)).permute(2, 0, 1).float() / 255.0,
/data/repo/code/data/fsc147.py:63: UserWarning: The given NumPy array is not writable, and PyTorch does not support non-writable tensors. This means writing to this tensor will result in undefined behavior. You may want to copy the array to protect its data or make it writable before converting it to a tensor. This type of warning will be suppressed for the rest of this program. (Triggered internally at /pytorch/torch/csrc/utils/tensor_numpy.cpp:213.)
  return {"imgs": torch.from_numpy(np.asarray(img)).permute(2, 0, 1).float() / 255.0,
/data/repo/code/data/fsc147.py:63: UserWarning: The given NumPy array is not writable, and PyTorch does not support non-writable tensors. This means writing to this tensor will result in undefined behavior. You may want to copy the array to protect its data or make it writable before converting it to a tensor. This type of warning will be suppressed for the rest of this program. (Triggered internally at /pytorch/torch/csrc/utils/tensor_numpy.cpp:213.)
  return {"imgs": torch.from_numpy(np.asarray(img)).permute(2, 0, 1).float() / 255.0,
/data/repo/code/data/fsc147.py:63: UserWarning: The given NumPy array is not writable, and PyTorch does not support non-writable tensors. This means writing to this tensor will result in undefined behavior. You may want to copy the array to protect its data or make it writable before converting it to a tensor. This type of warning will be suppressed for the rest of this program. (Triggered internally at /pytorch/torch/csrc/utils/tensor_numpy.cpp:213.)
  return {"imgs": torch.from_numpy(np.asarray(img)).permute(2, 0, 1).float() / 255.0,
/data/repo/code/data/fsc147.py:63: UserWarning: The given NumPy array is not writable, and PyTorch does not support non-writable tensors. This means writing to this tensor will result in undefined behavior. You may want to copy the array to protect its data or make it writable before converting it to a tensor. This type of warning will be suppressed for the rest of this program. (Triggered internally at /pytorch/torch/csrc/utils/tensor_numpy.cpp:213.)
  return {"imgs": torch.from_numpy(np.asarray(img)).permute(2, 0, 1).float() / 255.0,
RESULT {"node": "N0010_dino_multilayer_long", "status": "running", "metrics": {"mae": 22.500290588123804, "rmse": 81.6957215888141, "best_mae": 21.531387326876818}, "timing": {"train_seconds": 1230.0, "epochs_done": 39}, "diagnostics": {"oom": false}, "run_dir": "/data/runs/N0010_dino_multilayer_long", "ts": "2026-08-23T12:03:56+0800"}
E039/40 loss=7.8538 MAE=22.500 RMSE=81.696 best=21.531 [1230s]
/data/repo/code/data/fsc147.py:63: UserWarning: The given NumPy array is not writable, and PyTorch does not support non-writable tensors. This means writing to this tensor will result in undefined behavior. You may want to copy the array to protect its data or make it writable before converting it to a tensor. This type of warning will be suppressed for the rest of this program. (Triggered internally at /pytorch/torch/csrc/utils/tensor_numpy.cpp:213.)
  return {"imgs": torch.from_numpy(np.asarray(img)).permute(2, 0, 1).float() / 255.0,
/data/repo/code/data/fsc147.py:63: UserWarning: The given NumPy array is not writable, and PyTorch does not support non-writable tensors. This means writing to this tensor will result in undefined behavior. You may want to copy the array to protect its data or make it writable before converting it to a tensor. This type of warning will be suppressed for the rest of this program. (Triggered internally at /pytorch/torch/csrc/utils/tensor_numpy.cpp:213.)
  return {"imgs": torch.from_numpy(np.asarray(img)).permute(2, 0, 1).float() / 255.0,
/data/repo/code/data/fsc147.py:63: UserWarning: The given NumPy array is not writable, and PyTorch does not support non-writable tensors. This means writing to this tensor will result in undefined behavior. You may want to copy the array to protect its data or make it writable before converting it to a tensor. This type of warning will be suppressed for the rest of this program. (Triggered internally at /pytorch/torch/csrc/utils/tensor_numpy.cpp:213.)
  return {"imgs": torch.from_numpy(np.asarray(img)).permute(2, 0, 1).float() / 255.0,
/data/repo/code/data/fsc147.py:63: UserWarning: The given NumPy array is not writable, and PyTorch does not support non-writable tensors. This means writing to this tensor will result in undefined behavior. You may want to copy the array to protect its data or make it writable before converting it to a tensor. This type of warning will be suppressed for the rest of this program. (Triggered internally at /pytorch/torch/csrc/utils/tensor_numpy.cpp:213.)
  return {"imgs": torch.from_numpy(np.asarray(img)).permute(2, 0, 1).float() / 255.0,
/data/repo/code/data/fsc147.py:63: UserWarning: The given NumPy array is not writable, and PyTorch does not support non-writable tensors. This means writing to this tensor will result in undefined behavior. You may want to copy the array to protect its data or make it writable before converting it to a tensor. This type of warning will be suppressed for the rest of this program. (Triggered internally at /pytorch/torch/csrc/utils/tensor_numpy.cpp:213.)
  return {"imgs": torch.from_numpy(np.asarray(img)).permute(2, 0, 1).float() / 255.0,
/data/repo/code/data/fsc147.py:63: UserWarning: The given NumPy array is not writable, and PyTorch does not support non-writable tensors. This means writing to this tensor will result in undefined behavior. You may want to copy the array to protect its data or make it writable before converting it to a tensor. This type of warning will be suppressed for the rest of this program. (Triggered internally at /pytorch/torch/csrc/utils/tensor_numpy.cpp:213.)
  return {"imgs": torch.from_numpy(np.asarray(img)).permute(2, 0, 1).float() / 255.0,
/data/repo/code/data/fsc147.py:63: UserWarning: The given NumPy array is not writable, and PyTorch does not support non-writable tensors. This means writing to this tensor will result in undefined behavior. You may want to copy the array to protect its data or make it writable before converting it to a tensor. This type of warning will be suppressed for the rest of this program. (Triggered internally at /pytorch/torch/csrc/utils/tensor_numpy.cpp:213.)
  return {"imgs": torch.from_numpy(np.asarray(img)).permute(2, 0, 1).float() / 255.0,
/data/repo/code/data/fsc147.py:63: UserWarning: The given NumPy array is not writable, and PyTorch does not support non-writable tensors. This means writing to this tensor will result in undefined behavior. You may want to copy the array to protect its data or make it writable before converting it to a tensor. This type of warning will be suppressed for the rest of this program. (Triggered internally at /pytorch/torch/csrc/utils/tensor_numpy.cpp:213.)
  return {"imgs": torch.from_numpy(np.asarray(img)).permute(2, 0, 1).float() / 255.0,
RESULT {"node": "N0010_dino_multilayer_long", "status": "running", "metrics": {"mae": 22.607334715396767, "rmse": 81.97424057062398, "best_mae": 21.531387326876818}, "timing": {"train_seconds": 1261.0, "epochs_done": 40}, "diagnostics": {"oom": false}, "run_dir": "/data/runs/N0010_dino_multilayer_long", "ts": "2026-08-23T12:04:27+0800"}
E040/40 loss=7.7813 MAE=22.607 RMSE=81.974 best=21.531 [1261s]
/data/repo/code/data/fsc147.py:63: UserWarning: The given NumPy array is not writable, and PyTorch does not support non-writable tensors. This means writing to this tensor will result in undefined behavior. You may want to copy the array to protect its data or make it writable before converting it to a tensor. This type of warning will be suppressed for the rest of this program. (Triggered internally at /pytorch/torch/csrc/utils/tensor_numpy.cpp:213.)
  return {"imgs": torch.from_numpy(np.asarray(img)).permute(2, 0, 1).float() / 255.0,
/data/repo/code/data/fsc147.py:63: UserWarning: The given NumPy array is not writable, and PyTorch does not support non-writable tensors. This means writing to this tensor will result in undefined behavior. You may want to copy the array to protect its data or make it writable before converting it to a tensor. This type of warning will be suppressed for the rest of this program. (Triggered internally at /pytorch/torch/csrc/utils/tensor_numpy.cpp:213.)
  return {"imgs": torch.from_numpy(np.asarray(img)).permute(2, 0, 1).float() / 255.0,
/data/repo/code/data/fsc147.py:63: UserWarning: The given NumPy array is not writable, and PyTorch does not support non-writable tensors. This means writing to this tensor will result in undefined behavior. You may want to copy the array to protect its data or make it writable before converting it to a tensor. This type of warning will be suppressed for the rest of this program. (Triggered internally at /pytorch/torch/csrc/utils/tensor_numpy.cpp:213.)
  return {"imgs": torch.from_numpy(np.asarray(img)).permute(2, 0, 1).float() / 255.0,
/data/repo/code/data/fsc147.py:63: UserWarning: The given NumPy array is not writable, and PyTorch does not support non-writable tensors. This means writing to this tensor will result in undefined behavior. You may want to copy the array to protect its data or make it writable before converting it to a tensor. This type of warning will be suppressed for the rest of this program. (Triggered internally at /pytorch/torch/csrc/utils/tensor_numpy.cpp:213.)
  return {"imgs": torch.from_numpy(np.asarray(img)).permute(2, 0, 1).float() / 255.0,
RESULT {"node": "N0010_dino_multilayer_long", "status": "success", "metrics": {"mae": 22.607334715396767, "rmse": 81.97424057062398, "best_mae": 21.531387326876818}, "timing": {"train_seconds": 1275.1, "epochs_done": 40}, "diagnostics": {"oom": false, "instability": false, "smoke": false, "params_M": 23.11}, "run_dir": "/data/runs/N0010_dino_multilayer_long", "ts": "2026-08-23T12:04:41+0800"}
[engine] done status=success best=21.531
