/data/repo/code/data/fsc147.py:63: UserWarning: The given NumPy array is not writable, and PyTorch does not support non-writable tensors. This means writing to this tensor will result in undefined behavior. You may want to copy the array to protect its data or make it writable before converting it to a tensor. This type of warning will be suppressed for the rest of this program. (Triggered internally at /pytorch/torch/csrc/utils/tensor_numpy.cpp:213.)
  return {"imgs": torch.from_numpy(np.asarray(img)).permute(2, 0, 1).float() / 255.0,
/data/repo/code/data/fsc147.py:63: UserWarning: The given NumPy array is not writable, and PyTorch does not support non-writable tensors. This means writing to this tensor will result in undefined behavior. You may want to copy the array to protect its data or make it writable before converting it to a tensor. This type of warning will be suppressed for the rest of this program. (Triggered internally at /pytorch/torch/csrc/utils/tensor_numpy.cpp:213.)
  return {"imgs": torch.from_numpy(np.asarray(img)).permute(2, 0, 1).float() / 255.0,
RESULT {"node": "N0018_dino_protoiter", "status": "running", "metrics": {"mae": 29.413881921842346, "rmse": 101.52862559801781, "best_mae": 26.87694708926496}, "timing": {"train_seconds": 389.3, "epochs_done": 11}, "diagnostics": {"oom": false}, "run_dir": "/data/runs/N0018_dino_protoiter", "ts": "2026-08-23T16:30:56+0800"}
E011/40 loss=15.7092 MAE=29.414 RMSE=101.529 best=26.877 [389s]
/data/repo/code/data/fsc147.py:63: UserWarning: The given NumPy array is not writable, and PyTorch does not support non-writable tensors. This means writing to this tensor will result in undefined behavior. You may want to copy the array to protect its data or make it writable before converting it to a tensor. This type of warning will be suppressed for the rest of this program. (Triggered internally at /pytorch/torch/csrc/utils/tensor_numpy.cpp:213.)
  return {"imgs": torch.from_numpy(np.asarray(img)).permute(2, 0, 1).float() / 255.0,
/data/repo/code/data/fsc147.py:63: UserWarning: The given NumPy array is not writable, and PyTorch does not support non-writable tensors. This means writing to this tensor will result in undefined behavior. You may want to copy the array to protect its data or make it writable before converting it to a tensor. This type of warning will be suppressed for the rest of this program. (Triggered internally at /pytorch/torch/csrc/utils/tensor_numpy.cpp:213.)
  return {"imgs": torch.from_numpy(np.asarray(img)).permute(2, 0, 1).float() / 255.0,
/data/repo/code/data/fsc147.py:63: UserWarning: The given NumPy array is not writable, and PyTorch does not support non-writable tensors. This means writing to this tensor will result in undefined behavior. You may want to copy the array to protect its data or make it writable before converting it to a tensor. This type of warning will be suppressed for the rest of this program. (Triggered internally at /pytorch/torch/csrc/utils/tensor_numpy.cpp:213.)
  return {"imgs": torch.from_numpy(np.asarray(img)).permute(2, 0, 1).float() / 255.0,
/data/repo/code/data/fsc147.py:63: UserWarning: The given NumPy array is not writable, and PyTorch does not support non-writable tensors. This means writing to this tensor will result in undefined behavior. You may want to copy the array to protect its data or make it writable before converting it to a tensor. This type of warning will be suppressed for the rest of this program. (Triggered internally at /pytorch/torch/csrc/utils/tensor_numpy.cpp:213.)
  return {"imgs": torch.from_numpy(np.asarray(img)).permute(2, 0, 1).float() / 255.0,
/data/repo/code/data/fsc147.py:63: UserWarning: The given NumPy array is not writable, and PyTorch does not support non-writable tensors. This means writing to this tensor will result in undefined behavior. You may want to copy the array to protect its data or make it writable before converting it to a tensor. This type of warning will be suppressed for the rest of this program. (Triggered internally at /pytorch/torch/csrc/utils/tensor_numpy.cpp:213.)
  return {"imgs": torch.from_numpy(np.asarray(img)).permute(2, 0, 1).float() / 255.0,
/data/repo/code/data/fsc147.py:63: UserWarning: The given NumPy array is not writable, and PyTorch does not support non-writable tensors. This means writing to this tensor will result in undefined behavior. You may want to copy the array to protect its data or make it writable before converting it to a tensor. This type of warning will be suppressed for the rest of this program. (Triggered internally at /pytorch/torch/csrc/utils/tensor_numpy.cpp:213.)
  return {"imgs": torch.from_numpy(np.asarray(img)).permute(2, 0, 1).float() / 255.0,
/data/repo/code/data/fsc147.py:63: UserWarning: The given NumPy array is not writable, and PyTorch does not support non-writable tensors. This means writing to this tensor will result in undefined behavior. You may want to copy the array to protect its data or make it writable before converting it to a tensor. This type of warning will be suppressed for the rest of this program. (Triggered internally at /pytorch/torch/csrc/utils/tensor_numpy.cpp:213.)
  return {"imgs": torch.from_numpy(np.asarray(img)).permute(2, 0, 1).float() / 255.0,
/data/repo/code/data/fsc147.py:63: UserWarning: The given NumPy array is not writable, and PyTorch does not support non-writable tensors. This means writing to this tensor will result in undefined behavior. You may want to copy the array to protect its data or make it writable before converting it to a tensor. This type of warning will be suppressed for the rest of this program. (Triggered internally at /pytorch/torch/csrc/utils/tensor_numpy.cpp:213.)
  return {"imgs": torch.from_numpy(np.asarray(img)).permute(2, 0, 1).float() / 255.0,
RESULT {"node": "N0018_dino_protoiter", "status": "running", "metrics": {"mae": 25.729894738916663, "rmse": 93.34946995340499, "best_mae": 25.729894738916663}, "timing": {"train_seconds": 423.8, "epochs_done": 12}, "diagnostics": {"oom": false}, "run_dir": "/data/runs/N0018_dino_protoiter", "ts": "2026-08-23T16:31:30+0800"}
E012/40 loss=13.9412 MAE=25.730 RMSE=93.349 best=25.730 [424s] ***BEST
/data/repo/code/data/fsc147.py:63: UserWarning: The given NumPy array is not writable, and PyTorch does not support non-writable tensors. This means writing to this tensor will result in undefined behavior. You may want to copy the array to protect its data or make it writable before converting it to a tensor. This type of warning will be suppressed for the rest of this program. (Triggered internally at /pytorch/torch/csrc/utils/tensor_numpy.cpp:213.)
  return {"imgs": torch.from_numpy(np.asarray(img)).permute(2, 0, 1).float() / 255.0,
/data/repo/code/data/fsc147.py:63: UserWarning: The given NumPy array is not writable, and PyTorch does not support non-writable tensors. This means writing to this tensor will result in undefined behavior. You may want to copy the array to protect its data or make it writable before converting it to a tensor. This type of warning will be suppressed for the rest of this program. (Triggered internally at /pytorch/torch/csrc/utils/tensor_numpy.cpp:213.)
  return {"imgs": torch.from_numpy(np.asarray(img)).permute(2, 0, 1).float() / 255.0,
/data/repo/code/data/fsc147.py:63: UserWarning: The given NumPy array is not writable, and PyTorch does not support non-writable tensors. This means writing to this tensor will result in undefined behavior. You may want to copy the array to protect its data or make it writable before converting it to a tensor. This type of warning will be suppressed for the rest of this program. (Triggered internally at /pytorch/torch/csrc/utils/tensor_numpy.cpp:213.)
  return {"imgs": torch.from_numpy(np.asarray(img)).permute(2, 0, 1).float() / 255.0,
/data/repo/code/data/fsc147.py:63: UserWarning: The given NumPy array is not writable, and PyTorch does not support non-writable tensors. This means writing to this tensor will result in undefined behavior. You may want to copy the array to protect its data or make it writable before converting it to a tensor. This type of warning will be suppressed for the rest of this program. (Triggered internally at /pytorch/torch/csrc/utils/tensor_numpy.cpp:213.)
  return {"imgs": torch.from_numpy(np.asarray(img)).permute(2, 0, 1).float() / 255.0,
/data/repo/code/data/fsc147.py:63: UserWarning: The given NumPy array is not writable, and PyTorch does not support non-writable tensors. This means writing to this tensor will result in undefined behavior. You may want to copy the array to protect its data or make it writable before converting it to a tensor. This type of warning will be suppressed for the rest of this program. (Triggered internally at /pytorch/torch/csrc/utils/tensor_numpy.cpp:213.)
  return {"imgs": torch.from_numpy(np.asarray(img)).permute(2, 0, 1).float() / 255.0,
/data/repo/code/data/fsc147.py:63: UserWarning: The given NumPy array is not writable, and PyTorch does not support non-writable tensors. This means writing to this tensor will result in undefined behavior. You may want to copy the array to protect its data or make it writable before converting it to a tensor. This type of warning will be suppressed for the rest of this program. (Triggered internally at /pytorch/torch/csrc/utils/tensor_numpy.cpp:213.)
  return {"imgs": torch.from_numpy(np.asarray(img)).permute(2, 0, 1).float() / 255.0,
/data/repo/code/data/fsc147.py:63: UserWarning: The given NumPy array is not writable, and PyTorch does not support non-writable tensors. This means writing to this tensor will result in undefined behavior. You may want to copy the array to protect its data or make it writable before converting it to a tensor. This type of warning will be suppressed for the rest of this program. (Triggered internally at /pytorch/torch/csrc/utils/tensor_numpy.cpp:213.)
  return {"imgs": torch.from_numpy(np.asarray(img)).permute(2, 0, 1).float() / 255.0,
/data/repo/code/data/fsc147.py:63: UserWarning: The given NumPy array is not writable, and PyTorch does not support non-writable tensors. This means writing to this tensor will result in undefined behavior. You may want to copy the array to protect its data or make it writable before converting it to a tensor. This type of warning will be suppressed for the rest of this program. (Triggered internally at /pytorch/torch/csrc/utils/tensor_numpy.cpp:213.)
  return {"imgs": torch.from_numpy(np.asarray(img)).permute(2, 0, 1).float() / 255.0,
RESULT {"node": "N0018_dino_protoiter", "status": "running", "metrics": {"mae": 25.817259437003365, "rmse": 92.74851121846281, "best_mae": 25.729894738916663}, "timing": {"train_seconds": 457.9, "epochs_done": 13}, "diagnostics": {"oom": false}, "run_dir": "/data/runs/N0018_dino_protoiter", "ts": "2026-08-23T16:32:04+0800"}
E013/40 loss=13.3100 MAE=25.817 RMSE=92.749 best=25.730 [458s]
/data/repo/code/data/fsc147.py:63: UserWarning: The given NumPy array is not writable, and PyTorch does not support non-writable tensors. This means writing to this tensor will result in undefined behavior. You may want to copy the array to protect its data or make it writable before converting it to a tensor. This type of warning will be suppressed for the rest of this program. (Triggered internally at /pytorch/torch/csrc/utils/tensor_numpy.cpp:213.)
  return {"imgs": torch.from_numpy(np.asarray(img)).permute(2, 0, 1).float() / 255.0,
/data/repo/code/data/fsc147.py:63: UserWarning: The given NumPy array is not writable, and PyTorch does not support non-writable tensors. This means writing to this tensor will result in undefined behavior. You may want to copy the array to protect its data or make it writable before converting it to a tensor. This type of warning will be suppressed for the rest of this program. (Triggered internally at /pytorch/torch/csrc/utils/tensor_numpy.cpp:213.)
  return {"imgs": torch.from_numpy(np.asarray(img)).permute(2, 0, 1).float() / 255.0,
/data/repo/code/data/fsc147.py:63: UserWarning: The given NumPy array is not writable, and PyTorch does not support non-writable tensors. This means writing to this tensor will result in undefined behavior. You may want to copy the array to protect its data or make it writable before converting it to a tensor. This type of warning will be suppressed for the rest of this program. (Triggered internally at /pytorch/torch/csrc/utils/tensor_numpy.cpp:213.)
  return {"imgs": torch.from_numpy(np.asarray(img)).permute(2, 0, 1).float() / 255.0,
/data/repo/code/data/fsc147.py:63: UserWarning: The given NumPy array is not writable, and PyTorch does not support non-writable tensors. This means writing to this tensor will result in undefined behavior. You may want to copy the array to protect its data or make it writable before converting it to a tensor. This type of warning will be suppressed for the rest of this program. (Triggered internally at /pytorch/torch/csrc/utils/tensor_numpy.cpp:213.)
  return {"imgs": torch.from_numpy(np.asarray(img)).permute(2, 0, 1).float() / 255.0,
/data/repo/code/data/fsc147.py:63: UserWarning: The given NumPy array is not writable, and PyTorch does not support non-writable tensors. This means writing to this tensor will result in undefined behavior. You may want to copy the array to protect its data or make it writable before converting it to a tensor. This type of warning will be suppressed for the rest of this program. (Triggered internally at /pytorch/torch/csrc/utils/tensor_numpy.cpp:213.)
  return {"imgs": torch.from_numpy(np.asarray(img)).permute(2, 0, 1).float() / 255.0,
/data/repo/code/data/fsc147.py:63: UserWarning: The given NumPy array is not writable, and PyTorch does not support non-writable tensors. This means writing to this tensor will result in undefined behavior. You may want to copy the array to protect its data or make it writable before converting it to a tensor. This type of warning will be suppressed for the rest of this program. (Triggered internally at /pytorch/torch/csrc/utils/tensor_numpy.cpp:213.)
  return {"imgs": torch.from_numpy(np.asarray(img)).permute(2, 0, 1).float() / 255.0,
/data/repo/code/data/fsc147.py:63: UserWarning: The given NumPy array is not writable, and PyTorch does not support non-writable tensors. This means writing to this tensor will result in undefined behavior. You may want to copy the array to protect its data or make it writable before converting it to a tensor. This type of warning will be suppressed for the rest of this program. (Triggered internally at /pytorch/torch/csrc/utils/tensor_numpy.cpp:213.)
  return {"imgs": torch.from_numpy(np.asarray(img)).permute(2, 0, 1).float() / 255.0,
/data/repo/code/data/fsc147.py:63: UserWarning: The given NumPy array is not writable, and PyTorch does not support non-writable tensors. This means writing to this tensor will result in undefined behavior. You may want to copy the array to protect its data or make it writable before converting it to a tensor. This type of warning will be suppressed for the rest of this program. (Triggered internally at /pytorch/torch/csrc/utils/tensor_numpy.cpp:213.)
  return {"imgs": torch.from_numpy(np.asarray(img)).permute(2, 0, 1).float() / 255.0,
RESULT {"node": "N0018_dino_protoiter", "status": "running", "metrics": {"mae": 25.47501650123537, "rmse": 90.97336132347907, "best_mae": 25.47501650123537}, "timing": {"train_seconds": 492.1, "epochs_done": 14}, "diagnostics": {"oom": false}, "run_dir": "/data/runs/N0018_dino_protoiter", "ts": "2026-08-23T16:32:39+0800"}
E014/40 loss=12.8938 MAE=25.475 RMSE=90.973 best=25.475 [492s] ***BEST
/data/repo/code/data/fsc147.py:63: UserWarning: The given NumPy array is not writable, and PyTorch does not support non-writable tensors. This means writing to this tensor will result in undefined behavior. You may want to copy the array to protect its data or make it writable before converting it to a tensor. This type of warning will be suppressed for the rest of this program. (Triggered internally at /pytorch/torch/csrc/utils/tensor_numpy.cpp:213.)
  return {"imgs": torch.from_numpy(np.asarray(img)).permute(2, 0, 1).float() / 255.0,
/data/repo/code/data/fsc147.py:63: UserWarning: The given NumPy array is not writable, and PyTorch does not support non-writable tensors. This means writing to this tensor will result in undefined behavior. You may want to copy the array to protect its data or make it writable before converting it to a tensor. This type of warning will be suppressed for the rest of this program. (Triggered internally at /pytorch/torch/csrc/utils/tensor_numpy.cpp:213.)
  return {"imgs": torch.from_numpy(np.asarray(img)).permute(2, 0, 1).float() / 255.0,
/data/repo/code/data/fsc147.py:63: UserWarning: The given NumPy array is not writable, and PyTorch does not support non-writable tensors. This means writing to this tensor will result in undefined behavior. You may want to copy the array to protect its data or make it writable before converting it to a tensor. This type of warning will be suppressed for the rest of this program. (Triggered internally at /pytorch/torch/csrc/utils/tensor_numpy.cpp:213.)
  return {"imgs": torch.from_numpy(np.asarray(img)).permute(2, 0, 1).float() / 255.0,
/data/repo/code/data/fsc147.py:63: UserWarning: The given NumPy array is not writable, and PyTorch does not support non-writable tensors. This means writing to this tensor will result in undefined behavior. You may want to copy the array to protect its data or make it writable before converting it to a tensor. This type of warning will be suppressed for the rest of this program. (Triggered internally at /pytorch/torch/csrc/utils/tensor_numpy.cpp:213.)
  return {"imgs": torch.from_numpy(np.asarray(img)).permute(2, 0, 1).float() / 255.0,
/data/repo/code/data/fsc147.py:63: UserWarning: The given NumPy array is not writable, and PyTorch does not support non-writable tensors. This means writing to this tensor will result in undefined behavior. You may want to copy the array to protect its data or make it writable before converting it to a tensor. This type of warning will be suppressed for the rest of this program. (Triggered internally at /pytorch/torch/csrc/utils/tensor_numpy.cpp:213.)
  return {"imgs": torch.from_numpy(np.asarray(img)).permute(2, 0, 1).float() / 255.0,
/data/repo/code/data/fsc147.py:63: UserWarning: The given NumPy array is not writable, and PyTorch does not support non-writable tensors. This means writing to this tensor will result in undefined behavior. You may want to copy the array to protect its data or make it writable before converting it to a tensor. This type of warning will be suppressed for the rest of this program. (Triggered internally at /pytorch/torch/csrc/utils/tensor_numpy.cpp:213.)
  return {"imgs": torch.from_numpy(np.asarray(img)).permute(2, 0, 1).float() / 255.0,
/data/repo/code/data/fsc147.py:63: UserWarning: The given NumPy array is not writable, and PyTorch does not support non-writable tensors. This means writing to this tensor will result in undefined behavior. You may want to copy the array to protect its data or make it writable before converting it to a tensor. This type of warning will be suppressed for the rest of this program. (Triggered internally at /pytorch/torch/csrc/utils/tensor_numpy.cpp:213.)
  return {"imgs": torch.from_numpy(np.asarray(img)).permute(2, 0, 1).float() / 255.0,
/data/repo/code/data/fsc147.py:63: UserWarning: The given NumPy array is not writable, and PyTorch does not support non-writable tensors. This means writing to this tensor will result in undefined behavior. You may want to copy the array to protect its data or make it writable before converting it to a tensor. This type of warning will be suppressed for the rest of this program. (Triggered internally at /pytorch/torch/csrc/utils/tensor_numpy.cpp:213.)
  return {"imgs": torch.from_numpy(np.asarray(img)).permute(2, 0, 1).float() / 255.0,
RESULT {"node": "N0018_dino_protoiter", "status": "running", "metrics": {"mae": 23.403267307192504, "rmse": 82.82107313081958, "best_mae": 23.403267307192504}, "timing": {"train_seconds": 526.4, "epochs_done": 15}, "diagnostics": {"oom": false}, "run_dir": "/data/runs/N0018_dino_protoiter", "ts": "2026-08-23T16:33:13+0800"}
E015/40 loss=12.6880 MAE=23.403 RMSE=82.821 best=23.403 [526s] ***BEST
/data/repo/code/data/fsc147.py:63: UserWarning: The given NumPy array is not writable, and PyTorch does not support non-writable tensors. This means writing to this tensor will result in undefined behavior. You may want to copy the array to protect its data or make it writable before converting it to a tensor. This type of warning will be suppressed for the rest of this program. (Triggered internally at /pytorch/torch/csrc/utils/tensor_numpy.cpp:213.)
  return {"imgs": torch.from_numpy(np.asarray(img)).permute(2, 0, 1).float() / 255.0,
/data/repo/code/data/fsc147.py:63: UserWarning: The given NumPy array is not writable, and PyTorch does not support non-writable tensors. This means writing to this tensor will result in undefined behavior. You may want to copy the array to protect its data or make it writable before converting it to a tensor. This type of warning will be suppressed for the rest of this program. (Triggered internally at /pytorch/torch/csrc/utils/tensor_numpy.cpp:213.)
  return {"imgs": torch.from_numpy(np.asarray(img)).permute(2, 0, 1).float() / 255.0,
/data/repo/code/data/fsc147.py:63: UserWarning: The given NumPy array is not writable, and PyTorch does not support non-writable tensors. This means writing to this tensor will result in undefined behavior. You may want to copy the array to protect its data or make it writable before converting it to a tensor. This type of warning will be suppressed for the rest of this program. (Triggered internally at /pytorch/torch/csrc/utils/tensor_numpy.cpp:213.)
  return {"imgs": torch.from_numpy(np.asarray(img)).permute(2, 0, 1).float() / 255.0,
/data/repo/code/data/fsc147.py:63: UserWarning: The given NumPy array is not writable, and PyTorch does not support non-writable tensors. This means writing to this tensor will result in undefined behavior. You may want to copy the array to protect its data or make it writable before converting it to a tensor. This type of warning will be suppressed for the rest of this program. (Triggered internally at /pytorch/torch/csrc/utils/tensor_numpy.cpp:213.)
  return {"imgs": torch.from_numpy(np.asarray(img)).permute(2, 0, 1).float() / 255.0,
/data/repo/code/data/fsc147.py:63: UserWarning: The given NumPy array is not writable, and PyTorch does not support non-writable tensors. This means writing to this tensor will result in undefined behavior. You may want to copy the array to protect its data or make it writable before converting it to a tensor. This type of warning will be suppressed for the rest of this program. (Triggered internally at /pytorch/torch/csrc/utils/tensor_numpy.cpp:213.)
  return {"imgs": torch.from_numpy(np.asarray(img)).permute(2, 0, 1).float() / 255.0,
/data/repo/code/data/fsc147.py:63: UserWarning: The given NumPy array is not writable, and PyTorch does not support non-writable tensors. This means writing to this tensor will result in undefined behavior. You may want to copy the array to protect its data or make it writable before converting it to a tensor. This type of warning will be suppressed for the rest of this program. (Triggered internally at /pytorch/torch/csrc/utils/tensor_numpy.cpp:213.)
  return {"imgs": torch.from_numpy(np.asarray(img)).permute(2, 0, 1).float() / 255.0,
/data/repo/code/data/fsc147.py:63: UserWarning: The given NumPy array is not writable, and PyTorch does not support non-writable tensors. This means writing to this tensor will result in undefined behavior. You may want to copy the array to protect its data or make it writable before converting it to a tensor. This type of warning will be suppressed for the rest of this program. (Triggered internally at /pytorch/torch/csrc/utils/tensor_numpy.cpp:213.)
  return {"imgs": torch.from_numpy(np.asarray(img)).permute(2, 0, 1).float() / 255.0,
/data/repo/code/data/fsc147.py:63: UserWarning: The given NumPy array is not writable, and PyTorch does not support non-writable tensors. This means writing to this tensor will result in undefined behavior. You may want to copy the array to protect its data or make it writable before converting it to a tensor. This type of warning will be suppressed for the rest of this program. (Triggered internally at /pytorch/torch/csrc/utils/tensor_numpy.cpp:213.)
  return {"imgs": torch.from_numpy(np.asarray(img)).permute(2, 0, 1).float() / 255.0,
RESULT {"node": "N0018_dino_protoiter", "status": "running", "metrics": {"mae": 24.258637835412152, "rmse": 84.18222704207373, "best_mae": 23.403267307192504}, "timing": {"train_seconds": 560.6, "epochs_done": 16}, "diagnostics": {"oom": false}, "run_dir": "/data/runs/N0018_dino_protoiter", "ts": "2026-08-23T16:33:47+0800"}
E016/40 loss=13.5140 MAE=24.259 RMSE=84.182 best=23.403 [561s]
/data/repo/code/data/fsc147.py:63: UserWarning: The given NumPy array is not writable, and PyTorch does not support non-writable tensors. This means writing to this tensor will result in undefined behavior. You may want to copy the array to protect its data or make it writable before converting it to a tensor. This type of warning will be suppressed for the rest of this program. (Triggered internally at /pytorch/torch/csrc/utils/tensor_numpy.cpp:213.)
  return {"imgs": torch.from_numpy(np.asarray(img)).permute(2, 0, 1).float() / 255.0,
/data/repo/code/data/fsc147.py:63: UserWarning: The given NumPy array is not writable, and PyTorch does not support non-writable tensors. This means writing to this tensor will result in undefined behavior. You may want to copy the array to protect its data or make it writable before converting it to a tensor. This type of warning will be suppressed for the rest of this program. (Triggered internally at /pytorch/torch/csrc/utils/tensor_numpy.cpp:213.)
  return {"imgs": torch.from_numpy(np.asarray(img)).permute(2, 0, 1).float() / 255.0,
/data/repo/code/data/fsc147.py:63: UserWarning: The given NumPy array is not writable, and PyTorch does not support non-writable tensors. This means writing to this tensor will result in undefined behavior. You may want to copy the array to protect its data or make it writable before converting it to a tensor. This type of warning will be suppressed for the rest of this program. (Triggered internally at /pytorch/torch/csrc/utils/tensor_numpy.cpp:213.)
  return {"imgs": torch.from_numpy(np.asarray(img)).permute(2, 0, 1).float() / 255.0,
/data/repo/code/data/fsc147.py:63: UserWarning: The given NumPy array is not writable, and PyTorch does not support non-writable tensors. This means writing to this tensor will result in undefined behavior. You may want to copy the array to protect its data or make it writable before converting it to a tensor. This type of warning will be suppressed for the rest of this program. (Triggered internally at /pytorch/torch/csrc/utils/tensor_numpy.cpp:213.)
  return {"imgs": torch.from_numpy(np.asarray(img)).permute(2, 0, 1).float() / 255.0,
/data/repo/code/data/fsc147.py:63: UserWarning: The given NumPy array is not writable, and PyTorch does not support non-writable tensors. This means writing to this tensor will result in undefined behavior. You may want to copy the array to protect its data or make it writable before converting it to a tensor. This type of warning will be suppressed for the rest of this program. (Triggered internally at /pytorch/torch/csrc/utils/tensor_numpy.cpp:213.)
  return {"imgs": torch.from_numpy(np.asarray(img)).permute(2, 0, 1).float() / 255.0,
/data/repo/code/data/fsc147.py:63: UserWarning: The given NumPy array is not writable, and PyTorch does not support non-writable tensors. This means writing to this tensor will result in undefined behavior. You may want to copy the array to protect its data or make it writable before converting it to a tensor. This type of warning will be suppressed for the rest of this program. (Triggered internally at /pytorch/torch/csrc/utils/tensor_numpy.cpp:213.)
  return {"imgs": torch.from_numpy(np.asarray(img)).permute(2, 0, 1).float() / 255.0,
/data/repo/code/data/fsc147.py:63: UserWarning: The given NumPy array is not writable, and PyTorch does not support non-writable tensors. This means writing to this tensor will result in undefined behavior. You may want to copy the array to protect its data or make it writable before converting it to a tensor. This type of warning will be suppressed for the rest of this program. (Triggered internally at /pytorch/torch/csrc/utils/tensor_numpy.cpp:213.)
  return {"imgs": torch.from_numpy(np.asarray(img)).permute(2, 0, 1).float() / 255.0,
/data/repo/code/data/fsc147.py:63: UserWarning: The given NumPy array is not writable, and PyTorch does not support non-writable tensors. This means writing to this tensor will result in undefined behavior. You may want to copy the array to protect its data or make it writable before converting it to a tensor. This type of warning will be suppressed for the rest of this program. (Triggered internally at /pytorch/torch/csrc/utils/tensor_numpy.cpp:213.)
  return {"imgs": torch.from_numpy(np.asarray(img)).permute(2, 0, 1).float() / 255.0,
RESULT {"node": "N0018_dino_protoiter", "status": "running", "metrics": {"mae": 25.093309783638915, "rmse": 88.49916115651082, "best_mae": 23.403267307192504}, "timing": {"train_seconds": 594.8, "epochs_done": 17}, "diagnostics": {"oom": false}, "run_dir": "/data/runs/N0018_dino_protoiter", "ts": "2026-08-23T16:34:21+0800"}
E017/40 loss=12.2747 MAE=25.093 RMSE=88.499 best=23.403 [595s]
/data/repo/code/data/fsc147.py:63: UserWarning: The given NumPy array is not writable, and PyTorch does not support non-writable tensors. This means writing to this tensor will result in undefined behavior. You may want to copy the array to protect its data or make it writable before converting it to a tensor. This type of warning will be suppressed for the rest of this program. (Triggered internally at /pytorch/torch/csrc/utils/tensor_numpy.cpp:213.)
  return {"imgs": torch.from_numpy(np.asarray(img)).permute(2, 0, 1).float() / 255.0,
/data/repo/code/data/fsc147.py:63: UserWarning: The given NumPy array is not writable, and PyTorch does not support non-writable tensors. This means writing to this tensor will result in undefined behavior. You may want to copy the array to protect its data or make it writable before converting it to a tensor. This type of warning will be suppressed for the rest of this program. (Triggered internally at /pytorch/torch/csrc/utils/tensor_numpy.cpp:213.)
  return {"imgs": torch.from_numpy(np.asarray(img)).permute(2, 0, 1).float() / 255.0,
/data/repo/code/data/fsc147.py:63: UserWarning: The given NumPy array is not writable, and PyTorch does not support non-writable tensors. This means writing to this tensor will result in undefined behavior. You may want to copy the array to protect its data or make it writable before converting it to a tensor. This type of warning will be suppressed for the rest of this program. (Triggered internally at /pytorch/torch/csrc/utils/tensor_numpy.cpp:213.)
  return {"imgs": torch.from_numpy(np.asarray(img)).permute(2, 0, 1).float() / 255.0,
/data/repo/code/data/fsc147.py:63: UserWarning: The given NumPy array is not writable, and PyTorch does not support non-writable tensors. This means writing to this tensor will result in undefined behavior. You may want to copy the array to protect its data or make it writable before converting it to a tensor. This type of warning will be suppressed for the rest of this program. (Triggered internally at /pytorch/torch/csrc/utils/tensor_numpy.cpp:213.)
  return {"imgs": torch.from_numpy(np.asarray(img)).permute(2, 0, 1).float() / 255.0,
/data/repo/code/data/fsc147.py:63: UserWarning: The given NumPy array is not writable, and PyTorch does not support non-writable tensors. This means writing to this tensor will result in undefined behavior. You may want to copy the array to protect its data or make it writable before converting it to a tensor. This type of warning will be suppressed for the rest of this program. (Triggered internally at /pytorch/torch/csrc/utils/tensor_numpy.cpp:213.)
  return {"imgs": torch.from_numpy(np.asarray(img)).permute(2, 0, 1).float() / 255.0,
/data/repo/code/data/fsc147.py:63: UserWarning: The given NumPy array is not writable, and PyTorch does not support non-writable tensors. This means writing to this tensor will result in undefined behavior. You may want to copy the array to protect its data or make it writable before converting it to a tensor. This type of warning will be suppressed for the rest of this program. (Triggered internally at /pytorch/torch/csrc/utils/tensor_numpy.cpp:213.)
  return {"imgs": torch.from_numpy(np.asarray(img)).permute(2, 0, 1).float() / 255.0,
/data/repo/code/data/fsc147.py:63: UserWarning: The given NumPy array is not writable, and PyTorch does not support non-writable tensors. This means writing to this tensor will result in undefined behavior. You may want to copy the array to protect its data or make it writable before converting it to a tensor. This type of warning will be suppressed for the rest of this program. (Triggered internally at /pytorch/torch/csrc/utils/tensor_numpy.cpp:213.)
  return {"imgs": torch.from_numpy(np.asarray(img)).permute(2, 0, 1).float() / 255.0,
/data/repo/code/data/fsc147.py:63: UserWarning: The given NumPy array is not writable, and PyTorch does not support non-writable tensors. This means writing to this tensor will result in undefined behavior. You may want to copy the array to protect its data or make it writable before converting it to a tensor. This type of warning will be suppressed for the rest of this program. (Triggered internally at /pytorch/torch/csrc/utils/tensor_numpy.cpp:213.)
  return {"imgs": torch.from_numpy(np.asarray(img)).permute(2, 0, 1).float() / 255.0,
RESULT {"node": "N0018_dino_protoiter", "status": "running", "metrics": {"mae": 26.339490401058878, "rmse": 91.11619490521002, "best_mae": 23.403267307192504}, "timing": {"train_seconds": 629.1, "epochs_done": 18}, "diagnostics": {"oom": false}, "run_dir": "/data/runs/N0018_dino_protoiter", "ts": "2026-08-23T16:34:56+0800"}
E018/40 loss=nan MAE=26.339 RMSE=91.116 best=23.403 [629s]
/data/repo/code/data/fsc147.py:63: UserWarning: The given NumPy array is not writable, and PyTorch does not support non-writable tensors. This means writing to this tensor will result in undefined behavior. You may want to copy the array to protect its data or make it writable before converting it to a tensor. This type of warning will be suppressed for the rest of this program. (Triggered internally at /pytorch/torch/csrc/utils/tensor_numpy.cpp:213.)
  return {"imgs": torch.from_numpy(np.asarray(img)).permute(2, 0, 1).float() / 255.0,
/data/repo/code/data/fsc147.py:63: UserWarning: The given NumPy array is not writable, and PyTorch does not support non-writable tensors. This means writing to this tensor will result in undefined behavior. You may want to copy the array to protect its data or make it writable before converting it to a tensor. This type of warning will be suppressed for the rest of this program. (Triggered internally at /pytorch/torch/csrc/utils/tensor_numpy.cpp:213.)
  return {"imgs": torch.from_numpy(np.asarray(img)).permute(2, 0, 1).float() / 255.0,
/data/repo/code/data/fsc147.py:63: UserWarning: The given NumPy array is not writable, and PyTorch does not support non-writable tensors. This means writing to this tensor will result in undefined behavior. You may want to copy the array to protect its data or make it writable before converting it to a tensor. This type of warning will be suppressed for the rest of this program. (Triggered internally at /pytorch/torch/csrc/utils/tensor_numpy.cpp:213.)
  return {"imgs": torch.from_numpy(np.asarray(img)).permute(2, 0, 1).float() / 255.0,
/data/repo/code/data/fsc147.py:63: UserWarning: The given NumPy array is not writable, and PyTorch does not support non-writable tensors. This means writing to this tensor will result in undefined behavior. You may want to copy the array to protect its data or make it writable before converting it to a tensor. This type of warning will be suppressed for the rest of this program. (Triggered internally at /pytorch/torch/csrc/utils/tensor_numpy.cpp:213.)
  return {"imgs": torch.from_numpy(np.asarray(img)).permute(2, 0, 1).float() / 255.0,
/data/repo/code/data/fsc147.py:63: UserWarning: The given NumPy array is not writable, and PyTorch does not support non-writable tensors. This means writing to this tensor will result in undefined behavior. You may want to copy the array to protect its data or make it writable before converting it to a tensor. This type of warning will be suppressed for the rest of this program. (Triggered internally at /pytorch/torch/csrc/utils/tensor_numpy.cpp:213.)
  return {"imgs": torch.from_numpy(np.asarray(img)).permute(2, 0, 1).float() / 255.0,
/data/repo/code/data/fsc147.py:63: UserWarning: The given NumPy array is not writable, and PyTorch does not support non-writable tensors. This means writing to this tensor will result in undefined behavior. You may want to copy the array to protect its data or make it writable before converting it to a tensor. This type of warning will be suppressed for the rest of this program. (Triggered internally at /pytorch/torch/csrc/utils/tensor_numpy.cpp:213.)
  return {"imgs": torch.from_numpy(np.asarray(img)).permute(2, 0, 1).float() / 255.0,
/data/repo/code/data/fsc147.py:63: UserWarning: The given NumPy array is not writable, and PyTorch does not support non-writable tensors. This means writing to this tensor will result in undefined behavior. You may want to copy the array to protect its data or make it writable before converting it to a tensor. This type of warning will be suppressed for the rest of this program. (Triggered internally at /pytorch/torch/csrc/utils/tensor_numpy.cpp:213.)
  return {"imgs": torch.from_numpy(np.asarray(img)).permute(2, 0, 1).float() / 255.0,
/data/repo/code/data/fsc147.py:63: UserWarning: The given NumPy array is not writable, and PyTorch does not support non-writable tensors. This means writing to this tensor will result in undefined behavior. You may want to copy the array to protect its data or make it writable before converting it to a tensor. This type of warning will be suppressed for the rest of this program. (Triggered internally at /pytorch/torch/csrc/utils/tensor_numpy.cpp:213.)
  return {"imgs": torch.from_numpy(np.asarray(img)).permute(2, 0, 1).float() / 255.0,
RESULT {"node": "N0018_dino_protoiter", "status": "running", "metrics": {"mae": 24.21016958379078, "rmse": 84.84066118141092, "best_mae": 23.403267307192504}, "timing": {"train_seconds": 663.3, "epochs_done": 19}, "diagnostics": {"oom": false}, "run_dir": "/data/runs/N0018_dino_protoiter", "ts": "2026-08-23T16:35:30+0800"}
E019/40 loss=nan MAE=24.210 RMSE=84.841 best=23.403 [663s]
/data/repo/code/data/fsc147.py:63: UserWarning: The given NumPy array is not writable, and PyTorch does not support non-writable tensors. This means writing to this tensor will result in undefined behavior. You may want to copy the array to protect its data or make it writable before converting it to a tensor. This type of warning will be suppressed for the rest of this program. (Triggered internally at /pytorch/torch/csrc/utils/tensor_numpy.cpp:213.)
  return {"imgs": torch.from_numpy(np.asarray(img)).permute(2, 0, 1).float() / 255.0,
/data/repo/code/data/fsc147.py:63: UserWarning: The given NumPy array is not writable, and PyTorch does not support non-writable tensors. This means writing to this tensor will result in undefined behavior. You may want to copy the array to protect its data or make it writable before converting it to a tensor. This type of warning will be suppressed for the rest of this program. (Triggered internally at /pytorch/torch/csrc/utils/tensor_numpy.cpp:213.)
  return {"imgs": torch.from_numpy(np.asarray(img)).permute(2, 0, 1).float() / 255.0,
/data/repo/code/data/fsc147.py:63: UserWarning: The given NumPy array is not writable, and PyTorch does not support non-writable tensors. This means writing to this tensor will result in undefined behavior. You may want to copy the array to protect its data or make it writable before converting it to a tensor. This type of warning will be suppressed for the rest of this program. (Triggered internally at /pytorch/torch/csrc/utils/tensor_numpy.cpp:213.)
  return {"imgs": torch.from_numpy(np.asarray(img)).permute(2, 0, 1).float() / 255.0,
/data/repo/code/data/fsc147.py:63: UserWarning: The given NumPy array is not writable, and PyTorch does not support non-writable tensors. This means writing to this tensor will result in undefined behavior. You may want to copy the array to protect its data or make it writable before converting it to a tensor. This type of warning will be suppressed for the rest of this program. (Triggered internally at /pytorch/torch/csrc/utils/tensor_numpy.cpp:213.)
  return {"imgs": torch.from_numpy(np.asarray(img)).permute(2, 0, 1).float() / 255.0,
/data/repo/code/data/fsc147.py:63: UserWarning: The given NumPy array is not writable, and PyTorch does not support non-writable tensors. This means writing to this tensor will result in undefined behavior. You may want to copy the array to protect its data or make it writable before converting it to a tensor. This type of warning will be suppressed for the rest of this program. (Triggered internally at /pytorch/torch/csrc/utils/tensor_numpy.cpp:213.)
  return {"imgs": torch.from_numpy(np.asarray(img)).permute(2, 0, 1).float() / 255.0,
/data/repo/code/data/fsc147.py:63: UserWarning: The given NumPy array is not writable, and PyTorch does not support non-writable tensors. This means writing to this tensor will result in undefined behavior. You may want to copy the array to protect its data or make it writable before converting it to a tensor. This type of warning will be suppressed for the rest of this program. (Triggered internally at /pytorch/torch/csrc/utils/tensor_numpy.cpp:213.)
  return {"imgs": torch.from_numpy(np.asarray(img)).permute(2, 0, 1).float() / 255.0,
/data/repo/code/data/fsc147.py:63: UserWarning: The given NumPy array is not writable, and PyTorch does not support non-writable tensors. This means writing to this tensor will result in undefined behavior. You may want to copy the array to protect its data or make it writable before converting it to a tensor. This type of warning will be suppressed for the rest of this program. (Triggered internally at /pytorch/torch/csrc/utils/tensor_numpy.cpp:213.)
  return {"imgs": torch.from_numpy(np.asarray(img)).permute(2, 0, 1).float() / 255.0,
/data/repo/code/data/fsc147.py:63: UserWarning: The given NumPy array is not writable, and PyTorch does not support non-writable tensors. This means writing to this tensor will result in undefined behavior. You may want to copy the array to protect its data or make it writable before converting it to a tensor. This type of warning will be suppressed for the rest of this program. (Triggered internally at /pytorch/torch/csrc/utils/tensor_numpy.cpp:213.)
  return {"imgs": torch.from_numpy(np.asarray(img)).permute(2, 0, 1).float() / 255.0,
RESULT {"node": "N0018_dino_protoiter", "status": "running", "metrics": {"mae": 24.211970516904888, "rmse": 84.84508797656567, "best_mae": 23.403267307192504}, "timing": {"train_seconds": 697.4, "epochs_done": 20}, "diagnostics": {"oom": false}, "run_dir": "/data/runs/N0018_dino_protoiter", "ts": "2026-08-23T16:36:04+0800"}
E020/40 loss=nan MAE=24.212 RMSE=84.845 best=23.403 [697s]
/data/repo/code/data/fsc147.py:63: UserWarning: The given NumPy array is not writable, and PyTorch does not support non-writable tensors. This means writing to this tensor will result in undefined behavior. You may want to copy the array to protect its data or make it writable before converting it to a tensor. This type of warning will be suppressed for the rest of this program. (Triggered internally at /pytorch/torch/csrc/utils/tensor_numpy.cpp:213.)
  return {"imgs": torch.from_numpy(np.asarray(img)).permute(2, 0, 1).float() / 255.0,
/data/repo/code/data/fsc147.py:63: UserWarning: The given NumPy array is not writable, and PyTorch does not support non-writable tensors. This means writing to this tensor will result in undefined behavior. You may want to copy the array to protect its data or make it writable before converting it to a tensor. This type of warning will be suppressed for the rest of this program. (Triggered internally at /pytorch/torch/csrc/utils/tensor_numpy.cpp:213.)
  return {"imgs": torch.from_numpy(np.asarray(img)).permute(2, 0, 1).float() / 255.0,
/data/repo/code/data/fsc147.py:63: UserWarning: The given NumPy array is not writable, and PyTorch does not support non-writable tensors. This means writing to this tensor will result in undefined behavior. You may want to copy the array to protect its data or make it writable before converting it to a tensor. This type of warning will be suppressed for the rest of this program. (Triggered internally at /pytorch/torch/csrc/utils/tensor_numpy.cpp:213.)
  return {"imgs": torch.from_numpy(np.asarray(img)).permute(2, 0, 1).float() / 255.0,
/data/repo/code/data/fsc147.py:63: UserWarning: The given NumPy array is not writable, and PyTorch does not support non-writable tensors. This means writing to this tensor will result in undefined behavior. You may want to copy the array to protect its data or make it writable before converting it to a tensor. This type of warning will be suppressed for the rest of this program. (Triggered internally at /pytorch/torch/csrc/utils/tensor_numpy.cpp:213.)
  return {"imgs": torch.from_numpy(np.asarray(img)).permute(2, 0, 1).float() / 255.0,
/data/repo/code/data/fsc147.py:63: UserWarning: The given NumPy array is not writable, and PyTorch does not support non-writable tensors. This means writing to this tensor will result in undefined behavior. You may want to copy the array to protect its data or make it writable before converting it to a tensor. This type of warning will be suppressed for the rest of this program. (Triggered internally at /pytorch/torch/csrc/utils/tensor_numpy.cpp:213.)
  return {"imgs": torch.from_numpy(np.asarray(img)).permute(2, 0, 1).float() / 255.0,
/data/repo/code/data/fsc147.py:63: UserWarning: The given NumPy array is not writable, and PyTorch does not support non-writable tensors. This means writing to this tensor will result in undefined behavior. You may want to copy the array to protect its data or make it writable before converting it to a tensor. This type of warning will be suppressed for the rest of this program. (Triggered internally at /pytorch/torch/csrc/utils/tensor_numpy.cpp:213.)
  return {"imgs": torch.from_numpy(np.asarray(img)).permute(2, 0, 1).float() / 255.0,
/data/repo/code/data/fsc147.py:63: UserWarning: The given NumPy array is not writable, and PyTorch does not support non-writable tensors. This means writing to this tensor will result in undefined behavior. You may want to copy the array to protect its data or make it writable before converting it to a tensor. This type of warning will be suppressed for the rest of this program. (Triggered internally at /pytorch/torch/csrc/utils/tensor_numpy.cpp:213.)
  return {"imgs": torch.from_numpy(np.asarray(img)).permute(2, 0, 1).float() / 255.0,
/data/repo/code/data/fsc147.py:63: UserWarning: The given NumPy array is not writable, and PyTorch does not support non-writable tensors. This means writing to this tensor will result in undefined behavior. You may want to copy the array to protect its data or make it writable before converting it to a tensor. This type of warning will be suppressed for the rest of this program. (Triggered internally at /pytorch/torch/csrc/utils/tensor_numpy.cpp:213.)
  return {"imgs": torch.from_numpy(np.asarray(img)).permute(2, 0, 1).float() / 255.0,
RESULT {"node": "N0018_dino_protoiter", "status": "running", "metrics": {"mae": 24.21380365840384, "rmse": 84.849558024515, "best_mae": 23.403267307192504}, "timing": {"train_seconds": 731.6, "epochs_done": 21}, "diagnostics": {"oom": false}, "run_dir": "/data/runs/N0018_dino_protoiter", "ts": "2026-08-23T16:36:38+0800"}
E021/40 loss=nan MAE=24.214 RMSE=84.850 best=23.403 [732s]
/data/repo/code/data/fsc147.py:63: UserWarning: The given NumPy array is not writable, and PyTorch does not support non-writable tensors. This means writing to this tensor will result in undefined behavior. You may want to copy the array to protect its data or make it writable before converting it to a tensor. This type of warning will be suppressed for the rest of this program. (Triggered internally at /pytorch/torch/csrc/utils/tensor_numpy.cpp:213.)
  return {"imgs": torch.from_numpy(np.asarray(img)).permute(2, 0, 1).float() / 255.0,
/data/repo/code/data/fsc147.py:63: UserWarning: The given NumPy array is not writable, and PyTorch does not support non-writable tensors. This means writing to this tensor will result in undefined behavior. You may want to copy the array to protect its data or make it writable before converting it to a tensor. This type of warning will be suppressed for the rest of this program. (Triggered internally at /pytorch/torch/csrc/utils/tensor_numpy.cpp:213.)
  return {"imgs": torch.from_numpy(np.asarray(img)).permute(2, 0, 1).float() / 255.0,
/data/repo/code/data/fsc147.py:63: UserWarning: The given NumPy array is not writable, and PyTorch does not support non-writable tensors. This means writing to this tensor will result in undefined behavior. You may want to copy the array to protect its data or make it writable before converting it to a tensor. This type of warning will be suppressed for the rest of this program. (Triggered internally at /pytorch/torch/csrc/utils/tensor_numpy.cpp:213.)
  return {"imgs": torch.from_numpy(np.asarray(img)).permute(2, 0, 1).float() / 255.0,
/data/repo/code/data/fsc147.py:63: UserWarning: The given NumPy array is not writable, and PyTorch does not support non-writable tensors. This means writing to this tensor will result in undefined behavior. You may want to copy the array to protect its data or make it writable before converting it to a tensor. This type of warning will be suppressed for the rest of this program. (Triggered internally at /pytorch/torch/csrc/utils/tensor_numpy.cpp:213.)
  return {"imgs": torch.from_numpy(np.asarray(img)).permute(2, 0, 1).float() / 255.0,
/data/repo/code/data/fsc147.py:63: UserWarning: The given NumPy array is not writable, and PyTorch does not support non-writable tensors. This means writing to this tensor will result in undefined behavior. You may want to copy the array to protect its data or make it writable before converting it to a tensor. This type of warning will be suppressed for the rest of this program. (Triggered internally at /pytorch/torch/csrc/utils/tensor_numpy.cpp:213.)
  return {"imgs": torch.from_numpy(np.asarray(img)).permute(2, 0, 1).float() / 255.0,
/data/repo/code/data/fsc147.py:63: UserWarning: The given NumPy array is not writable, and PyTorch does not support non-writable tensors. This means writing to this tensor will result in undefined behavior. You may want to copy the array to protect its data or make it writable before converting it to a tensor. This type of warning will be suppressed for the rest of this program. (Triggered internally at /pytorch/torch/csrc/utils/tensor_numpy.cpp:213.)
  return {"imgs": torch.from_numpy(np.asarray(img)).permute(2, 0, 1).float() / 255.0,
/data/repo/code/data/fsc147.py:63: UserWarning: The given NumPy array is not writable, and PyTorch does not support non-writable tensors. This means writing to this tensor will result in undefined behavior. You may want to copy the array to protect its data or make it writable before converting it to a tensor. This type of warning will be suppressed for the rest of this program. (Triggered internally at /pytorch/torch/csrc/utils/tensor_numpy.cpp:213.)
  return {"imgs": torch.from_numpy(np.asarray(img)).permute(2, 0, 1).float() / 255.0,
/data/repo/code/data/fsc147.py:63: UserWarning: The given NumPy array is not writable, and PyTorch does not support non-writable tensors. This means writing to this tensor will result in undefined behavior. You may want to copy the array to protect its data or make it writable before converting it to a tensor. This type of warning will be suppressed for the rest of this program. (Triggered internally at /pytorch/torch/csrc/utils/tensor_numpy.cpp:213.)
  return {"imgs": torch.from_numpy(np.asarray(img)).permute(2, 0, 1).float() / 255.0,
RESULT {"node": "N0018_dino_protoiter", "status": "running", "metrics": {"mae": 24.21552045237777, "rmse": 84.8537633199373, "best_mae": 23.403267307192504}, "timing": {"train_seconds": 765.6, "epochs_done": 22}, "diagnostics": {"oom": false}, "run_dir": "/data/runs/N0018_dino_protoiter", "ts": "2026-08-23T16:37:12+0800"}
E022/40 loss=nan MAE=24.216 RMSE=84.854 best=23.403 [766s]
/data/repo/code/data/fsc147.py:63: UserWarning: The given NumPy array is not writable, and PyTorch does not support non-writable tensors. This means writing to this tensor will result in undefined behavior. You may want to copy the array to protect its data or make it writable before converting it to a tensor. This type of warning will be suppressed for the rest of this program. (Triggered internally at /pytorch/torch/csrc/utils/tensor_numpy.cpp:213.)
  return {"imgs": torch.from_numpy(np.asarray(img)).permute(2, 0, 1).float() / 255.0,
/data/repo/code/data/fsc147.py:63: UserWarning: The given NumPy array is not writable, and PyTorch does not support non-writable tensors. This means writing to this tensor will result in undefined behavior. You may want to copy the array to protect its data or make it writable before converting it to a tensor. This type of warning will be suppressed for the rest of this program. (Triggered internally at /pytorch/torch/csrc/utils/tensor_numpy.cpp:213.)
  return {"imgs": torch.from_numpy(np.asarray(img)).permute(2, 0, 1).float() / 255.0,
/data/repo/code/data/fsc147.py:63: UserWarning: The given NumPy array is not writable, and PyTorch does not support non-writable tensors. This means writing to this tensor will result in undefined behavior. You may want to copy the array to protect its data or make it writable before converting it to a tensor. This type of warning will be suppressed for the rest of this program. (Triggered internally at /pytorch/torch/csrc/utils/tensor_numpy.cpp:213.)
  return {"imgs": torch.from_numpy(np.asarray(img)).permute(2, 0, 1).float() / 255.0,
/data/repo/code/data/fsc147.py:63: UserWarning: The given NumPy array is not writable, and PyTorch does not support non-writable tensors. This means writing to this tensor will result in undefined behavior. You may want to copy the array to protect its data or make it writable before converting it to a tensor. This type of warning will be suppressed for the rest of this program. (Triggered internally at /pytorch/torch/csrc/utils/tensor_numpy.cpp:213.)
  return {"imgs": torch.from_numpy(np.asarray(img)).permute(2, 0, 1).float() / 255.0,
/data/repo/code/data/fsc147.py:63: UserWarning: The given NumPy array is not writable, and PyTorch does not support non-writable tensors. This means writing to this tensor will result in undefined behavior. You may want to copy the array to protect its data or make it writable before converting it to a tensor. This type of warning will be suppressed for the rest of this program. (Triggered internally at /pytorch/torch/csrc/utils/tensor_numpy.cpp:213.)
  return {"imgs": torch.from_numpy(np.asarray(img)).permute(2, 0, 1).float() / 255.0,
/data/repo/code/data/fsc147.py:63: UserWarning: The given NumPy array is not writable, and PyTorch does not support non-writable tensors. This means writing to this tensor will result in undefined behavior. You may want to copy the array to protect its data or make it writable before converting it to a tensor. This type of warning will be suppressed for the rest of this program. (Triggered internally at /pytorch/torch/csrc/utils/tensor_numpy.cpp:213.)
  return {"imgs": torch.from_numpy(np.asarray(img)).permute(2, 0, 1).float() / 255.0,
/data/repo/code/data/fsc147.py:63: UserWarning: The given NumPy array is not writable, and PyTorch does not support non-writable tensors. This means writing to this tensor will result in undefined behavior. You may want to copy the array to protect its data or make it writable before converting it to a tensor. This type of warning will be suppressed for the rest of this program. (Triggered internally at /pytorch/torch/csrc/utils/tensor_numpy.cpp:213.)
  return {"imgs": torch.from_numpy(np.asarray(img)).permute(2, 0, 1).float() / 255.0,
/data/repo/code/data/fsc147.py:63: UserWarning: The given NumPy array is not writable, and PyTorch does not support non-writable tensors. This means writing to this tensor will result in undefined behavior. You may want to copy the array to protect its data or make it writable before converting it to a tensor. This type of warning will be suppressed for the rest of this program. (Triggered internally at /pytorch/torch/csrc/utils/tensor_numpy.cpp:213.)
  return {"imgs": torch.from_numpy(np.asarray(img)).permute(2, 0, 1).float() / 255.0,
RESULT {"node": "N0018_dino_protoiter", "status": "running", "metrics": {"mae": 24.217257422570306, "rmse": 84.85798382473145, "best_mae": 23.403267307192504}, "timing": {"train_seconds": 799.9, "epochs_done": 23}, "diagnostics": {"oom": false}, "run_dir": "/data/runs/N0018_dino_protoiter", "ts": "2026-08-23T16:37:47+0800"}
E023/40 loss=nan MAE=24.217 RMSE=84.858 best=23.403 [800s]
/data/repo/code/data/fsc147.py:63: UserWarning: The given NumPy array is not writable, and PyTorch does not support non-writable tensors. This means writing to this tensor will result in undefined behavior. You may want to copy the array to protect its data or make it writable before converting it to a tensor. This type of warning will be suppressed for the rest of this program. (Triggered internally at /pytorch/torch/csrc/utils/tensor_numpy.cpp:213.)
  return {"imgs": torch.from_numpy(np.asarray(img)).permute(2, 0, 1).float() / 255.0,
/data/repo/code/data/fsc147.py:63: UserWarning: The given NumPy array is not writable, and PyTorch does not support non-writable tensors. This means writing to this tensor will result in undefined behavior. You may want to copy the array to protect its data or make it writable before converting it to a tensor. This type of warning will be suppressed for the rest of this program. (Triggered internally at /pytorch/torch/csrc/utils/tensor_numpy.cpp:213.)
  return {"imgs": torch.from_numpy(np.asarray(img)).permute(2, 0, 1).float() / 255.0,
/data/repo/code/data/fsc147.py:63: UserWarning: The given NumPy array is not writable, and PyTorch does not support non-writable tensors. This means writing to this tensor will result in undefined behavior. You may want to copy the array to protect its data or make it writable before converting it to a tensor. This type of warning will be suppressed for the rest of this program. (Triggered internally at /pytorch/torch/csrc/utils/tensor_numpy.cpp:213.)
  return {"imgs": torch.from_numpy(np.asarray(img)).permute(2, 0, 1).float() / 255.0,
/data/repo/code/data/fsc147.py:63: UserWarning: The given NumPy array is not writable, and PyTorch does not support non-writable tensors. This means writing to this tensor will result in undefined behavior. You may want to copy the array to protect its data or make it writable before converting it to a tensor. This type of warning will be suppressed for the rest of this program. (Triggered internally at /pytorch/torch/csrc/utils/tensor_numpy.cpp:213.)
  return {"imgs": torch.from_numpy(np.asarray(img)).permute(2, 0, 1).float() / 255.0,
/data/repo/code/data/fsc147.py:63: UserWarning: The given NumPy array is not writable, and PyTorch does not support non-writable tensors. This means writing to this tensor will result in undefined behavior. You may want to copy the array to protect its data or make it writable before converting it to a tensor. This type of warning will be suppressed for the rest of this program. (Triggered internally at /pytorch/torch/csrc/utils/tensor_numpy.cpp:213.)
  return {"imgs": torch.from_numpy(np.asarray(img)).permute(2, 0, 1).float() / 255.0,
/data/repo/code/data/fsc147.py:63: UserWarning: The given NumPy array is not writable, and PyTorch does not support non-writable tensors. This means writing to this tensor will result in undefined behavior. You may want to copy the array to protect its data or make it writable before converting it to a tensor. This type of warning will be suppressed for the rest of this program. (Triggered internally at /pytorch/torch/csrc/utils/tensor_numpy.cpp:213.)
  return {"imgs": torch.from_numpy(np.asarray(img)).permute(2, 0, 1).float() / 255.0,
/data/repo/code/data/fsc147.py:63: UserWarning: The given NumPy array is not writable, and PyTorch does not support non-writable tensors. This means writing to this tensor will result in undefined behavior. You may want to copy the array to protect its data or make it writable before converting it to a tensor. This type of warning will be suppressed for the rest of this program. (Triggered internally at /pytorch/torch/csrc/utils/tensor_numpy.cpp:213.)
  return {"imgs": torch.from_numpy(np.asarray(img)).permute(2, 0, 1).float() / 255.0,
/data/repo/code/data/fsc147.py:63: UserWarning: The given NumPy array is not writable, and PyTorch does not support non-writable tensors. This means writing to this tensor will result in undefined behavior. You may want to copy the array to protect its data or make it writable before converting it to a tensor. This type of warning will be suppressed for the rest of this program. (Triggered internally at /pytorch/torch/csrc/utils/tensor_numpy.cpp:213.)
  return {"imgs": torch.from_numpy(np.asarray(img)).permute(2, 0, 1).float() / 255.0,
RESULT {"node": "N0018_dino_protoiter", "status": "running", "metrics": {"mae": NaN, "rmse": NaN, "best_mae": 23.403267307192504}, "timing": {"train_seconds": 833.7, "epochs_done": 24}, "diagnostics": {"oom": false}, "run_dir": "/data/runs/N0018_dino_protoiter", "ts": "2026-08-23T16:38:20+0800"}
E024/40 loss=nan MAE=nan RMSE=nan best=23.403 [834s]
/data/repo/code/data/fsc147.py:63: UserWarning: The given NumPy array is not writable, and PyTorch does not support non-writable tensors. This means writing to this tensor will result in undefined behavior. You may want to copy the array to protect its data or make it writable before converting it to a tensor. This type of warning will be suppressed for the rest of this program. (Triggered internally at /pytorch/torch/csrc/utils/tensor_numpy.cpp:213.)
  return {"imgs": torch.from_numpy(np.asarray(img)).permute(2, 0, 1).float() / 255.0,
/data/repo/code/data/fsc147.py:63: UserWarning: The given NumPy array is not writable, and PyTorch does not support non-writable tensors. This means writing to this tensor will result in undefined behavior. You may want to copy the array to protect its data or make it writable before converting it to a tensor. This type of warning will be suppressed for the rest of this program. (Triggered internally at /pytorch/torch/csrc/utils/tensor_numpy.cpp:213.)
  return {"imgs": torch.from_numpy(np.asarray(img)).permute(2, 0, 1).float() / 255.0,
/data/repo/code/data/fsc147.py:63: UserWarning: The given NumPy array is not writable, and PyTorch does not support non-writable tensors. This means writing to this tensor will result in undefined behavior. You may want to copy the array to protect its data or make it writable before converting it to a tensor. This type of warning will be suppressed for the rest of this program. (Triggered internally at /pytorch/torch/csrc/utils/tensor_numpy.cpp:213.)
  return {"imgs": torch.from_numpy(np.asarray(img)).permute(2, 0, 1).float() / 255.0,
/data/repo/code/data/fsc147.py:63: UserWarning: The given NumPy array is not writable, and PyTorch does not support non-writable tensors. This means writing to this tensor will result in undefined behavior. You may want to copy the array to protect its data or make it writable before converting it to a tensor. This type of warning will be suppressed for the rest of this program. (Triggered internally at /pytorch/torch/csrc/utils/tensor_numpy.cpp:213.)
  return {"imgs": torch.from_numpy(np.asarray(img)).permute(2, 0, 1).float() / 255.0,
/data/repo/code/data/fsc147.py:63: UserWarning: The given NumPy array is not writable, and PyTorch does not support non-writable tensors. This means writing to this tensor will result in undefined behavior. You may want to copy the array to protect its data or make it writable before converting it to a tensor. This type of warning will be suppressed for the rest of this program. (Triggered internally at /pytorch/torch/csrc/utils/tensor_numpy.cpp:213.)
  return {"imgs": torch.from_numpy(np.asarray(img)).permute(2, 0, 1).float() / 255.0,
/data/repo/code/data/fsc147.py:63: UserWarning: The given NumPy array is not writable, and PyTorch does not support non-writable tensors. This means writing to this tensor will result in undefined behavior. You may want to copy the array to protect its data or make it writable before converting it to a tensor. This type of warning will be suppressed for the rest of this program. (Triggered internally at /pytorch/torch/csrc/utils/tensor_numpy.cpp:213.)
  return {"imgs": torch.from_numpy(np.asarray(img)).permute(2, 0, 1).float() / 255.0,
/data/repo/code/data/fsc147.py:63: UserWarning: The given NumPy array is not writable, and PyTorch does not support non-writable tensors. This means writing to this tensor will result in undefined behavior. You may want to copy the array to protect its data or make it writable before converting it to a tensor. This type of warning will be suppressed for the rest of this program. (Triggered internally at /pytorch/torch/csrc/utils/tensor_numpy.cpp:213.)
  return {"imgs": torch.from_numpy(np.asarray(img)).permute(2, 0, 1).float() / 255.0,
/data/repo/code/data/fsc147.py:63: UserWarning: The given NumPy array is not writable, and PyTorch does not support non-writable tensors. This means writing to this tensor will result in undefined behavior. You may want to copy the array to protect its data or make it writable before converting it to a tensor. This type of warning will be suppressed for the rest of this program. (Triggered internally at /pytorch/torch/csrc/utils/tensor_numpy.cpp:213.)
  return {"imgs": torch.from_numpy(np.asarray(img)).permute(2, 0, 1).float() / 255.0,
RESULT {"node": "N0018_dino_protoiter", "status": "running", "metrics": {"mae": NaN, "rmse": NaN, "best_mae": 23.403267307192504}, "timing": {"train_seconds": 867.3, "epochs_done": 25}, "diagnostics": {"oom": false}, "run_dir": "/data/runs/N0018_dino_protoiter", "ts": "2026-08-23T16:38:54+0800"}
E025/40 loss=nan MAE=nan RMSE=nan best=23.403 [867s]
/data/repo/code/data/fsc147.py:63: UserWarning: The given NumPy array is not writable, and PyTorch does not support non-writable tensors. This means writing to this tensor will result in undefined behavior. You may want to copy the array to protect its data or make it writable before converting it to a tensor. This type of warning will be suppressed for the rest of this program. (Triggered internally at /pytorch/torch/csrc/utils/tensor_numpy.cpp:213.)
  return {"imgs": torch.from_numpy(np.asarray(img)).permute(2, 0, 1).float() / 255.0,
/data/repo/code/data/fsc147.py:63: UserWarning: The given NumPy array is not writable, and PyTorch does not support non-writable tensors. This means writing to this tensor will result in undefined behavior. You may want to copy the array to protect its data or make it writable before converting it to a tensor. This type of warning will be suppressed for the rest of this program. (Triggered internally at /pytorch/torch/csrc/utils/tensor_numpy.cpp:213.)
  return {"imgs": torch.from_numpy(np.asarray(img)).permute(2, 0, 1).float() / 255.0,
/data/repo/code/data/fsc147.py:63: UserWarning: The given NumPy array is not writable, and PyTorch does not support non-writable tensors. This means writing to this tensor will result in undefined behavior. You may want to copy the array to protect its data or make it writable before converting it to a tensor. This type of warning will be suppressed for the rest of this program. (Triggered internally at /pytorch/torch/csrc/utils/tensor_numpy.cpp:213.)
  return {"imgs": torch.from_numpy(np.asarray(img)).permute(2, 0, 1).float() / 255.0,
/data/repo/code/data/fsc147.py:63: UserWarning: The given NumPy array is not writable, and PyTorch does not support non-writable tensors. This means writing to this tensor will result in undefined behavior. You may want to copy the array to protect its data or make it writable before converting it to a tensor. This type of warning will be suppressed for the rest of this program. (Triggered internally at /pytorch/torch/csrc/utils/tensor_numpy.cpp:213.)
  return {"imgs": torch.from_numpy(np.asarray(img)).permute(2, 0, 1).float() / 255.0,
/data/repo/code/data/fsc147.py:63: UserWarning: The given NumPy array is not writable, and PyTorch does not support non-writable tensors. This means writing to this tensor will result in undefined behavior. You may want to copy the array to protect its data or make it writable before converting it to a tensor. This type of warning will be suppressed for the rest of this program. (Triggered internally at /pytorch/torch/csrc/utils/tensor_numpy.cpp:213.)
  return {"imgs": torch.from_numpy(np.asarray(img)).permute(2, 0, 1).float() / 255.0,
/data/repo/code/data/fsc147.py:63: UserWarning: The given NumPy array is not writable, and PyTorch does not support non-writable tensors. This means writing to this tensor will result in undefined behavior. You may want to copy the array to protect its data or make it writable before converting it to a tensor. This type of warning will be suppressed for the rest of this program. (Triggered internally at /pytorch/torch/csrc/utils/tensor_numpy.cpp:213.)
  return {"imgs": torch.from_numpy(np.asarray(img)).permute(2, 0, 1).float() / 255.0,
/data/repo/code/data/fsc147.py:63: UserWarning: The given NumPy array is not writable, and PyTorch does not support non-writable tensors. This means writing to this tensor will result in undefined behavior. You may want to copy the array to protect its data or make it writable before converting it to a tensor. This type of warning will be suppressed for the rest of this program. (Triggered internally at /pytorch/torch/csrc/utils/tensor_numpy.cpp:213.)
  return {"imgs": torch.from_numpy(np.asarray(img)).permute(2, 0, 1).float() / 255.0,
/data/repo/code/data/fsc147.py:63: UserWarning: The given NumPy array is not writable, and PyTorch does not support non-writable tensors. This means writing to this tensor will result in undefined behavior. You may want to copy the array to protect its data or make it writable before converting it to a tensor. This type of warning will be suppressed for the rest of this program. (Triggered internally at /pytorch/torch/csrc/utils/tensor_numpy.cpp:213.)
  return {"imgs": torch.from_numpy(np.asarray(img)).permute(2, 0, 1).float() / 255.0,
RESULT {"node": "N0018_dino_protoiter", "status": "running", "metrics": {"mae": NaN, "rmse": NaN, "best_mae": 23.403267307192504}, "timing": {"train_seconds": 901.1, "epochs_done": 26}, "diagnostics": {"oom": false}, "run_dir": "/data/runs/N0018_dino_protoiter", "ts": "2026-08-23T16:39:28+0800"}
E026/40 loss=nan MAE=nan RMSE=nan best=23.403 [901s]
/data/repo/code/data/fsc147.py:63: UserWarning: The given NumPy array is not writable, and PyTorch does not support non-writable tensors. This means writing to this tensor will result in undefined behavior. You may want to copy the array to protect its data or make it writable before converting it to a tensor. This type of warning will be suppressed for the rest of this program. (Triggered internally at /pytorch/torch/csrc/utils/tensor_numpy.cpp:213.)
  return {"imgs": torch.from_numpy(np.asarray(img)).permute(2, 0, 1).float() / 255.0,
/data/repo/code/data/fsc147.py:63: UserWarning: The given NumPy array is not writable, and PyTorch does not support non-writable tensors. This means writing to this tensor will result in undefined behavior. You may want to copy the array to protect its data or make it writable before converting it to a tensor. This type of warning will be suppressed for the rest of this program. (Triggered internally at /pytorch/torch/csrc/utils/tensor_numpy.cpp:213.)
  return {"imgs": torch.from_numpy(np.asarray(img)).permute(2, 0, 1).float() / 255.0,
/data/repo/code/data/fsc147.py:63: UserWarning: The given NumPy array is not writable, and PyTorch does not support non-writable tensors. This means writing to this tensor will result in undefined behavior. You may want to copy the array to protect its data or make it writable before converting it to a tensor. This type of warning will be suppressed for the rest of this program. (Triggered internally at /pytorch/torch/csrc/utils/tensor_numpy.cpp:213.)
  return {"imgs": torch.from_numpy(np.asarray(img)).permute(2, 0, 1).float() / 255.0,
/data/repo/code/data/fsc147.py:63: UserWarning: The given NumPy array is not writable, and PyTorch does not support non-writable tensors. This means writing to this tensor will result in undefined behavior. You may want to copy the array to protect its data or make it writable before converting it to a tensor. This type of warning will be suppressed for the rest of this program. (Triggered internally at /pytorch/torch/csrc/utils/tensor_numpy.cpp:213.)
  return {"imgs": torch.from_numpy(np.asarray(img)).permute(2, 0, 1).float() / 255.0,
/data/repo/code/data/fsc147.py:63: UserWarning: The given NumPy array is not writable, and PyTorch does not support non-writable tensors. This means writing to this tensor will result in undefined behavior. You may want to copy the array to protect its data or make it writable before converting it to a tensor. This type of warning will be suppressed for the rest of this program. (Triggered internally at /pytorch/torch/csrc/utils/tensor_numpy.cpp:213.)
  return {"imgs": torch.from_numpy(np.asarray(img)).permute(2, 0, 1).float() / 255.0,
/data/repo/code/data/fsc147.py:63: UserWarning: The given NumPy array is not writable, and PyTorch does not support non-writable tensors. This means writing to this tensor will result in undefined behavior. You may want to copy the array to protect its data or make it writable before converting it to a tensor. This type of warning will be suppressed for the rest of this program. (Triggered internally at /pytorch/torch/csrc/utils/tensor_numpy.cpp:213.)
  return {"imgs": torch.from_numpy(np.asarray(img)).permute(2, 0, 1).float() / 255.0,
/data/repo/code/data/fsc147.py:63: UserWarning: The given NumPy array is not writable, and PyTorch does not support non-writable tensors. This means writing to this tensor will result in undefined behavior. You may want to copy the array to protect its data or make it writable before converting it to a tensor. This type of warning will be suppressed for the rest of this program. (Triggered internally at /pytorch/torch/csrc/utils/tensor_numpy.cpp:213.)
  return {"imgs": torch.from_numpy(np.asarray(img)).permute(2, 0, 1).float() / 255.0,
/data/repo/code/data/fsc147.py:63: UserWarning: The given NumPy array is not writable, and PyTorch does not support non-writable tensors. This means writing to this tensor will result in undefined behavior. You may want to copy the array to protect its data or make it writable before converting it to a tensor. This type of warning will be suppressed for the rest of this program. (Triggered internally at /pytorch/torch/csrc/utils/tensor_numpy.cpp:213.)
  return {"imgs": torch.from_numpy(np.asarray(img)).permute(2, 0, 1).float() / 255.0,
RESULT {"node": "N0018_dino_protoiter", "status": "running", "metrics": {"mae": NaN, "rmse": NaN, "best_mae": 23.403267307192504}, "timing": {"train_seconds": 934.9, "epochs_done": 27}, "diagnostics": {"oom": false}, "run_dir": "/data/runs/N0018_dino_protoiter", "ts": "2026-08-23T16:40:01+0800"}
E027/40 loss=nan MAE=nan RMSE=nan best=23.403 [935s]
/data/repo/code/data/fsc147.py:63: UserWarning: The given NumPy array is not writable, and PyTorch does not support non-writable tensors. This means writing to this tensor will result in undefined behavior. You may want to copy the array to protect its data or make it writable before converting it to a tensor. This type of warning will be suppressed for the rest of this program. (Triggered internally at /pytorch/torch/csrc/utils/tensor_numpy.cpp:213.)
  return {"imgs": torch.from_numpy(np.asarray(img)).permute(2, 0, 1).float() / 255.0,
/data/repo/code/data/fsc147.py:63: UserWarning: The given NumPy array is not writable, and PyTorch does not support non-writable tensors. This means writing to this tensor will result in undefined behavior. You may want to copy the array to protect its data or make it writable before converting it to a tensor. This type of warning will be suppressed for the rest of this program. (Triggered internally at /pytorch/torch/csrc/utils/tensor_numpy.cpp:213.)
  return {"imgs": torch.from_numpy(np.asarray(img)).permute(2, 0, 1).float() / 255.0,
/data/repo/code/data/fsc147.py:63: UserWarning: The given NumPy array is not writable, and PyTorch does not support non-writable tensors. This means writing to this tensor will result in undefined behavior. You may want to copy the array to protect its data or make it writable before converting it to a tensor. This type of warning will be suppressed for the rest of this program. (Triggered internally at /pytorch/torch/csrc/utils/tensor_numpy.cpp:213.)
  return {"imgs": torch.from_numpy(np.asarray(img)).permute(2, 0, 1).float() / 255.0,
/data/repo/code/data/fsc147.py:63: UserWarning: The given NumPy array is not writable, and PyTorch does not support non-writable tensors. This means writing to this tensor will result in undefined behavior. You may want to copy the array to protect its data or make it writable before converting it to a tensor. This type of warning will be suppressed for the rest of this program. (Triggered internally at /pytorch/torch/csrc/utils/tensor_numpy.cpp:213.)
  return {"imgs": torch.from_numpy(np.asarray(img)).permute(2, 0, 1).float() / 255.0,
/data/repo/code/data/fsc147.py:63: UserWarning: The given NumPy array is not writable, and PyTorch does not support non-writable tensors. This means writing to this tensor will result in undefined behavior. You may want to copy the array to protect its data or make it writable before converting it to a tensor. This type of warning will be suppressed for the rest of this program. (Triggered internally at /pytorch/torch/csrc/utils/tensor_numpy.cpp:213.)
  return {"imgs": torch.from_numpy(np.asarray(img)).permute(2, 0, 1).float() / 255.0,
/data/repo/code/data/fsc147.py:63: UserWarning: The given NumPy array is not writable, and PyTorch does not support non-writable tensors. This means writing to this tensor will result in undefined behavior. You may want to copy the array to protect its data or make it writable before converting it to a tensor. This type of warning will be suppressed for the rest of this program. (Triggered internally at /pytorch/torch/csrc/utils/tensor_numpy.cpp:213.)
  return {"imgs": torch.from_numpy(np.asarray(img)).permute(2, 0, 1).float() / 255.0,
/data/repo/code/data/fsc147.py:63: UserWarning: The given NumPy array is not writable, and PyTorch does not support non-writable tensors. This means writing to this tensor will result in undefined behavior. You may want to copy the array to protect its data or make it writable before converting it to a tensor. This type of warning will be suppressed for the rest of this program. (Triggered internally at /pytorch/torch/csrc/utils/tensor_numpy.cpp:213.)
  return {"imgs": torch.from_numpy(np.asarray(img)).permute(2, 0, 1).float() / 255.0,
/data/repo/code/data/fsc147.py:63: UserWarning: The given NumPy array is not writable, and PyTorch does not support non-writable tensors. This means writing to this tensor will result in undefined behavior. You may want to copy the array to protect its data or make it writable before converting it to a tensor. This type of warning will be suppressed for the rest of this program. (Triggered internally at /pytorch/torch/csrc/utils/tensor_numpy.cpp:213.)
  return {"imgs": torch.from_numpy(np.asarray(img)).permute(2, 0, 1).float() / 255.0,
RESULT {"node": "N0018_dino_protoiter", "status": "running", "metrics": {"mae": NaN, "rmse": NaN, "best_mae": 23.403267307192504}, "timing": {"train_seconds": 968.5, "epochs_done": 28}, "diagnostics": {"oom": false}, "run_dir": "/data/runs/N0018_dino_protoiter", "ts": "2026-08-23T16:40:35+0800"}
E028/40 loss=nan MAE=nan RMSE=nan best=23.403 [968s]
/data/repo/code/data/fsc147.py:63: UserWarning: The given NumPy array is not writable, and PyTorch does not support non-writable tensors. This means writing to this tensor will result in undefined behavior. You may want to copy the array to protect its data or make it writable before converting it to a tensor. This type of warning will be suppressed for the rest of this program. (Triggered internally at /pytorch/torch/csrc/utils/tensor_numpy.cpp:213.)
  return {"imgs": torch.from_numpy(np.asarray(img)).permute(2, 0, 1).float() / 255.0,
/data/repo/code/data/fsc147.py:63: UserWarning: The given NumPy array is not writable, and PyTorch does not support non-writable tensors. This means writing to this tensor will result in undefined behavior. You may want to copy the array to protect its data or make it writable before converting it to a tensor. This type of warning will be suppressed for the rest of this program. (Triggered internally at /pytorch/torch/csrc/utils/tensor_numpy.cpp:213.)
  return {"imgs": torch.from_numpy(np.asarray(img)).permute(2, 0, 1).float() / 255.0,
/data/repo/code/data/fsc147.py:63: UserWarning: The given NumPy array is not writable, and PyTorch does not support non-writable tensors. This means writing to this tensor will result in undefined behavior. You may want to copy the array to protect its data or make it writable before converting it to a tensor. This type of warning will be suppressed for the rest of this program. (Triggered internally at /pytorch/torch/csrc/utils/tensor_numpy.cpp:213.)
  return {"imgs": torch.from_numpy(np.asarray(img)).permute(2, 0, 1).float() / 255.0,
/data/repo/code/data/fsc147.py:63: UserWarning: The given NumPy array is not writable, and PyTorch does not support non-writable tensors. This means writing to this tensor will result in undefined behavior. You may want to copy the array to protect its data or make it writable before converting it to a tensor. This type of warning will be suppressed for the rest of this program. (Triggered internally at /pytorch/torch/csrc/utils/tensor_numpy.cpp:213.)
  return {"imgs": torch.from_numpy(np.asarray(img)).permute(2, 0, 1).float() / 255.0,
/data/repo/code/data/fsc147.py:63: UserWarning: The given NumPy array is not writable, and PyTorch does not support non-writable tensors. This means writing to this tensor will result in undefined behavior. You may want to copy the array to protect its data or make it writable before converting it to a tensor. This type of warning will be suppressed for the rest of this program. (Triggered internally at /pytorch/torch/csrc/utils/tensor_numpy.cpp:213.)
  return {"imgs": torch.from_numpy(np.asarray(img)).permute(2, 0, 1).float() / 255.0,
/data/repo/code/data/fsc147.py:63: UserWarning: The given NumPy array is not writable, and PyTorch does not support non-writable tensors. This means writing to this tensor will result in undefined behavior. You may want to copy the array to protect its data or make it writable before converting it to a tensor. This type of warning will be suppressed for the rest of this program. (Triggered internally at /pytorch/torch/csrc/utils/tensor_numpy.cpp:213.)
  return {"imgs": torch.from_numpy(np.asarray(img)).permute(2, 0, 1).float() / 255.0,
/data/repo/code/data/fsc147.py:63: UserWarning: The given NumPy array is not writable, and PyTorch does not support non-writable tensors. This means writing to this tensor will result in undefined behavior. You may want to copy the array to protect its data or make it writable before converting it to a tensor. This type of warning will be suppressed for the rest of this program. (Triggered internally at /pytorch/torch/csrc/utils/tensor_numpy.cpp:213.)
  return {"imgs": torch.from_numpy(np.asarray(img)).permute(2, 0, 1).float() / 255.0,
/data/repo/code/data/fsc147.py:63: UserWarning: The given NumPy array is not writable, and PyTorch does not support non-writable tensors. This means writing to this tensor will result in undefined behavior. You may want to copy the array to protect its data or make it writable before converting it to a tensor. This type of warning will be suppressed for the rest of this program. (Triggered internally at /pytorch/torch/csrc/utils/tensor_numpy.cpp:213.)
  return {"imgs": torch.from_numpy(np.asarray(img)).permute(2, 0, 1).float() / 255.0,
RESULT {"node": "N0018_dino_protoiter", "status": "running", "metrics": {"mae": NaN, "rmse": NaN, "best_mae": 23.403267307192504}, "timing": {"train_seconds": 1002.2, "epochs_done": 29}, "diagnostics": {"oom": false}, "run_dir": "/data/runs/N0018_dino_protoiter", "ts": "2026-08-23T16:41:09+0800"}
E029/40 loss=nan MAE=nan RMSE=nan best=23.403 [1002s]
/data/repo/code/data/fsc147.py:63: UserWarning: The given NumPy array is not writable, and PyTorch does not support non-writable tensors. This means writing to this tensor will result in undefined behavior. You may want to copy the array to protect its data or make it writable before converting it to a tensor. This type of warning will be suppressed for the rest of this program. (Triggered internally at /pytorch/torch/csrc/utils/tensor_numpy.cpp:213.)
  return {"imgs": torch.from_numpy(np.asarray(img)).permute(2, 0, 1).float() / 255.0,
/data/repo/code/data/fsc147.py:63: UserWarning: The given NumPy array is not writable, and PyTorch does not support non-writable tensors. This means writing to this tensor will result in undefined behavior. You may want to copy the array to protect its data or make it writable before converting it to a tensor. This type of warning will be suppressed for the rest of this program. (Triggered internally at /pytorch/torch/csrc/utils/tensor_numpy.cpp:213.)
  return {"imgs": torch.from_numpy(np.asarray(img)).permute(2, 0, 1).float() / 255.0,
/data/repo/code/data/fsc147.py:63: UserWarning: The given NumPy array is not writable, and PyTorch does not support non-writable tensors. This means writing to this tensor will result in undefined behavior. You may want to copy the array to protect its data or make it writable before converting it to a tensor. This type of warning will be suppressed for the rest of this program. (Triggered internally at /pytorch/torch/csrc/utils/tensor_numpy.cpp:213.)
  return {"imgs": torch.from_numpy(np.asarray(img)).permute(2, 0, 1).float() / 255.0,
/data/repo/code/data/fsc147.py:63: UserWarning: The given NumPy array is not writable, and PyTorch does not support non-writable tensors. This means writing to this tensor will result in undefined behavior. You may want to copy the array to protect its data or make it writable before converting it to a tensor. This type of warning will be suppressed for the rest of this program. (Triggered internally at /pytorch/torch/csrc/utils/tensor_numpy.cpp:213.)
  return {"imgs": torch.from_numpy(np.asarray(img)).permute(2, 0, 1).float() / 255.0,
/data/repo/code/data/fsc147.py:63: UserWarning: The given NumPy array is not writable, and PyTorch does not support non-writable tensors. This means writing to this tensor will result in undefined behavior. You may want to copy the array to protect its data or make it writable before converting it to a tensor. This type of warning will be suppressed for the rest of this program. (Triggered internally at /pytorch/torch/csrc/utils/tensor_numpy.cpp:213.)
  return {"imgs": torch.from_numpy(np.asarray(img)).permute(2, 0, 1).float() / 255.0,
/data/repo/code/data/fsc147.py:63: UserWarning: The given NumPy array is not writable, and PyTorch does not support non-writable tensors. This means writing to this tensor will result in undefined behavior. You may want to copy the array to protect its data or make it writable before converting it to a tensor. This type of warning will be suppressed for the rest of this program. (Triggered internally at /pytorch/torch/csrc/utils/tensor_numpy.cpp:213.)
  return {"imgs": torch.from_numpy(np.asarray(img)).permute(2, 0, 1).float() / 255.0,
/data/repo/code/data/fsc147.py:63: UserWarning: The given NumPy array is not writable, and PyTorch does not support non-writable tensors. This means writing to this tensor will result in undefined behavior. You may want to copy the array to protect its data or make it writable before converting it to a tensor. This type of warning will be suppressed for the rest of this program. (Triggered internally at /pytorch/torch/csrc/utils/tensor_numpy.cpp:213.)
  return {"imgs": torch.from_numpy(np.asarray(img)).permute(2, 0, 1).float() / 255.0,
/data/repo/code/data/fsc147.py:63: UserWarning: The given NumPy array is not writable, and PyTorch does not support non-writable tensors. This means writing to this tensor will result in undefined behavior. You may want to copy the array to protect its data or make it writable before converting it to a tensor. This type of warning will be suppressed for the rest of this program. (Triggered internally at /pytorch/torch/csrc/utils/tensor_numpy.cpp:213.)
  return {"imgs": torch.from_numpy(np.asarray(img)).permute(2, 0, 1).float() / 255.0,
RESULT {"node": "N0018_dino_protoiter", "status": "running", "metrics": {"mae": NaN, "rmse": NaN, "best_mae": 23.403267307192504}, "timing": {"train_seconds": 1035.9, "epochs_done": 30}, "diagnostics": {"oom": false}, "run_dir": "/data/runs/N0018_dino_protoiter", "ts": "2026-08-23T16:41:43+0800"}
E030/40 loss=nan MAE=nan RMSE=nan best=23.403 [1036s]
/data/repo/code/data/fsc147.py:63: UserWarning: The given NumPy array is not writable, and PyTorch does not support non-writable tensors. This means writing to this tensor will result in undefined behavior. You may want to copy the array to protect its data or make it writable before converting it to a tensor. This type of warning will be suppressed for the rest of this program. (Triggered internally at /pytorch/torch/csrc/utils/tensor_numpy.cpp:213.)
  return {"imgs": torch.from_numpy(np.asarray(img)).permute(2, 0, 1).float() / 255.0,
/data/repo/code/data/fsc147.py:63: UserWarning: The given NumPy array is not writable, and PyTorch does not support non-writable tensors. This means writing to this tensor will result in undefined behavior. You may want to copy the array to protect its data or make it writable before converting it to a tensor. This type of warning will be suppressed for the rest of this program. (Triggered internally at /pytorch/torch/csrc/utils/tensor_numpy.cpp:213.)
  return {"imgs": torch.from_numpy(np.asarray(img)).permute(2, 0, 1).float() / 255.0,
/data/repo/code/data/fsc147.py:63: UserWarning: The given NumPy array is not writable, and PyTorch does not support non-writable tensors. This means writing to this tensor will result in undefined behavior. You may want to copy the array to protect its data or make it writable before converting it to a tensor. This type of warning will be suppressed for the rest of this program. (Triggered internally at /pytorch/torch/csrc/utils/tensor_numpy.cpp:213.)
  return {"imgs": torch.from_numpy(np.asarray(img)).permute(2, 0, 1).float() / 255.0,
/data/repo/code/data/fsc147.py:63: UserWarning: The given NumPy array is not writable, and PyTorch does not support non-writable tensors. This means writing to this tensor will result in undefined behavior. You may want to copy the array to protect its data or make it writable before converting it to a tensor. This type of warning will be suppressed for the rest of this program. (Triggered internally at /pytorch/torch/csrc/utils/tensor_numpy.cpp:213.)
  return {"imgs": torch.from_numpy(np.asarray(img)).permute(2, 0, 1).float() / 255.0,
/data/repo/code/data/fsc147.py:63: UserWarning: The given NumPy array is not writable, and PyTorch does not support non-writable tensors. This means writing to this tensor will result in undefined behavior. You may want to copy the array to protect its data or make it writable before converting it to a tensor. This type of warning will be suppressed for the rest of this program. (Triggered internally at /pytorch/torch/csrc/utils/tensor_numpy.cpp:213.)
  return {"imgs": torch.from_numpy(np.asarray(img)).permute(2, 0, 1).float() / 255.0,
/data/repo/code/data/fsc147.py:63: UserWarning: The given NumPy array is not writable, and PyTorch does not support non-writable tensors. This means writing to this tensor will result in undefined behavior. You may want to copy the array to protect its data or make it writable before converting it to a tensor. This type of warning will be suppressed for the rest of this program. (Triggered internally at /pytorch/torch/csrc/utils/tensor_numpy.cpp:213.)
  return {"imgs": torch.from_numpy(np.asarray(img)).permute(2, 0, 1).float() / 255.0,
/data/repo/code/data/fsc147.py:63: UserWarning: The given NumPy array is not writable, and PyTorch does not support non-writable tensors. This means writing to this tensor will result in undefined behavior. You may want to copy the array to protect its data or make it writable before converting it to a tensor. This type of warning will be suppressed for the rest of this program. (Triggered internally at /pytorch/torch/csrc/utils/tensor_numpy.cpp:213.)
  return {"imgs": torch.from_numpy(np.asarray(img)).permute(2, 0, 1).float() / 255.0,
/data/repo/code/data/fsc147.py:63: UserWarning: The given NumPy array is not writable, and PyTorch does not support non-writable tensors. This means writing to this tensor will result in undefined behavior. You may want to copy the array to protect its data or make it writable before converting it to a tensor. This type of warning will be suppressed for the rest of this program. (Triggered internally at /pytorch/torch/csrc/utils/tensor_numpy.cpp:213.)
  return {"imgs": torch.from_numpy(np.asarray(img)).permute(2, 0, 1).float() / 255.0,
RESULT {"node": "N0018_dino_protoiter", "status": "running", "metrics": {"mae": NaN, "rmse": NaN, "best_mae": 23.403267307192504}, "timing": {"train_seconds": 1069.6, "epochs_done": 31}, "diagnostics": {"oom": false}, "run_dir": "/data/runs/N0018_dino_protoiter", "ts": "2026-08-23T16:42:16+0800"}
E031/40 loss=nan MAE=nan RMSE=nan best=23.403 [1070s]
/data/repo/code/data/fsc147.py:63: UserWarning: The given NumPy array is not writable, and PyTorch does not support non-writable tensors. This means writing to this tensor will result in undefined behavior. You may want to copy the array to protect its data or make it writable before converting it to a tensor. This type of warning will be suppressed for the rest of this program. (Triggered internally at /pytorch/torch/csrc/utils/tensor_numpy.cpp:213.)
  return {"imgs": torch.from_numpy(np.asarray(img)).permute(2, 0, 1).float() / 255.0,
/data/repo/code/data/fsc147.py:63: UserWarning: The given NumPy array is not writable, and PyTorch does not support non-writable tensors. This means writing to this tensor will result in undefined behavior. You may want to copy the array to protect its data or make it writable before converting it to a tensor. This type of warning will be suppressed for the rest of this program. (Triggered internally at /pytorch/torch/csrc/utils/tensor_numpy.cpp:213.)
  return {"imgs": torch.from_numpy(np.asarray(img)).permute(2, 0, 1).float() / 255.0,
/data/repo/code/data/fsc147.py:63: UserWarning: The given NumPy array is not writable, and PyTorch does not support non-writable tensors. This means writing to this tensor will result in undefined behavior. You may want to copy the array to protect its data or make it writable before converting it to a tensor. This type of warning will be suppressed for the rest of this program. (Triggered internally at /pytorch/torch/csrc/utils/tensor_numpy.cpp:213.)
  return {"imgs": torch.from_numpy(np.asarray(img)).permute(2, 0, 1).float() / 255.0,
/data/repo/code/data/fsc147.py:63: UserWarning: The given NumPy array is not writable, and PyTorch does not support non-writable tensors. This means writing to this tensor will result in undefined behavior. You may want to copy the array to protect its data or make it writable before converting it to a tensor. This type of warning will be suppressed for the rest of this program. (Triggered internally at /pytorch/torch/csrc/utils/tensor_numpy.cpp:213.)
  return {"imgs": torch.from_numpy(np.asarray(img)).permute(2, 0, 1).float() / 255.0,
/data/repo/code/data/fsc147.py:63: UserWarning: The given NumPy array is not writable, and PyTorch does not support non-writable tensors. This means writing to this tensor will result in undefined behavior. You may want to copy the array to protect its data or make it writable before converting it to a tensor. This type of warning will be suppressed for the rest of this program. (Triggered internally at /pytorch/torch/csrc/utils/tensor_numpy.cpp:213.)
  return {"imgs": torch.from_numpy(np.asarray(img)).permute(2, 0, 1).float() / 255.0,
/data/repo/code/data/fsc147.py:63: UserWarning: The given NumPy array is not writable, and PyTorch does not support non-writable tensors. This means writing to this tensor will result in undefined behavior. You may want to copy the array to protect its data or make it writable before converting it to a tensor. This type of warning will be suppressed for the rest of this program. (Triggered internally at /pytorch/torch/csrc/utils/tensor_numpy.cpp:213.)
  return {"imgs": torch.from_numpy(np.asarray(img)).permute(2, 0, 1).float() / 255.0,
/data/repo/code/data/fsc147.py:63: UserWarning: The given NumPy array is not writable, and PyTorch does not support non-writable tensors. This means writing to this tensor will result in undefined behavior. You may want to copy the array to protect its data or make it writable before converting it to a tensor. This type of warning will be suppressed for the rest of this program. (Triggered internally at /pytorch/torch/csrc/utils/tensor_numpy.cpp:213.)
  return {"imgs": torch.from_numpy(np.asarray(img)).permute(2, 0, 1).float() / 255.0,
/data/repo/code/data/fsc147.py:63: UserWarning: The given NumPy array is not writable, and PyTorch does not support non-writable tensors. This means writing to this tensor will result in undefined behavior. You may want to copy the array to protect its data or make it writable before converting it to a tensor. This type of warning will be suppressed for the rest of this program. (Triggered internally at /pytorch/torch/csrc/utils/tensor_numpy.cpp:213.)
  return {"imgs": torch.from_numpy(np.asarray(img)).permute(2, 0, 1).float() / 255.0,
RESULT {"node": "N0018_dino_protoiter", "status": "running", "metrics": {"mae": NaN, "rmse": NaN, "best_mae": 23.403267307192504}, "timing": {"train_seconds": 1103.3, "epochs_done": 32}, "diagnostics": {"oom": false}, "run_dir": "/data/runs/N0018_dino_protoiter", "ts": "2026-08-23T16:42:50+0800"}
E032/40 loss=nan MAE=nan RMSE=nan best=23.403 [1103s]
/data/repo/code/data/fsc147.py:63: UserWarning: The given NumPy array is not writable, and PyTorch does not support non-writable tensors. This means writing to this tensor will result in undefined behavior. You may want to copy the array to protect its data or make it writable before converting it to a tensor. This type of warning will be suppressed for the rest of this program. (Triggered internally at /pytorch/torch/csrc/utils/tensor_numpy.cpp:213.)
  return {"imgs": torch.from_numpy(np.asarray(img)).permute(2, 0, 1).float() / 255.0,
/data/repo/code/data/fsc147.py:63: UserWarning: The given NumPy array is not writable, and PyTorch does not support non-writable tensors. This means writing to this tensor will result in undefined behavior. You may want to copy the array to protect its data or make it writable before converting it to a tensor. This type of warning will be suppressed for the rest of this program. (Triggered internally at /pytorch/torch/csrc/utils/tensor_numpy.cpp:213.)
  return {"imgs": torch.from_numpy(np.asarray(img)).permute(2, 0, 1).float() / 255.0,
/data/repo/code/data/fsc147.py:63: UserWarning: The given NumPy array is not writable, and PyTorch does not support non-writable tensors. This means writing to this tensor will result in undefined behavior. You may want to copy the array to protect its data or make it writable before converting it to a tensor. This type of warning will be suppressed for the rest of this program. (Triggered internally at /pytorch/torch/csrc/utils/tensor_numpy.cpp:213.)
  return {"imgs": torch.from_numpy(np.asarray(img)).permute(2, 0, 1).float() / 255.0,
/data/repo/code/data/fsc147.py:63: UserWarning: The given NumPy array is not writable, and PyTorch does not support non-writable tensors. This means writing to this tensor will result in undefined behavior. You may want to copy the array to protect its data or make it writable before converting it to a tensor. This type of warning will be suppressed for the rest of this program. (Triggered internally at /pytorch/torch/csrc/utils/tensor_numpy.cpp:213.)
  return {"imgs": torch.from_numpy(np.asarray(img)).permute(2, 0, 1).float() / 255.0,
/data/repo/code/data/fsc147.py:63: UserWarning: The given NumPy array is not writable, and PyTorch does not support non-writable tensors. This means writing to this tensor will result in undefined behavior. You may want to copy the array to protect its data or make it writable before converting it to a tensor. This type of warning will be suppressed for the rest of this program. (Triggered internally at /pytorch/torch/csrc/utils/tensor_numpy.cpp:213.)
  return {"imgs": torch.from_numpy(np.asarray(img)).permute(2, 0, 1).float() / 255.0,
/data/repo/code/data/fsc147.py:63: UserWarning: The given NumPy array is not writable, and PyTorch does not support non-writable tensors. This means writing to this tensor will result in undefined behavior. You may want to copy the array to protect its data or make it writable before converting it to a tensor. This type of warning will be suppressed for the rest of this program. (Triggered internally at /pytorch/torch/csrc/utils/tensor_numpy.cpp:213.)
  return {"imgs": torch.from_numpy(np.asarray(img)).permute(2, 0, 1).float() / 255.0,
/data/repo/code/data/fsc147.py:63: UserWarning: The given NumPy array is not writable, and PyTorch does not support non-writable tensors. This means writing to this tensor will result in undefined behavior. You may want to copy the array to protect its data or make it writable before converting it to a tensor. This type of warning will be suppressed for the rest of this program. (Triggered internally at /pytorch/torch/csrc/utils/tensor_numpy.cpp:213.)
  return {"imgs": torch.from_numpy(np.asarray(img)).permute(2, 0, 1).float() / 255.0,
/data/repo/code/data/fsc147.py:63: UserWarning: The given NumPy array is not writable, and PyTorch does not support non-writable tensors. This means writing to this tensor will result in undefined behavior. You may want to copy the array to protect its data or make it writable before converting it to a tensor. This type of warning will be suppressed for the rest of this program. (Triggered internally at /pytorch/torch/csrc/utils/tensor_numpy.cpp:213.)
  return {"imgs": torch.from_numpy(np.asarray(img)).permute(2, 0, 1).float() / 255.0,
RESULT {"node": "N0018_dino_protoiter", "status": "running", "metrics": {"mae": NaN, "rmse": NaN, "best_mae": 23.403267307192504}, "timing": {"train_seconds": 1137.8, "epochs_done": 33}, "diagnostics": {"oom": false}, "run_dir": "/data/runs/N0018_dino_protoiter", "ts": "2026-08-23T16:43:24+0800"}
E033/40 loss=nan MAE=nan RMSE=nan best=23.403 [1138s]
/data/repo/code/data/fsc147.py:63: UserWarning: The given NumPy array is not writable, and PyTorch does not support non-writable tensors. This means writing to this tensor will result in undefined behavior. You may want to copy the array to protect its data or make it writable before converting it to a tensor. This type of warning will be suppressed for the rest of this program. (Triggered internally at /pytorch/torch/csrc/utils/tensor_numpy.cpp:213.)
  return {"imgs": torch.from_numpy(np.asarray(img)).permute(2, 0, 1).float() / 255.0,
/data/repo/code/data/fsc147.py:63: UserWarning: The given NumPy array is not writable, and PyTorch does not support non-writable tensors. This means writing to this tensor will result in undefined behavior. You may want to copy the array to protect its data or make it writable before converting it to a tensor. This type of warning will be suppressed for the rest of this program. (Triggered internally at /pytorch/torch/csrc/utils/tensor_numpy.cpp:213.)
  return {"imgs": torch.from_numpy(np.asarray(img)).permute(2, 0, 1).float() / 255.0,
/data/repo/code/data/fsc147.py:63: UserWarning: The given NumPy array is not writable, and PyTorch does not support non-writable tensors. This means writing to this tensor will result in undefined behavior. You may want to copy the array to protect its data or make it writable before converting it to a tensor. This type of warning will be suppressed for the rest of this program. (Triggered internally at /pytorch/torch/csrc/utils/tensor_numpy.cpp:213.)
  return {"imgs": torch.from_numpy(np.asarray(img)).permute(2, 0, 1).float() / 255.0,
/data/repo/code/data/fsc147.py:63: UserWarning: The given NumPy array is not writable, and PyTorch does not support non-writable tensors. This means writing to this tensor will result in undefined behavior. You may want to copy the array to protect its data or make it writable before converting it to a tensor. This type of warning will be suppressed for the rest of this program. (Triggered internally at /pytorch/torch/csrc/utils/tensor_numpy.cpp:213.)
  return {"imgs": torch.from_numpy(np.asarray(img)).permute(2, 0, 1).float() / 255.0,
/data/repo/code/data/fsc147.py:63: UserWarning: The given NumPy array is not writable, and PyTorch does not support non-writable tensors. This means writing to this tensor will result in undefined behavior. You may want to copy the array to protect its data or make it writable before converting it to a tensor. This type of warning will be suppressed for the rest of this program. (Triggered internally at /pytorch/torch/csrc/utils/tensor_numpy.cpp:213.)
  return {"imgs": torch.from_numpy(np.asarray(img)).permute(2, 0, 1).float() / 255.0,
/data/repo/code/data/fsc147.py:63: UserWarning: The given NumPy array is not writable, and PyTorch does not support non-writable tensors. This means writing to this tensor will result in undefined behavior. You may want to copy the array to protect its data or make it writable before converting it to a tensor. This type of warning will be suppressed for the rest of this program. (Triggered internally at /pytorch/torch/csrc/utils/tensor_numpy.cpp:213.)
  return {"imgs": torch.from_numpy(np.asarray(img)).permute(2, 0, 1).float() / 255.0,
/data/repo/code/data/fsc147.py:63: UserWarning: The given NumPy array is not writable, and PyTorch does not support non-writable tensors. This means writing to this tensor will result in undefined behavior. You may want to copy the array to protect its data or make it writable before converting it to a tensor. This type of warning will be suppressed for the rest of this program. (Triggered internally at /pytorch/torch/csrc/utils/tensor_numpy.cpp:213.)
  return {"imgs": torch.from_numpy(np.asarray(img)).permute(2, 0, 1).float() / 255.0,
/data/repo/code/data/fsc147.py:63: UserWarning: The given NumPy array is not writable, and PyTorch does not support non-writable tensors. This means writing to this tensor will result in undefined behavior. You may want to copy the array to protect its data or make it writable before converting it to a tensor. This type of warning will be suppressed for the rest of this program. (Triggered internally at /pytorch/torch/csrc/utils/tensor_numpy.cpp:213.)
  return {"imgs": torch.from_numpy(np.asarray(img)).permute(2, 0, 1).float() / 255.0,
RESULT {"node": "N0018_dino_protoiter", "status": "running", "metrics": {"mae": NaN, "rmse": NaN, "best_mae": 23.403267307192504}, "timing": {"train_seconds": 1171.6, "epochs_done": 34}, "diagnostics": {"oom": false}, "run_dir": "/data/runs/N0018_dino_protoiter", "ts": "2026-08-23T16:43:58+0800"}
E034/40 loss=nan MAE=nan RMSE=nan best=23.403 [1172s]
/data/repo/code/data/fsc147.py:63: UserWarning: The given NumPy array is not writable, and PyTorch does not support non-writable tensors. This means writing to this tensor will result in undefined behavior. You may want to copy the array to protect its data or make it writable before converting it to a tensor. This type of warning will be suppressed for the rest of this program. (Triggered internally at /pytorch/torch/csrc/utils/tensor_numpy.cpp:213.)
  return {"imgs": torch.from_numpy(np.asarray(img)).permute(2, 0, 1).float() / 255.0,
/data/repo/code/data/fsc147.py:63: UserWarning: The given NumPy array is not writable, and PyTorch does not support non-writable tensors. This means writing to this tensor will result in undefined behavior. You may want to copy the array to protect its data or make it writable before converting it to a tensor. This type of warning will be suppressed for the rest of this program. (Triggered internally at /pytorch/torch/csrc/utils/tensor_numpy.cpp:213.)
  return {"imgs": torch.from_numpy(np.asarray(img)).permute(2, 0, 1).float() / 255.0,
/data/repo/code/data/fsc147.py:63: UserWarning: The given NumPy array is not writable, and PyTorch does not support non-writable tensors. This means writing to this tensor will result in undefined behavior. You may want to copy the array to protect its data or make it writable before converting it to a tensor. This type of warning will be suppressed for the rest of this program. (Triggered internally at /pytorch/torch/csrc/utils/tensor_numpy.cpp:213.)
  return {"imgs": torch.from_numpy(np.asarray(img)).permute(2, 0, 1).float() / 255.0,
/data/repo/code/data/fsc147.py:63: UserWarning: The given NumPy array is not writable, and PyTorch does not support non-writable tensors. This means writing to this tensor will result in undefined behavior. You may want to copy the array to protect its data or make it writable before converting it to a tensor. This type of warning will be suppressed for the rest of this program. (Triggered internally at /pytorch/torch/csrc/utils/tensor_numpy.cpp:213.)
  return {"imgs": torch.from_numpy(np.asarray(img)).permute(2, 0, 1).float() / 255.0,
/data/repo/code/data/fsc147.py:63: UserWarning: The given NumPy array is not writable, and PyTorch does not support non-writable tensors. This means writing to this tensor will result in undefined behavior. You may want to copy the array to protect its data or make it writable before converting it to a tensor. This type of warning will be suppressed for the rest of this program. (Triggered internally at /pytorch/torch/csrc/utils/tensor_numpy.cpp:213.)
  return {"imgs": torch.from_numpy(np.asarray(img)).permute(2, 0, 1).float() / 255.0,
/data/repo/code/data/fsc147.py:63: UserWarning: The given NumPy array is not writable, and PyTorch does not support non-writable tensors. This means writing to this tensor will result in undefined behavior. You may want to copy the array to protect its data or make it writable before converting it to a tensor. This type of warning will be suppressed for the rest of this program. (Triggered internally at /pytorch/torch/csrc/utils/tensor_numpy.cpp:213.)
  return {"imgs": torch.from_numpy(np.asarray(img)).permute(2, 0, 1).float() / 255.0,
/data/repo/code/data/fsc147.py:63: UserWarning: The given NumPy array is not writable, and PyTorch does not support non-writable tensors. This means writing to this tensor will result in undefined behavior. You may want to copy the array to protect its data or make it writable before converting it to a tensor. This type of warning will be suppressed for the rest of this program. (Triggered internally at /pytorch/torch/csrc/utils/tensor_numpy.cpp:213.)
  return {"imgs": torch.from_numpy(np.asarray(img)).permute(2, 0, 1).float() / 255.0,
/data/repo/code/data/fsc147.py:63: UserWarning: The given NumPy array is not writable, and PyTorch does not support non-writable tensors. This means writing to this tensor will result in undefined behavior. You may want to copy the array to protect its data or make it writable before converting it to a tensor. This type of warning will be suppressed for the rest of this program. (Triggered internally at /pytorch/torch/csrc/utils/tensor_numpy.cpp:213.)
  return {"imgs": torch.from_numpy(np.asarray(img)).permute(2, 0, 1).float() / 255.0,
RESULT {"node": "N0018_dino_protoiter", "status": "running", "metrics": {"mae": NaN, "rmse": NaN, "best_mae": 23.403267307192504}, "timing": {"train_seconds": 1205.4, "epochs_done": 35}, "diagnostics": {"oom": false}, "run_dir": "/data/runs/N0018_dino_protoiter", "ts": "2026-08-23T16:44:32+0800"}
E035/40 loss=nan MAE=nan RMSE=nan best=23.403 [1205s]
/data/repo/code/data/fsc147.py:63: UserWarning: The given NumPy array is not writable, and PyTorch does not support non-writable tensors. This means writing to this tensor will result in undefined behavior. You may want to copy the array to protect its data or make it writable before converting it to a tensor. This type of warning will be suppressed for the rest of this program. (Triggered internally at /pytorch/torch/csrc/utils/tensor_numpy.cpp:213.)
  return {"imgs": torch.from_numpy(np.asarray(img)).permute(2, 0, 1).float() / 255.0,
/data/repo/code/data/fsc147.py:63: UserWarning: The given NumPy array is not writable, and PyTorch does not support non-writable tensors. This means writing to this tensor will result in undefined behavior. You may want to copy the array to protect its data or make it writable before converting it to a tensor. This type of warning will be suppressed for the rest of this program. (Triggered internally at /pytorch/torch/csrc/utils/tensor_numpy.cpp:213.)
  return {"imgs": torch.from_numpy(np.asarray(img)).permute(2, 0, 1).float() / 255.0,
/data/repo/code/data/fsc147.py:63: UserWarning: The given NumPy array is not writable, and PyTorch does not support non-writable tensors. This means writing to this tensor will result in undefined behavior. You may want to copy the array to protect its data or make it writable before converting it to a tensor. This type of warning will be suppressed for the rest of this program. (Triggered internally at /pytorch/torch/csrc/utils/tensor_numpy.cpp:213.)
  return {"imgs": torch.from_numpy(np.asarray(img)).permute(2, 0, 1).float() / 255.0,
/data/repo/code/data/fsc147.py:63: UserWarning: The given NumPy array is not writable, and PyTorch does not support non-writable tensors. This means writing to this tensor will result in undefined behavior. You may want to copy the array to protect its data or make it writable before converting it to a tensor. This type of warning will be suppressed for the rest of this program. (Triggered internally at /pytorch/torch/csrc/utils/tensor_numpy.cpp:213.)
  return {"imgs": torch.from_numpy(np.asarray(img)).permute(2, 0, 1).float() / 255.0,
/data/repo/code/data/fsc147.py:63: UserWarning: The given NumPy array is not writable, and PyTorch does not support non-writable tensors. This means writing to this tensor will result in undefined behavior. You may want to copy the array to protect its data or make it writable before converting it to a tensor. This type of warning will be suppressed for the rest of this program. (Triggered internally at /pytorch/torch/csrc/utils/tensor_numpy.cpp:213.)
  return {"imgs": torch.from_numpy(np.asarray(img)).permute(2, 0, 1).float() / 255.0,
/data/repo/code/data/fsc147.py:63: UserWarning: The given NumPy array is not writable, and PyTorch does not support non-writable tensors. This means writing to this tensor will result in undefined behavior. You may want to copy the array to protect its data or make it writable before converting it to a tensor. This type of warning will be suppressed for the rest of this program. (Triggered internally at /pytorch/torch/csrc/utils/tensor_numpy.cpp:213.)
  return {"imgs": torch.from_numpy(np.asarray(img)).permute(2, 0, 1).float() / 255.0,
/data/repo/code/data/fsc147.py:63: UserWarning: The given NumPy array is not writable, and PyTorch does not support non-writable tensors. This means writing to this tensor will result in undefined behavior. You may want to copy the array to protect its data or make it writable before converting it to a tensor. This type of warning will be suppressed for the rest of this program. (Triggered internally at /pytorch/torch/csrc/utils/tensor_numpy.cpp:213.)
  return {"imgs": torch.from_numpy(np.asarray(img)).permute(2, 0, 1).float() / 255.0,
/data/repo/code/data/fsc147.py:63: UserWarning: The given NumPy array is not writable, and PyTorch does not support non-writable tensors. This means writing to this tensor will result in undefined behavior. You may want to copy the array to protect its data or make it writable before converting it to a tensor. This type of warning will be suppressed for the rest of this program. (Triggered internally at /pytorch/torch/csrc/utils/tensor_numpy.cpp:213.)
  return {"imgs": torch.from_numpy(np.asarray(img)).permute(2, 0, 1).float() / 255.0,
RESULT {"node": "N0018_dino_protoiter", "status": "running", "metrics": {"mae": NaN, "rmse": NaN, "best_mae": 23.403267307192504}, "timing": {"train_seconds": 1239.1, "epochs_done": 36}, "diagnostics": {"oom": false}, "run_dir": "/data/runs/N0018_dino_protoiter", "ts": "2026-08-23T16:45:06+0800"}
E036/40 loss=nan MAE=nan RMSE=nan best=23.403 [1239s]
/data/repo/code/data/fsc147.py:63: UserWarning: The given NumPy array is not writable, and PyTorch does not support non-writable tensors. This means writing to this tensor will result in undefined behavior. You may want to copy the array to protect its data or make it writable before converting it to a tensor. This type of warning will be suppressed for the rest of this program. (Triggered internally at /pytorch/torch/csrc/utils/tensor_numpy.cpp:213.)
  return {"imgs": torch.from_numpy(np.asarray(img)).permute(2, 0, 1).float() / 255.0,
/data/repo/code/data/fsc147.py:63: UserWarning: The given NumPy array is not writable, and PyTorch does not support non-writable tensors. This means writing to this tensor will result in undefined behavior. You may want to copy the array to protect its data or make it writable before converting it to a tensor. This type of warning will be suppressed for the rest of this program. (Triggered internally at /pytorch/torch/csrc/utils/tensor_numpy.cpp:213.)
  return {"imgs": torch.from_numpy(np.asarray(img)).permute(2, 0, 1).float() / 255.0,
/data/repo/code/data/fsc147.py:63: UserWarning: The given NumPy array is not writable, and PyTorch does not support non-writable tensors. This means writing to this tensor will result in undefined behavior. You may want to copy the array to protect its data or make it writable before converting it to a tensor. This type of warning will be suppressed for the rest of this program. (Triggered internally at /pytorch/torch/csrc/utils/tensor_numpy.cpp:213.)
  return {"imgs": torch.from_numpy(np.asarray(img)).permute(2, 0, 1).float() / 255.0,
/data/repo/code/data/fsc147.py:63: UserWarning: The given NumPy array is not writable, and PyTorch does not support non-writable tensors. This means writing to this tensor will result in undefined behavior. You may want to copy the array to protect its data or make it writable before converting it to a tensor. This type of warning will be suppressed for the rest of this program. (Triggered internally at /pytorch/torch/csrc/utils/tensor_numpy.cpp:213.)
  return {"imgs": torch.from_numpy(np.asarray(img)).permute(2, 0, 1).float() / 255.0,
/data/repo/code/data/fsc147.py:63: UserWarning: The given NumPy array is not writable, and PyTorch does not support non-writable tensors. This means writing to this tensor will result in undefined behavior. You may want to copy the array to protect its data or make it writable before converting it to a tensor. This type of warning will be suppressed for the rest of this program. (Triggered internally at /pytorch/torch/csrc/utils/tensor_numpy.cpp:213.)
  return {"imgs": torch.from_numpy(np.asarray(img)).permute(2, 0, 1).float() / 255.0,
/data/repo/code/data/fsc147.py:63: UserWarning: The given NumPy array is not writable, and PyTorch does not support non-writable tensors. This means writing to this tensor will result in undefined behavior. You may want to copy the array to protect its data or make it writable before converting it to a tensor. This type of warning will be suppressed for the rest of this program. (Triggered internally at /pytorch/torch/csrc/utils/tensor_numpy.cpp:213.)
  return {"imgs": torch.from_numpy(np.asarray(img)).permute(2, 0, 1).float() / 255.0,
/data/repo/code/data/fsc147.py:63: UserWarning: The given NumPy array is not writable, and PyTorch does not support non-writable tensors. This means writing to this tensor will result in undefined behavior. You may want to copy the array to protect its data or make it writable before converting it to a tensor. This type of warning will be suppressed for the rest of this program. (Triggered internally at /pytorch/torch/csrc/utils/tensor_numpy.cpp:213.)
  return {"imgs": torch.from_numpy(np.asarray(img)).permute(2, 0, 1).float() / 255.0,
/data/repo/code/data/fsc147.py:63: UserWarning: The given NumPy array is not writable, and PyTorch does not support non-writable tensors. This means writing to this tensor will result in undefined behavior. You may want to copy the array to protect its data or make it writable before converting it to a tensor. This type of warning will be suppressed for the rest of this program. (Triggered internally at /pytorch/torch/csrc/utils/tensor_numpy.cpp:213.)
  return {"imgs": torch.from_numpy(np.asarray(img)).permute(2, 0, 1).float() / 255.0,
RESULT {"node": "N0018_dino_protoiter", "status": "running", "metrics": {"mae": NaN, "rmse": NaN, "best_mae": 23.403267307192504}, "timing": {"train_seconds": 1272.7, "epochs_done": 37}, "diagnostics": {"oom": false}, "run_dir": "/data/runs/N0018_dino_protoiter", "ts": "2026-08-23T16:45:39+0800"}
E037/40 loss=nan MAE=nan RMSE=nan best=23.403 [1273s]
/data/repo/code/data/fsc147.py:63: UserWarning: The given NumPy array is not writable, and PyTorch does not support non-writable tensors. This means writing to this tensor will result in undefined behavior. You may want to copy the array to protect its data or make it writable before converting it to a tensor. This type of warning will be suppressed for the rest of this program. (Triggered internally at /pytorch/torch/csrc/utils/tensor_numpy.cpp:213.)
  return {"imgs": torch.from_numpy(np.asarray(img)).permute(2, 0, 1).float() / 255.0,
/data/repo/code/data/fsc147.py:63: UserWarning: The given NumPy array is not writable, and PyTorch does not support non-writable tensors. This means writing to this tensor will result in undefined behavior. You may want to copy the array to protect its data or make it writable before converting it to a tensor. This type of warning will be suppressed for the rest of this program. (Triggered internally at /pytorch/torch/csrc/utils/tensor_numpy.cpp:213.)
  return {"imgs": torch.from_numpy(np.asarray(img)).permute(2, 0, 1).float() / 255.0,
/data/repo/code/data/fsc147.py:63: UserWarning: The given NumPy array is not writable, and PyTorch does not support non-writable tensors. This means writing to this tensor will result in undefined behavior. You may want to copy the array to protect its data or make it writable before converting it to a tensor. This type of warning will be suppressed for the rest of this program. (Triggered internally at /pytorch/torch/csrc/utils/tensor_numpy.cpp:213.)
  return {"imgs": torch.from_numpy(np.asarray(img)).permute(2, 0, 1).float() / 255.0,
/data/repo/code/data/fsc147.py:63: UserWarning: The given NumPy array is not writable, and PyTorch does not support non-writable tensors. This means writing to this tensor will result in undefined behavior. You may want to copy the array to protect its data or make it writable before converting it to a tensor. This type of warning will be suppressed for the rest of this program. (Triggered internally at /pytorch/torch/csrc/utils/tensor_numpy.cpp:213.)
  return {"imgs": torch.from_numpy(np.asarray(img)).permute(2, 0, 1).float() / 255.0,
/data/repo/code/data/fsc147.py:63: UserWarning: The given NumPy array is not writable, and PyTorch does not support non-writable tensors. This means writing to this tensor will result in undefined behavior. You may want to copy the array to protect its data or make it writable before converting it to a tensor. This type of warning will be suppressed for the rest of this program. (Triggered internally at /pytorch/torch/csrc/utils/tensor_numpy.cpp:213.)
  return {"imgs": torch.from_numpy(np.asarray(img)).permute(2, 0, 1).float() / 255.0,
/data/repo/code/data/fsc147.py:63: UserWarning: The given NumPy array is not writable, and PyTorch does not support non-writable tensors. This means writing to this tensor will result in undefined behavior. You may want to copy the array to protect its data or make it writable before converting it to a tensor. This type of warning will be suppressed for the rest of this program. (Triggered internally at /pytorch/torch/csrc/utils/tensor_numpy.cpp:213.)
  return {"imgs": torch.from_numpy(np.asarray(img)).permute(2, 0, 1).float() / 255.0,
/data/repo/code/data/fsc147.py:63: UserWarning: The given NumPy array is not writable, and PyTorch does not support non-writable tensors. This means writing to this tensor will result in undefined behavior. You may want to copy the array to protect its data or make it writable before converting it to a tensor. This type of warning will be suppressed for the rest of this program. (Triggered internally at /pytorch/torch/csrc/utils/tensor_numpy.cpp:213.)
  return {"imgs": torch.from_numpy(np.asarray(img)).permute(2, 0, 1).float() / 255.0,
/data/repo/code/data/fsc147.py:63: UserWarning: The given NumPy array is not writable, and PyTorch does not support non-writable tensors. This means writing to this tensor will result in undefined behavior. You may want to copy the array to protect its data or make it writable before converting it to a tensor. This type of warning will be suppressed for the rest of this program. (Triggered internally at /pytorch/torch/csrc/utils/tensor_numpy.cpp:213.)
  return {"imgs": torch.from_numpy(np.asarray(img)).permute(2, 0, 1).float() / 255.0,
RESULT {"node": "N0018_dino_protoiter", "status": "running", "metrics": {"mae": NaN, "rmse": NaN, "best_mae": 23.403267307192504}, "timing": {"train_seconds": 1306.6, "epochs_done": 38}, "diagnostics": {"oom": false}, "run_dir": "/data/runs/N0018_dino_protoiter", "ts": "2026-08-23T16:46:13+0800"}
E038/40 loss=nan MAE=nan RMSE=nan best=23.403 [1307s]
/data/repo/code/data/fsc147.py:63: UserWarning: The given NumPy array is not writable, and PyTorch does not support non-writable tensors. This means writing to this tensor will result in undefined behavior. You may want to copy the array to protect its data or make it writable before converting it to a tensor. This type of warning will be suppressed for the rest of this program. (Triggered internally at /pytorch/torch/csrc/utils/tensor_numpy.cpp:213.)
  return {"imgs": torch.from_numpy(np.asarray(img)).permute(2, 0, 1).float() / 255.0,
/data/repo/code/data/fsc147.py:63: UserWarning: The given NumPy array is not writable, and PyTorch does not support non-writable tensors. This means writing to this tensor will result in undefined behavior. You may want to copy the array to protect its data or make it writable before converting it to a tensor. This type of warning will be suppressed for the rest of this program. (Triggered internally at /pytorch/torch/csrc/utils/tensor_numpy.cpp:213.)
  return {"imgs": torch.from_numpy(np.asarray(img)).permute(2, 0, 1).float() / 255.0,
/data/repo/code/data/fsc147.py:63: UserWarning: The given NumPy array is not writable, and PyTorch does not support non-writable tensors. This means writing to this tensor will result in undefined behavior. You may want to copy the array to protect its data or make it writable before converting it to a tensor. This type of warning will be suppressed for the rest of this program. (Triggered internally at /pytorch/torch/csrc/utils/tensor_numpy.cpp:213.)
  return {"imgs": torch.from_numpy(np.asarray(img)).permute(2, 0, 1).float() / 255.0,
/data/repo/code/data/fsc147.py:63: UserWarning: The given NumPy array is not writable, and PyTorch does not support non-writable tensors. This means writing to this tensor will result in undefined behavior. You may want to copy the array to protect its data or make it writable before converting it to a tensor. This type of warning will be suppressed for the rest of this program. (Triggered internally at /pytorch/torch/csrc/utils/tensor_numpy.cpp:213.)
  return {"imgs": torch.from_numpy(np.asarray(img)).permute(2, 0, 1).float() / 255.0,
