/data/repo/code/data/fsc147.py:63: UserWarning: The given NumPy array is not writable, and PyTorch does not support non-writable tensors. This means writing to this tensor will result in undefined behavior. You may want to copy the array to protect its data or make it writable before converting it to a tensor. This type of warning will be suppressed for the rest of this program. (Triggered internally at /pytorch/torch/csrc/utils/tensor_numpy.cpp:213.)
  return {"imgs": torch.from_numpy(np.asarray(img)).permute(2, 0, 1).float() / 255.0,
RESULT {"node": "N0013_dino_mosaic", "status": "running", "metrics": {"mae": 24.379650655838415, "rmse": 87.57905333982069, "best_mae": 24.379650655838415}, "timing": {"train_seconds": 463.1, "epochs_done": 13}, "diagnostics": {"oom": false}, "run_dir": "/data/runs/N0013_dino_mosaic", "ts": "2026-08-23T14:32:08+0800"}
E013/40 loss=14.4256 MAE=24.380 RMSE=87.579 best=24.380 [463s] ***BEST
/data/repo/code/data/fsc147.py:63: UserWarning: The given NumPy array is not writable, and PyTorch does not support non-writable tensors. This means writing to this tensor will result in undefined behavior. You may want to copy the array to protect its data or make it writable before converting it to a tensor. This type of warning will be suppressed for the rest of this program. (Triggered internally at /pytorch/torch/csrc/utils/tensor_numpy.cpp:213.)
  return {"imgs": torch.from_numpy(np.asarray(img)).permute(2, 0, 1).float() / 255.0,
/data/repo/code/data/fsc147.py:63: UserWarning: The given NumPy array is not writable, and PyTorch does not support non-writable tensors. This means writing to this tensor will result in undefined behavior. You may want to copy the array to protect its data or make it writable before converting it to a tensor. This type of warning will be suppressed for the rest of this program. (Triggered internally at /pytorch/torch/csrc/utils/tensor_numpy.cpp:213.)
  return {"imgs": torch.from_numpy(np.asarray(img)).permute(2, 0, 1).float() / 255.0,
/data/repo/code/data/fsc147.py:63: UserWarning: The given NumPy array is not writable, and PyTorch does not support non-writable tensors. This means writing to this tensor will result in undefined behavior. You may want to copy the array to protect its data or make it writable before converting it to a tensor. This type of warning will be suppressed for the rest of this program. (Triggered internally at /pytorch/torch/csrc/utils/tensor_numpy.cpp:213.)
  return {"imgs": torch.from_numpy(np.asarray(img)).permute(2, 0, 1).float() / 255.0,
/data/repo/code/data/fsc147.py:63: UserWarning: The given NumPy array is not writable, and PyTorch does not support non-writable tensors. This means writing to this tensor will result in undefined behavior. You may want to copy the array to protect its data or make it writable before converting it to a tensor. This type of warning will be suppressed for the rest of this program. (Triggered internally at /pytorch/torch/csrc/utils/tensor_numpy.cpp:213.)
  return {"imgs": torch.from_numpy(np.asarray(img)).permute(2, 0, 1).float() / 255.0,
/data/repo/code/data/fsc147.py:63: UserWarning: The given NumPy array is not writable, and PyTorch does not support non-writable tensors. This means writing to this tensor will result in undefined behavior. You may want to copy the array to protect its data or make it writable before converting it to a tensor. This type of warning will be suppressed for the rest of this program. (Triggered internally at /pytorch/torch/csrc/utils/tensor_numpy.cpp:213.)
  return {"imgs": torch.from_numpy(np.asarray(img)).permute(2, 0, 1).float() / 255.0,
/data/repo/code/data/fsc147.py:63: UserWarning: The given NumPy array is not writable, and PyTorch does not support non-writable tensors. This means writing to this tensor will result in undefined behavior. You may want to copy the array to protect its data or make it writable before converting it to a tensor. This type of warning will be suppressed for the rest of this program. (Triggered internally at /pytorch/torch/csrc/utils/tensor_numpy.cpp:213.)
  return {"imgs": torch.from_numpy(np.asarray(img)).permute(2, 0, 1).float() / 255.0,
/data/repo/code/data/fsc147.py:63: UserWarning: The given NumPy array is not writable, and PyTorch does not support non-writable tensors. This means writing to this tensor will result in undefined behavior. You may want to copy the array to protect its data or make it writable before converting it to a tensor. This type of warning will be suppressed for the rest of this program. (Triggered internally at /pytorch/torch/csrc/utils/tensor_numpy.cpp:213.)
  return {"imgs": torch.from_numpy(np.asarray(img)).permute(2, 0, 1).float() / 255.0,
/data/repo/code/data/fsc147.py:63: UserWarning: The given NumPy array is not writable, and PyTorch does not support non-writable tensors. This means writing to this tensor will result in undefined behavior. You may want to copy the array to protect its data or make it writable before converting it to a tensor. This type of warning will be suppressed for the rest of this program. (Triggered internally at /pytorch/torch/csrc/utils/tensor_numpy.cpp:213.)
  return {"imgs": torch.from_numpy(np.asarray(img)).permute(2, 0, 1).float() / 255.0,
RESULT {"node": "N0013_dino_mosaic", "status": "running", "metrics": {"mae": 27.003154435758457, "rmse": 85.51804090927644, "best_mae": 24.379650655838415}, "timing": {"train_seconds": 497.6, "epochs_done": 14}, "diagnostics": {"oom": false}, "run_dir": "/data/runs/N0013_dino_mosaic", "ts": "2026-08-23T14:32:42+0800"}
E014/40 loss=13.6784 MAE=27.003 RMSE=85.518 best=24.380 [498s]
/data/repo/code/data/fsc147.py:63: UserWarning: The given NumPy array is not writable, and PyTorch does not support non-writable tensors. This means writing to this tensor will result in undefined behavior. You may want to copy the array to protect its data or make it writable before converting it to a tensor. This type of warning will be suppressed for the rest of this program. (Triggered internally at /pytorch/torch/csrc/utils/tensor_numpy.cpp:213.)
  return {"imgs": torch.from_numpy(np.asarray(img)).permute(2, 0, 1).float() / 255.0,
/data/repo/code/data/fsc147.py:63: UserWarning: The given NumPy array is not writable, and PyTorch does not support non-writable tensors. This means writing to this tensor will result in undefined behavior. You may want to copy the array to protect its data or make it writable before converting it to a tensor. This type of warning will be suppressed for the rest of this program. (Triggered internally at /pytorch/torch/csrc/utils/tensor_numpy.cpp:213.)
  return {"imgs": torch.from_numpy(np.asarray(img)).permute(2, 0, 1).float() / 255.0,
/data/repo/code/data/fsc147.py:63: UserWarning: The given NumPy array is not writable, and PyTorch does not support non-writable tensors. This means writing to this tensor will result in undefined behavior. You may want to copy the array to protect its data or make it writable before converting it to a tensor. This type of warning will be suppressed for the rest of this program. (Triggered internally at /pytorch/torch/csrc/utils/tensor_numpy.cpp:213.)
  return {"imgs": torch.from_numpy(np.asarray(img)).permute(2, 0, 1).float() / 255.0,
/data/repo/code/data/fsc147.py:63: UserWarning: The given NumPy array is not writable, and PyTorch does not support non-writable tensors. This means writing to this tensor will result in undefined behavior. You may want to copy the array to protect its data or make it writable before converting it to a tensor. This type of warning will be suppressed for the rest of this program. (Triggered internally at /pytorch/torch/csrc/utils/tensor_numpy.cpp:213.)
  return {"imgs": torch.from_numpy(np.asarray(img)).permute(2, 0, 1).float() / 255.0,
/data/repo/code/data/fsc147.py:63: UserWarning: The given NumPy array is not writable, and PyTorch does not support non-writable tensors. This means writing to this tensor will result in undefined behavior. You may want to copy the array to protect its data or make it writable before converting it to a tensor. This type of warning will be suppressed for the rest of this program. (Triggered internally at /pytorch/torch/csrc/utils/tensor_numpy.cpp:213.)
  return {"imgs": torch.from_numpy(np.asarray(img)).permute(2, 0, 1).float() / 255.0,
/data/repo/code/data/fsc147.py:63: UserWarning: The given NumPy array is not writable, and PyTorch does not support non-writable tensors. This means writing to this tensor will result in undefined behavior. You may want to copy the array to protect its data or make it writable before converting it to a tensor. This type of warning will be suppressed for the rest of this program. (Triggered internally at /pytorch/torch/csrc/utils/tensor_numpy.cpp:213.)
  return {"imgs": torch.from_numpy(np.asarray(img)).permute(2, 0, 1).float() / 255.0,
/data/repo/code/data/fsc147.py:63: UserWarning: The given NumPy array is not writable, and PyTorch does not support non-writable tensors. This means writing to this tensor will result in undefined behavior. You may want to copy the array to protect its data or make it writable before converting it to a tensor. This type of warning will be suppressed for the rest of this program. (Triggered internally at /pytorch/torch/csrc/utils/tensor_numpy.cpp:213.)
  return {"imgs": torch.from_numpy(np.asarray(img)).permute(2, 0, 1).float() / 255.0,
/data/repo/code/data/fsc147.py:63: UserWarning: The given NumPy array is not writable, and PyTorch does not support non-writable tensors. This means writing to this tensor will result in undefined behavior. You may want to copy the array to protect its data or make it writable before converting it to a tensor. This type of warning will be suppressed for the rest of this program. (Triggered internally at /pytorch/torch/csrc/utils/tensor_numpy.cpp:213.)
  return {"imgs": torch.from_numpy(np.asarray(img)).permute(2, 0, 1).float() / 255.0,
RESULT {"node": "N0013_dino_mosaic", "status": "running", "metrics": {"mae": 28.15014915110349, "rmse": 93.81223036146328, "best_mae": 24.379650655838415}, "timing": {"train_seconds": 532.0, "epochs_done": 15}, "diagnostics": {"oom": false}, "run_dir": "/data/runs/N0013_dino_mosaic", "ts": "2026-08-23T14:33:17+0800"}
E015/40 loss=14.8695 MAE=28.150 RMSE=93.812 best=24.380 [532s]
/data/repo/code/data/fsc147.py:63: UserWarning: The given NumPy array is not writable, and PyTorch does not support non-writable tensors. This means writing to this tensor will result in undefined behavior. You may want to copy the array to protect its data or make it writable before converting it to a tensor. This type of warning will be suppressed for the rest of this program. (Triggered internally at /pytorch/torch/csrc/utils/tensor_numpy.cpp:213.)
  return {"imgs": torch.from_numpy(np.asarray(img)).permute(2, 0, 1).float() / 255.0,
/data/repo/code/data/fsc147.py:63: UserWarning: The given NumPy array is not writable, and PyTorch does not support non-writable tensors. This means writing to this tensor will result in undefined behavior. You may want to copy the array to protect its data or make it writable before converting it to a tensor. This type of warning will be suppressed for the rest of this program. (Triggered internally at /pytorch/torch/csrc/utils/tensor_numpy.cpp:213.)
  return {"imgs": torch.from_numpy(np.asarray(img)).permute(2, 0, 1).float() / 255.0,
/data/repo/code/data/fsc147.py:63: UserWarning: The given NumPy array is not writable, and PyTorch does not support non-writable tensors. This means writing to this tensor will result in undefined behavior. You may want to copy the array to protect its data or make it writable before converting it to a tensor. This type of warning will be suppressed for the rest of this program. (Triggered internally at /pytorch/torch/csrc/utils/tensor_numpy.cpp:213.)
  return {"imgs": torch.from_numpy(np.asarray(img)).permute(2, 0, 1).float() / 255.0,
/data/repo/code/data/fsc147.py:63: UserWarning: The given NumPy array is not writable, and PyTorch does not support non-writable tensors. This means writing to this tensor will result in undefined behavior. You may want to copy the array to protect its data or make it writable before converting it to a tensor. This type of warning will be suppressed for the rest of this program. (Triggered internally at /pytorch/torch/csrc/utils/tensor_numpy.cpp:213.)
  return {"imgs": torch.from_numpy(np.asarray(img)).permute(2, 0, 1).float() / 255.0,
/data/repo/code/data/fsc147.py:63: UserWarning: The given NumPy array is not writable, and PyTorch does not support non-writable tensors. This means writing to this tensor will result in undefined behavior. You may want to copy the array to protect its data or make it writable before converting it to a tensor. This type of warning will be suppressed for the rest of this program. (Triggered internally at /pytorch/torch/csrc/utils/tensor_numpy.cpp:213.)
  return {"imgs": torch.from_numpy(np.asarray(img)).permute(2, 0, 1).float() / 255.0,
/data/repo/code/data/fsc147.py:63: UserWarning: The given NumPy array is not writable, and PyTorch does not support non-writable tensors. This means writing to this tensor will result in undefined behavior. You may want to copy the array to protect its data or make it writable before converting it to a tensor. This type of warning will be suppressed for the rest of this program. (Triggered internally at /pytorch/torch/csrc/utils/tensor_numpy.cpp:213.)
  return {"imgs": torch.from_numpy(np.asarray(img)).permute(2, 0, 1).float() / 255.0,
/data/repo/code/data/fsc147.py:63: UserWarning: The given NumPy array is not writable, and PyTorch does not support non-writable tensors. This means writing to this tensor will result in undefined behavior. You may want to copy the array to protect its data or make it writable before converting it to a tensor. This type of warning will be suppressed for the rest of this program. (Triggered internally at /pytorch/torch/csrc/utils/tensor_numpy.cpp:213.)
  return {"imgs": torch.from_numpy(np.asarray(img)).permute(2, 0, 1).float() / 255.0,
/data/repo/code/data/fsc147.py:63: UserWarning: The given NumPy array is not writable, and PyTorch does not support non-writable tensors. This means writing to this tensor will result in undefined behavior. You may want to copy the array to protect its data or make it writable before converting it to a tensor. This type of warning will be suppressed for the rest of this program. (Triggered internally at /pytorch/torch/csrc/utils/tensor_numpy.cpp:213.)
  return {"imgs": torch.from_numpy(np.asarray(img)).permute(2, 0, 1).float() / 255.0,
RESULT {"node": "N0013_dino_mosaic", "status": "running", "metrics": {"mae": 25.41344879352101, "rmse": 88.09393676736264, "best_mae": 24.379650655838415}, "timing": {"train_seconds": 566.4, "epochs_done": 16}, "diagnostics": {"oom": false}, "run_dir": "/data/runs/N0013_dino_mosaic", "ts": "2026-08-23T14:33:51+0800"}
E016/40 loss=13.3324 MAE=25.413 RMSE=88.094 best=24.380 [566s]
/data/repo/code/data/fsc147.py:63: UserWarning: The given NumPy array is not writable, and PyTorch does not support non-writable tensors. This means writing to this tensor will result in undefined behavior. You may want to copy the array to protect its data or make it writable before converting it to a tensor. This type of warning will be suppressed for the rest of this program. (Triggered internally at /pytorch/torch/csrc/utils/tensor_numpy.cpp:213.)
  return {"imgs": torch.from_numpy(np.asarray(img)).permute(2, 0, 1).float() / 255.0,
/data/repo/code/data/fsc147.py:63: UserWarning: The given NumPy array is not writable, and PyTorch does not support non-writable tensors. This means writing to this tensor will result in undefined behavior. You may want to copy the array to protect its data or make it writable before converting it to a tensor. This type of warning will be suppressed for the rest of this program. (Triggered internally at /pytorch/torch/csrc/utils/tensor_numpy.cpp:213.)
  return {"imgs": torch.from_numpy(np.asarray(img)).permute(2, 0, 1).float() / 255.0,
/data/repo/code/data/fsc147.py:63: UserWarning: The given NumPy array is not writable, and PyTorch does not support non-writable tensors. This means writing to this tensor will result in undefined behavior. You may want to copy the array to protect its data or make it writable before converting it to a tensor. This type of warning will be suppressed for the rest of this program. (Triggered internally at /pytorch/torch/csrc/utils/tensor_numpy.cpp:213.)
  return {"imgs": torch.from_numpy(np.asarray(img)).permute(2, 0, 1).float() / 255.0,
/data/repo/code/data/fsc147.py:63: UserWarning: The given NumPy array is not writable, and PyTorch does not support non-writable tensors. This means writing to this tensor will result in undefined behavior. You may want to copy the array to protect its data or make it writable before converting it to a tensor. This type of warning will be suppressed for the rest of this program. (Triggered internally at /pytorch/torch/csrc/utils/tensor_numpy.cpp:213.)
  return {"imgs": torch.from_numpy(np.asarray(img)).permute(2, 0, 1).float() / 255.0,
/data/repo/code/data/fsc147.py:63: UserWarning: The given NumPy array is not writable, and PyTorch does not support non-writable tensors. This means writing to this tensor will result in undefined behavior. You may want to copy the array to protect its data or make it writable before converting it to a tensor. This type of warning will be suppressed for the rest of this program. (Triggered internally at /pytorch/torch/csrc/utils/tensor_numpy.cpp:213.)
  return {"imgs": torch.from_numpy(np.asarray(img)).permute(2, 0, 1).float() / 255.0,
/data/repo/code/data/fsc147.py:63: UserWarning: The given NumPy array is not writable, and PyTorch does not support non-writable tensors. This means writing to this tensor will result in undefined behavior. You may want to copy the array to protect its data or make it writable before converting it to a tensor. This type of warning will be suppressed for the rest of this program. (Triggered internally at /pytorch/torch/csrc/utils/tensor_numpy.cpp:213.)
  return {"imgs": torch.from_numpy(np.asarray(img)).permute(2, 0, 1).float() / 255.0,
/data/repo/code/data/fsc147.py:63: UserWarning: The given NumPy array is not writable, and PyTorch does not support non-writable tensors. This means writing to this tensor will result in undefined behavior. You may want to copy the array to protect its data or make it writable before converting it to a tensor. This type of warning will be suppressed for the rest of this program. (Triggered internally at /pytorch/torch/csrc/utils/tensor_numpy.cpp:213.)
  return {"imgs": torch.from_numpy(np.asarray(img)).permute(2, 0, 1).float() / 255.0,
/data/repo/code/data/fsc147.py:63: UserWarning: The given NumPy array is not writable, and PyTorch does not support non-writable tensors. This means writing to this tensor will result in undefined behavior. You may want to copy the array to protect its data or make it writable before converting it to a tensor. This type of warning will be suppressed for the rest of this program. (Triggered internally at /pytorch/torch/csrc/utils/tensor_numpy.cpp:213.)
  return {"imgs": torch.from_numpy(np.asarray(img)).permute(2, 0, 1).float() / 255.0,
RESULT {"node": "N0013_dino_mosaic", "status": "running", "metrics": {"mae": 25.42786630612695, "rmse": 88.45300756540998, "best_mae": 24.379650655838415}, "timing": {"train_seconds": 601.1, "epochs_done": 17}, "diagnostics": {"oom": false}, "run_dir": "/data/runs/N0013_dino_mosaic", "ts": "2026-08-23T14:34:26+0800"}
E017/40 loss=12.7191 MAE=25.428 RMSE=88.453 best=24.380 [601s]
/data/repo/code/data/fsc147.py:63: UserWarning: The given NumPy array is not writable, and PyTorch does not support non-writable tensors. This means writing to this tensor will result in undefined behavior. You may want to copy the array to protect its data or make it writable before converting it to a tensor. This type of warning will be suppressed for the rest of this program. (Triggered internally at /pytorch/torch/csrc/utils/tensor_numpy.cpp:213.)
  return {"imgs": torch.from_numpy(np.asarray(img)).permute(2, 0, 1).float() / 255.0,
/data/repo/code/data/fsc147.py:63: UserWarning: The given NumPy array is not writable, and PyTorch does not support non-writable tensors. This means writing to this tensor will result in undefined behavior. You may want to copy the array to protect its data or make it writable before converting it to a tensor. This type of warning will be suppressed for the rest of this program. (Triggered internally at /pytorch/torch/csrc/utils/tensor_numpy.cpp:213.)
  return {"imgs": torch.from_numpy(np.asarray(img)).permute(2, 0, 1).float() / 255.0,
/data/repo/code/data/fsc147.py:63: UserWarning: The given NumPy array is not writable, and PyTorch does not support non-writable tensors. This means writing to this tensor will result in undefined behavior. You may want to copy the array to protect its data or make it writable before converting it to a tensor. This type of warning will be suppressed for the rest of this program. (Triggered internally at /pytorch/torch/csrc/utils/tensor_numpy.cpp:213.)
  return {"imgs": torch.from_numpy(np.asarray(img)).permute(2, 0, 1).float() / 255.0,
/data/repo/code/data/fsc147.py:63: UserWarning: The given NumPy array is not writable, and PyTorch does not support non-writable tensors. This means writing to this tensor will result in undefined behavior. You may want to copy the array to protect its data or make it writable before converting it to a tensor. This type of warning will be suppressed for the rest of this program. (Triggered internally at /pytorch/torch/csrc/utils/tensor_numpy.cpp:213.)
  return {"imgs": torch.from_numpy(np.asarray(img)).permute(2, 0, 1).float() / 255.0,
/data/repo/code/data/fsc147.py:63: UserWarning: The given NumPy array is not writable, and PyTorch does not support non-writable tensors. This means writing to this tensor will result in undefined behavior. You may want to copy the array to protect its data or make it writable before converting it to a tensor. This type of warning will be suppressed for the rest of this program. (Triggered internally at /pytorch/torch/csrc/utils/tensor_numpy.cpp:213.)
  return {"imgs": torch.from_numpy(np.asarray(img)).permute(2, 0, 1).float() / 255.0,
/data/repo/code/data/fsc147.py:63: UserWarning: The given NumPy array is not writable, and PyTorch does not support non-writable tensors. This means writing to this tensor will result in undefined behavior. You may want to copy the array to protect its data or make it writable before converting it to a tensor. This type of warning will be suppressed for the rest of this program. (Triggered internally at /pytorch/torch/csrc/utils/tensor_numpy.cpp:213.)
  return {"imgs": torch.from_numpy(np.asarray(img)).permute(2, 0, 1).float() / 255.0,
/data/repo/code/data/fsc147.py:63: UserWarning: The given NumPy array is not writable, and PyTorch does not support non-writable tensors. This means writing to this tensor will result in undefined behavior. You may want to copy the array to protect its data or make it writable before converting it to a tensor. This type of warning will be suppressed for the rest of this program. (Triggered internally at /pytorch/torch/csrc/utils/tensor_numpy.cpp:213.)
  return {"imgs": torch.from_numpy(np.asarray(img)).permute(2, 0, 1).float() / 255.0,
/data/repo/code/data/fsc147.py:63: UserWarning: The given NumPy array is not writable, and PyTorch does not support non-writable tensors. This means writing to this tensor will result in undefined behavior. You may want to copy the array to protect its data or make it writable before converting it to a tensor. This type of warning will be suppressed for the rest of this program. (Triggered internally at /pytorch/torch/csrc/utils/tensor_numpy.cpp:213.)
  return {"imgs": torch.from_numpy(np.asarray(img)).permute(2, 0, 1).float() / 255.0,
RESULT {"node": "N0013_dino_mosaic", "status": "running", "metrics": {"mae": 23.592163247602354, "rmse": 79.96295415489678, "best_mae": 23.592163247602354}, "timing": {"train_seconds": 636.0, "epochs_done": 18}, "diagnostics": {"oom": false}, "run_dir": "/data/runs/N0013_dino_mosaic", "ts": "2026-08-23T14:35:01+0800"}
E018/40 loss=12.8142 MAE=23.592 RMSE=79.963 best=23.592 [636s] ***BEST
/data/repo/code/data/fsc147.py:63: UserWarning: The given NumPy array is not writable, and PyTorch does not support non-writable tensors. This means writing to this tensor will result in undefined behavior. You may want to copy the array to protect its data or make it writable before converting it to a tensor. This type of warning will be suppressed for the rest of this program. (Triggered internally at /pytorch/torch/csrc/utils/tensor_numpy.cpp:213.)
  return {"imgs": torch.from_numpy(np.asarray(img)).permute(2, 0, 1).float() / 255.0,
/data/repo/code/data/fsc147.py:63: UserWarning: The given NumPy array is not writable, and PyTorch does not support non-writable tensors. This means writing to this tensor will result in undefined behavior. You may want to copy the array to protect its data or make it writable before converting it to a tensor. This type of warning will be suppressed for the rest of this program. (Triggered internally at /pytorch/torch/csrc/utils/tensor_numpy.cpp:213.)
  return {"imgs": torch.from_numpy(np.asarray(img)).permute(2, 0, 1).float() / 255.0,
/data/repo/code/data/fsc147.py:63: UserWarning: The given NumPy array is not writable, and PyTorch does not support non-writable tensors. This means writing to this tensor will result in undefined behavior. You may want to copy the array to protect its data or make it writable before converting it to a tensor. This type of warning will be suppressed for the rest of this program. (Triggered internally at /pytorch/torch/csrc/utils/tensor_numpy.cpp:213.)
  return {"imgs": torch.from_numpy(np.asarray(img)).permute(2, 0, 1).float() / 255.0,
/data/repo/code/data/fsc147.py:63: UserWarning: The given NumPy array is not writable, and PyTorch does not support non-writable tensors. This means writing to this tensor will result in undefined behavior. You may want to copy the array to protect its data or make it writable before converting it to a tensor. This type of warning will be suppressed for the rest of this program. (Triggered internally at /pytorch/torch/csrc/utils/tensor_numpy.cpp:213.)
  return {"imgs": torch.from_numpy(np.asarray(img)).permute(2, 0, 1).float() / 255.0,
/data/repo/code/data/fsc147.py:63: UserWarning: The given NumPy array is not writable, and PyTorch does not support non-writable tensors. This means writing to this tensor will result in undefined behavior. You may want to copy the array to protect its data or make it writable before converting it to a tensor. This type of warning will be suppressed for the rest of this program. (Triggered internally at /pytorch/torch/csrc/utils/tensor_numpy.cpp:213.)
  return {"imgs": torch.from_numpy(np.asarray(img)).permute(2, 0, 1).float() / 255.0,
/data/repo/code/data/fsc147.py:63: UserWarning: The given NumPy array is not writable, and PyTorch does not support non-writable tensors. This means writing to this tensor will result in undefined behavior. You may want to copy the array to protect its data or make it writable before converting it to a tensor. This type of warning will be suppressed for the rest of this program. (Triggered internally at /pytorch/torch/csrc/utils/tensor_numpy.cpp:213.)
  return {"imgs": torch.from_numpy(np.asarray(img)).permute(2, 0, 1).float() / 255.0,
/data/repo/code/data/fsc147.py:63: UserWarning: The given NumPy array is not writable, and PyTorch does not support non-writable tensors. This means writing to this tensor will result in undefined behavior. You may want to copy the array to protect its data or make it writable before converting it to a tensor. This type of warning will be suppressed for the rest of this program. (Triggered internally at /pytorch/torch/csrc/utils/tensor_numpy.cpp:213.)
  return {"imgs": torch.from_numpy(np.asarray(img)).permute(2, 0, 1).float() / 255.0,
/data/repo/code/data/fsc147.py:63: UserWarning: The given NumPy array is not writable, and PyTorch does not support non-writable tensors. This means writing to this tensor will result in undefined behavior. You may want to copy the array to protect its data or make it writable before converting it to a tensor. This type of warning will be suppressed for the rest of this program. (Triggered internally at /pytorch/torch/csrc/utils/tensor_numpy.cpp:213.)
  return {"imgs": torch.from_numpy(np.asarray(img)).permute(2, 0, 1).float() / 255.0,
RESULT {"node": "N0013_dino_mosaic", "status": "running", "metrics": {"mae": 24.862607031179994, "rmse": 86.56001502905565, "best_mae": 23.592163247602354}, "timing": {"train_seconds": 670.9, "epochs_done": 19}, "diagnostics": {"oom": false}, "run_dir": "/data/runs/N0013_dino_mosaic", "ts": "2026-08-23T14:35:36+0800"}
E019/40 loss=12.2770 MAE=24.863 RMSE=86.560 best=23.592 [671s]
/data/repo/code/data/fsc147.py:63: UserWarning: The given NumPy array is not writable, and PyTorch does not support non-writable tensors. This means writing to this tensor will result in undefined behavior. You may want to copy the array to protect its data or make it writable before converting it to a tensor. This type of warning will be suppressed for the rest of this program. (Triggered internally at /pytorch/torch/csrc/utils/tensor_numpy.cpp:213.)
  return {"imgs": torch.from_numpy(np.asarray(img)).permute(2, 0, 1).float() / 255.0,
/data/repo/code/data/fsc147.py:63: UserWarning: The given NumPy array is not writable, and PyTorch does not support non-writable tensors. This means writing to this tensor will result in undefined behavior. You may want to copy the array to protect its data or make it writable before converting it to a tensor. This type of warning will be suppressed for the rest of this program. (Triggered internally at /pytorch/torch/csrc/utils/tensor_numpy.cpp:213.)
  return {"imgs": torch.from_numpy(np.asarray(img)).permute(2, 0, 1).float() / 255.0,
/data/repo/code/data/fsc147.py:63: UserWarning: The given NumPy array is not writable, and PyTorch does not support non-writable tensors. This means writing to this tensor will result in undefined behavior. You may want to copy the array to protect its data or make it writable before converting it to a tensor. This type of warning will be suppressed for the rest of this program. (Triggered internally at /pytorch/torch/csrc/utils/tensor_numpy.cpp:213.)
  return {"imgs": torch.from_numpy(np.asarray(img)).permute(2, 0, 1).float() / 255.0,
/data/repo/code/data/fsc147.py:63: UserWarning: The given NumPy array is not writable, and PyTorch does not support non-writable tensors. This means writing to this tensor will result in undefined behavior. You may want to copy the array to protect its data or make it writable before converting it to a tensor. This type of warning will be suppressed for the rest of this program. (Triggered internally at /pytorch/torch/csrc/utils/tensor_numpy.cpp:213.)
  return {"imgs": torch.from_numpy(np.asarray(img)).permute(2, 0, 1).float() / 255.0,
/data/repo/code/data/fsc147.py:63: UserWarning: The given NumPy array is not writable, and PyTorch does not support non-writable tensors. This means writing to this tensor will result in undefined behavior. You may want to copy the array to protect its data or make it writable before converting it to a tensor. This type of warning will be suppressed for the rest of this program. (Triggered internally at /pytorch/torch/csrc/utils/tensor_numpy.cpp:213.)
  return {"imgs": torch.from_numpy(np.asarray(img)).permute(2, 0, 1).float() / 255.0,
/data/repo/code/data/fsc147.py:63: UserWarning: The given NumPy array is not writable, and PyTorch does not support non-writable tensors. This means writing to this tensor will result in undefined behavior. You may want to copy the array to protect its data or make it writable before converting it to a tensor. This type of warning will be suppressed for the rest of this program. (Triggered internally at /pytorch/torch/csrc/utils/tensor_numpy.cpp:213.)
  return {"imgs": torch.from_numpy(np.asarray(img)).permute(2, 0, 1).float() / 255.0,
/data/repo/code/data/fsc147.py:63: UserWarning: The given NumPy array is not writable, and PyTorch does not support non-writable tensors. This means writing to this tensor will result in undefined behavior. You may want to copy the array to protect its data or make it writable before converting it to a tensor. This type of warning will be suppressed for the rest of this program. (Triggered internally at /pytorch/torch/csrc/utils/tensor_numpy.cpp:213.)
  return {"imgs": torch.from_numpy(np.asarray(img)).permute(2, 0, 1).float() / 255.0,
/data/repo/code/data/fsc147.py:63: UserWarning: The given NumPy array is not writable, and PyTorch does not support non-writable tensors. This means writing to this tensor will result in undefined behavior. You may want to copy the array to protect its data or make it writable before converting it to a tensor. This type of warning will be suppressed for the rest of this program. (Triggered internally at /pytorch/torch/csrc/utils/tensor_numpy.cpp:213.)
  return {"imgs": torch.from_numpy(np.asarray(img)).permute(2, 0, 1).float() / 255.0,
RESULT {"node": "N0013_dino_mosaic", "status": "running", "metrics": {"mae": 23.888080107479777, "rmse": 82.90519425750247, "best_mae": 23.592163247602354}, "timing": {"train_seconds": 705.5, "epochs_done": 20}, "diagnostics": {"oom": false}, "run_dir": "/data/runs/N0013_dino_mosaic", "ts": "2026-08-23T14:36:10+0800"}
E020/40 loss=12.5580 MAE=23.888 RMSE=82.905 best=23.592 [705s]
/data/repo/code/data/fsc147.py:63: UserWarning: The given NumPy array is not writable, and PyTorch does not support non-writable tensors. This means writing to this tensor will result in undefined behavior. You may want to copy the array to protect its data or make it writable before converting it to a tensor. This type of warning will be suppressed for the rest of this program. (Triggered internally at /pytorch/torch/csrc/utils/tensor_numpy.cpp:213.)
  return {"imgs": torch.from_numpy(np.asarray(img)).permute(2, 0, 1).float() / 255.0,
/data/repo/code/data/fsc147.py:63: UserWarning: The given NumPy array is not writable, and PyTorch does not support non-writable tensors. This means writing to this tensor will result in undefined behavior. You may want to copy the array to protect its data or make it writable before converting it to a tensor. This type of warning will be suppressed for the rest of this program. (Triggered internally at /pytorch/torch/csrc/utils/tensor_numpy.cpp:213.)
  return {"imgs": torch.from_numpy(np.asarray(img)).permute(2, 0, 1).float() / 255.0,
/data/repo/code/data/fsc147.py:63: UserWarning: The given NumPy array is not writable, and PyTorch does not support non-writable tensors. This means writing to this tensor will result in undefined behavior. You may want to copy the array to protect its data or make it writable before converting it to a tensor. This type of warning will be suppressed for the rest of this program. (Triggered internally at /pytorch/torch/csrc/utils/tensor_numpy.cpp:213.)
  return {"imgs": torch.from_numpy(np.asarray(img)).permute(2, 0, 1).float() / 255.0,
/data/repo/code/data/fsc147.py:63: UserWarning: The given NumPy array is not writable, and PyTorch does not support non-writable tensors. This means writing to this tensor will result in undefined behavior. You may want to copy the array to protect its data or make it writable before converting it to a tensor. This type of warning will be suppressed for the rest of this program. (Triggered internally at /pytorch/torch/csrc/utils/tensor_numpy.cpp:213.)
  return {"imgs": torch.from_numpy(np.asarray(img)).permute(2, 0, 1).float() / 255.0,
/data/repo/code/data/fsc147.py:63: UserWarning: The given NumPy array is not writable, and PyTorch does not support non-writable tensors. This means writing to this tensor will result in undefined behavior. You may want to copy the array to protect its data or make it writable before converting it to a tensor. This type of warning will be suppressed for the rest of this program. (Triggered internally at /pytorch/torch/csrc/utils/tensor_numpy.cpp:213.)
  return {"imgs": torch.from_numpy(np.asarray(img)).permute(2, 0, 1).float() / 255.0,
/data/repo/code/data/fsc147.py:63: UserWarning: The given NumPy array is not writable, and PyTorch does not support non-writable tensors. This means writing to this tensor will result in undefined behavior. You may want to copy the array to protect its data or make it writable before converting it to a tensor. This type of warning will be suppressed for the rest of this program. (Triggered internally at /pytorch/torch/csrc/utils/tensor_numpy.cpp:213.)
  return {"imgs": torch.from_numpy(np.asarray(img)).permute(2, 0, 1).float() / 255.0,
/data/repo/code/data/fsc147.py:63: UserWarning: The given NumPy array is not writable, and PyTorch does not support non-writable tensors. This means writing to this tensor will result in undefined behavior. You may want to copy the array to protect its data or make it writable before converting it to a tensor. This type of warning will be suppressed for the rest of this program. (Triggered internally at /pytorch/torch/csrc/utils/tensor_numpy.cpp:213.)
  return {"imgs": torch.from_numpy(np.asarray(img)).permute(2, 0, 1).float() / 255.0,
/data/repo/code/data/fsc147.py:63: UserWarning: The given NumPy array is not writable, and PyTorch does not support non-writable tensors. This means writing to this tensor will result in undefined behavior. You may want to copy the array to protect its data or make it writable before converting it to a tensor. This type of warning will be suppressed for the rest of this program. (Triggered internally at /pytorch/torch/csrc/utils/tensor_numpy.cpp:213.)
  return {"imgs": torch.from_numpy(np.asarray(img)).permute(2, 0, 1).float() / 255.0,
RESULT {"node": "N0013_dino_mosaic", "status": "running", "metrics": {"mae": 25.41102516669693, "rmse": 88.75155677848014, "best_mae": 23.592163247602354}, "timing": {"train_seconds": 739.9, "epochs_done": 21}, "diagnostics": {"oom": false}, "run_dir": "/data/runs/N0013_dino_mosaic", "ts": "2026-08-23T14:36:45+0800"}
E021/40 loss=11.6369 MAE=25.411 RMSE=88.752 best=23.592 [740s]
/data/repo/code/data/fsc147.py:63: UserWarning: The given NumPy array is not writable, and PyTorch does not support non-writable tensors. This means writing to this tensor will result in undefined behavior. You may want to copy the array to protect its data or make it writable before converting it to a tensor. This type of warning will be suppressed for the rest of this program. (Triggered internally at /pytorch/torch/csrc/utils/tensor_numpy.cpp:213.)
  return {"imgs": torch.from_numpy(np.asarray(img)).permute(2, 0, 1).float() / 255.0,
/data/repo/code/data/fsc147.py:63: UserWarning: The given NumPy array is not writable, and PyTorch does not support non-writable tensors. This means writing to this tensor will result in undefined behavior. You may want to copy the array to protect its data or make it writable before converting it to a tensor. This type of warning will be suppressed for the rest of this program. (Triggered internally at /pytorch/torch/csrc/utils/tensor_numpy.cpp:213.)
  return {"imgs": torch.from_numpy(np.asarray(img)).permute(2, 0, 1).float() / 255.0,
/data/repo/code/data/fsc147.py:63: UserWarning: The given NumPy array is not writable, and PyTorch does not support non-writable tensors. This means writing to this tensor will result in undefined behavior. You may want to copy the array to protect its data or make it writable before converting it to a tensor. This type of warning will be suppressed for the rest of this program. (Triggered internally at /pytorch/torch/csrc/utils/tensor_numpy.cpp:213.)
  return {"imgs": torch.from_numpy(np.asarray(img)).permute(2, 0, 1).float() / 255.0,
/data/repo/code/data/fsc147.py:63: UserWarning: The given NumPy array is not writable, and PyTorch does not support non-writable tensors. This means writing to this tensor will result in undefined behavior. You may want to copy the array to protect its data or make it writable before converting it to a tensor. This type of warning will be suppressed for the rest of this program. (Triggered internally at /pytorch/torch/csrc/utils/tensor_numpy.cpp:213.)
  return {"imgs": torch.from_numpy(np.asarray(img)).permute(2, 0, 1).float() / 255.0,
/data/repo/code/data/fsc147.py:63: UserWarning: The given NumPy array is not writable, and PyTorch does not support non-writable tensors. This means writing to this tensor will result in undefined behavior. You may want to copy the array to protect its data or make it writable before converting it to a tensor. This type of warning will be suppressed for the rest of this program. (Triggered internally at /pytorch/torch/csrc/utils/tensor_numpy.cpp:213.)
  return {"imgs": torch.from_numpy(np.asarray(img)).permute(2, 0, 1).float() / 255.0,
/data/repo/code/data/fsc147.py:63: UserWarning: The given NumPy array is not writable, and PyTorch does not support non-writable tensors. This means writing to this tensor will result in undefined behavior. You may want to copy the array to protect its data or make it writable before converting it to a tensor. This type of warning will be suppressed for the rest of this program. (Triggered internally at /pytorch/torch/csrc/utils/tensor_numpy.cpp:213.)
  return {"imgs": torch.from_numpy(np.asarray(img)).permute(2, 0, 1).float() / 255.0,
/data/repo/code/data/fsc147.py:63: UserWarning: The given NumPy array is not writable, and PyTorch does not support non-writable tensors. This means writing to this tensor will result in undefined behavior. You may want to copy the array to protect its data or make it writable before converting it to a tensor. This type of warning will be suppressed for the rest of this program. (Triggered internally at /pytorch/torch/csrc/utils/tensor_numpy.cpp:213.)
  return {"imgs": torch.from_numpy(np.asarray(img)).permute(2, 0, 1).float() / 255.0,
/data/repo/code/data/fsc147.py:63: UserWarning: The given NumPy array is not writable, and PyTorch does not support non-writable tensors. This means writing to this tensor will result in undefined behavior. You may want to copy the array to protect its data or make it writable before converting it to a tensor. This type of warning will be suppressed for the rest of this program. (Triggered internally at /pytorch/torch/csrc/utils/tensor_numpy.cpp:213.)
  return {"imgs": torch.from_numpy(np.asarray(img)).permute(2, 0, 1).float() / 255.0,
RESULT {"node": "N0013_dino_mosaic", "status": "running", "metrics": {"mae": 24.133824180852198, "rmse": 79.86813396450584, "best_mae": 23.592163247602354}, "timing": {"train_seconds": 774.5, "epochs_done": 22}, "diagnostics": {"oom": false}, "run_dir": "/data/runs/N0013_dino_mosaic", "ts": "2026-08-23T14:37:19+0800"}
E022/40 loss=11.3656 MAE=24.134 RMSE=79.868 best=23.592 [775s]
/data/repo/code/data/fsc147.py:63: UserWarning: The given NumPy array is not writable, and PyTorch does not support non-writable tensors. This means writing to this tensor will result in undefined behavior. You may want to copy the array to protect its data or make it writable before converting it to a tensor. This type of warning will be suppressed for the rest of this program. (Triggered internally at /pytorch/torch/csrc/utils/tensor_numpy.cpp:213.)
  return {"imgs": torch.from_numpy(np.asarray(img)).permute(2, 0, 1).float() / 255.0,
/data/repo/code/data/fsc147.py:63: UserWarning: The given NumPy array is not writable, and PyTorch does not support non-writable tensors. This means writing to this tensor will result in undefined behavior. You may want to copy the array to protect its data or make it writable before converting it to a tensor. This type of warning will be suppressed for the rest of this program. (Triggered internally at /pytorch/torch/csrc/utils/tensor_numpy.cpp:213.)
  return {"imgs": torch.from_numpy(np.asarray(img)).permute(2, 0, 1).float() / 255.0,
/data/repo/code/data/fsc147.py:63: UserWarning: The given NumPy array is not writable, and PyTorch does not support non-writable tensors. This means writing to this tensor will result in undefined behavior. You may want to copy the array to protect its data or make it writable before converting it to a tensor. This type of warning will be suppressed for the rest of this program. (Triggered internally at /pytorch/torch/csrc/utils/tensor_numpy.cpp:213.)
  return {"imgs": torch.from_numpy(np.asarray(img)).permute(2, 0, 1).float() / 255.0,
/data/repo/code/data/fsc147.py:63: UserWarning: The given NumPy array is not writable, and PyTorch does not support non-writable tensors. This means writing to this tensor will result in undefined behavior. You may want to copy the array to protect its data or make it writable before converting it to a tensor. This type of warning will be suppressed for the rest of this program. (Triggered internally at /pytorch/torch/csrc/utils/tensor_numpy.cpp:213.)
  return {"imgs": torch.from_numpy(np.asarray(img)).permute(2, 0, 1).float() / 255.0,
/data/repo/code/data/fsc147.py:63: UserWarning: The given NumPy array is not writable, and PyTorch does not support non-writable tensors. This means writing to this tensor will result in undefined behavior. You may want to copy the array to protect its data or make it writable before converting it to a tensor. This type of warning will be suppressed for the rest of this program. (Triggered internally at /pytorch/torch/csrc/utils/tensor_numpy.cpp:213.)
  return {"imgs": torch.from_numpy(np.asarray(img)).permute(2, 0, 1).float() / 255.0,
/data/repo/code/data/fsc147.py:63: UserWarning: The given NumPy array is not writable, and PyTorch does not support non-writable tensors. This means writing to this tensor will result in undefined behavior. You may want to copy the array to protect its data or make it writable before converting it to a tensor. This type of warning will be suppressed for the rest of this program. (Triggered internally at /pytorch/torch/csrc/utils/tensor_numpy.cpp:213.)
  return {"imgs": torch.from_numpy(np.asarray(img)).permute(2, 0, 1).float() / 255.0,
/data/repo/code/data/fsc147.py:63: UserWarning: The given NumPy array is not writable, and PyTorch does not support non-writable tensors. This means writing to this tensor will result in undefined behavior. You may want to copy the array to protect its data or make it writable before converting it to a tensor. This type of warning will be suppressed for the rest of this program. (Triggered internally at /pytorch/torch/csrc/utils/tensor_numpy.cpp:213.)
  return {"imgs": torch.from_numpy(np.asarray(img)).permute(2, 0, 1).float() / 255.0,
/data/repo/code/data/fsc147.py:63: UserWarning: The given NumPy array is not writable, and PyTorch does not support non-writable tensors. This means writing to this tensor will result in undefined behavior. You may want to copy the array to protect its data or make it writable before converting it to a tensor. This type of warning will be suppressed for the rest of this program. (Triggered internally at /pytorch/torch/csrc/utils/tensor_numpy.cpp:213.)
  return {"imgs": torch.from_numpy(np.asarray(img)).permute(2, 0, 1).float() / 255.0,
RESULT {"node": "N0013_dino_mosaic", "status": "running", "metrics": {"mae": 25.018260234251365, "rmse": 83.55318562530039, "best_mae": 23.592163247602354}, "timing": {"train_seconds": 809.0, "epochs_done": 23}, "diagnostics": {"oom": false}, "run_dir": "/data/runs/N0013_dino_mosaic", "ts": "2026-08-23T14:37:54+0800"}
E023/40 loss=11.5842 MAE=25.018 RMSE=83.553 best=23.592 [809s]
/data/repo/code/data/fsc147.py:63: UserWarning: The given NumPy array is not writable, and PyTorch does not support non-writable tensors. This means writing to this tensor will result in undefined behavior. You may want to copy the array to protect its data or make it writable before converting it to a tensor. This type of warning will be suppressed for the rest of this program. (Triggered internally at /pytorch/torch/csrc/utils/tensor_numpy.cpp:213.)
  return {"imgs": torch.from_numpy(np.asarray(img)).permute(2, 0, 1).float() / 255.0,
/data/repo/code/data/fsc147.py:63: UserWarning: The given NumPy array is not writable, and PyTorch does not support non-writable tensors. This means writing to this tensor will result in undefined behavior. You may want to copy the array to protect its data or make it writable before converting it to a tensor. This type of warning will be suppressed for the rest of this program. (Triggered internally at /pytorch/torch/csrc/utils/tensor_numpy.cpp:213.)
  return {"imgs": torch.from_numpy(np.asarray(img)).permute(2, 0, 1).float() / 255.0,
/data/repo/code/data/fsc147.py:63: UserWarning: The given NumPy array is not writable, and PyTorch does not support non-writable tensors. This means writing to this tensor will result in undefined behavior. You may want to copy the array to protect its data or make it writable before converting it to a tensor. This type of warning will be suppressed for the rest of this program. (Triggered internally at /pytorch/torch/csrc/utils/tensor_numpy.cpp:213.)
  return {"imgs": torch.from_numpy(np.asarray(img)).permute(2, 0, 1).float() / 255.0,
/data/repo/code/data/fsc147.py:63: UserWarning: The given NumPy array is not writable, and PyTorch does not support non-writable tensors. This means writing to this tensor will result in undefined behavior. You may want to copy the array to protect its data or make it writable before converting it to a tensor. This type of warning will be suppressed for the rest of this program. (Triggered internally at /pytorch/torch/csrc/utils/tensor_numpy.cpp:213.)
  return {"imgs": torch.from_numpy(np.asarray(img)).permute(2, 0, 1).float() / 255.0,
/data/repo/code/data/fsc147.py:63: UserWarning: The given NumPy array is not writable, and PyTorch does not support non-writable tensors. This means writing to this tensor will result in undefined behavior. You may want to copy the array to protect its data or make it writable before converting it to a tensor. This type of warning will be suppressed for the rest of this program. (Triggered internally at /pytorch/torch/csrc/utils/tensor_numpy.cpp:213.)
  return {"imgs": torch.from_numpy(np.asarray(img)).permute(2, 0, 1).float() / 255.0,
/data/repo/code/data/fsc147.py:63: UserWarning: The given NumPy array is not writable, and PyTorch does not support non-writable tensors. This means writing to this tensor will result in undefined behavior. You may want to copy the array to protect its data or make it writable before converting it to a tensor. This type of warning will be suppressed for the rest of this program. (Triggered internally at /pytorch/torch/csrc/utils/tensor_numpy.cpp:213.)
  return {"imgs": torch.from_numpy(np.asarray(img)).permute(2, 0, 1).float() / 255.0,
/data/repo/code/data/fsc147.py:63: UserWarning: The given NumPy array is not writable, and PyTorch does not support non-writable tensors. This means writing to this tensor will result in undefined behavior. You may want to copy the array to protect its data or make it writable before converting it to a tensor. This type of warning will be suppressed for the rest of this program. (Triggered internally at /pytorch/torch/csrc/utils/tensor_numpy.cpp:213.)
  return {"imgs": torch.from_numpy(np.asarray(img)).permute(2, 0, 1).float() / 255.0,
/data/repo/code/data/fsc147.py:63: UserWarning: The given NumPy array is not writable, and PyTorch does not support non-writable tensors. This means writing to this tensor will result in undefined behavior. You may want to copy the array to protect its data or make it writable before converting it to a tensor. This type of warning will be suppressed for the rest of this program. (Triggered internally at /pytorch/torch/csrc/utils/tensor_numpy.cpp:213.)
  return {"imgs": torch.from_numpy(np.asarray(img)).permute(2, 0, 1).float() / 255.0,
RESULT {"node": "N0013_dino_mosaic", "status": "running", "metrics": {"mae": 23.59090576053222, "rmse": 85.20877015610385, "best_mae": 23.59090576053222}, "timing": {"train_seconds": 843.5, "epochs_done": 24}, "diagnostics": {"oom": false}, "run_dir": "/data/runs/N0013_dino_mosaic", "ts": "2026-08-23T14:38:28+0800"}
E024/40 loss=11.5784 MAE=23.591 RMSE=85.209 best=23.591 [844s] ***BEST
/data/repo/code/data/fsc147.py:63: UserWarning: The given NumPy array is not writable, and PyTorch does not support non-writable tensors. This means writing to this tensor will result in undefined behavior. You may want to copy the array to protect its data or make it writable before converting it to a tensor. This type of warning will be suppressed for the rest of this program. (Triggered internally at /pytorch/torch/csrc/utils/tensor_numpy.cpp:213.)
  return {"imgs": torch.from_numpy(np.asarray(img)).permute(2, 0, 1).float() / 255.0,
/data/repo/code/data/fsc147.py:63: UserWarning: The given NumPy array is not writable, and PyTorch does not support non-writable tensors. This means writing to this tensor will result in undefined behavior. You may want to copy the array to protect its data or make it writable before converting it to a tensor. This type of warning will be suppressed for the rest of this program. (Triggered internally at /pytorch/torch/csrc/utils/tensor_numpy.cpp:213.)
  return {"imgs": torch.from_numpy(np.asarray(img)).permute(2, 0, 1).float() / 255.0,
/data/repo/code/data/fsc147.py:63: UserWarning: The given NumPy array is not writable, and PyTorch does not support non-writable tensors. This means writing to this tensor will result in undefined behavior. You may want to copy the array to protect its data or make it writable before converting it to a tensor. This type of warning will be suppressed for the rest of this program. (Triggered internally at /pytorch/torch/csrc/utils/tensor_numpy.cpp:213.)
  return {"imgs": torch.from_numpy(np.asarray(img)).permute(2, 0, 1).float() / 255.0,
/data/repo/code/data/fsc147.py:63: UserWarning: The given NumPy array is not writable, and PyTorch does not support non-writable tensors. This means writing to this tensor will result in undefined behavior. You may want to copy the array to protect its data or make it writable before converting it to a tensor. This type of warning will be suppressed for the rest of this program. (Triggered internally at /pytorch/torch/csrc/utils/tensor_numpy.cpp:213.)
  return {"imgs": torch.from_numpy(np.asarray(img)).permute(2, 0, 1).float() / 255.0,
/data/repo/code/data/fsc147.py:63: UserWarning: The given NumPy array is not writable, and PyTorch does not support non-writable tensors. This means writing to this tensor will result in undefined behavior. You may want to copy the array to protect its data or make it writable before converting it to a tensor. This type of warning will be suppressed for the rest of this program. (Triggered internally at /pytorch/torch/csrc/utils/tensor_numpy.cpp:213.)
  return {"imgs": torch.from_numpy(np.asarray(img)).permute(2, 0, 1).float() / 255.0,
/data/repo/code/data/fsc147.py:63: UserWarning: The given NumPy array is not writable, and PyTorch does not support non-writable tensors. This means writing to this tensor will result in undefined behavior. You may want to copy the array to protect its data or make it writable before converting it to a tensor. This type of warning will be suppressed for the rest of this program. (Triggered internally at /pytorch/torch/csrc/utils/tensor_numpy.cpp:213.)
  return {"imgs": torch.from_numpy(np.asarray(img)).permute(2, 0, 1).float() / 255.0,
/data/repo/code/data/fsc147.py:63: UserWarning: The given NumPy array is not writable, and PyTorch does not support non-writable tensors. This means writing to this tensor will result in undefined behavior. You may want to copy the array to protect its data or make it writable before converting it to a tensor. This type of warning will be suppressed for the rest of this program. (Triggered internally at /pytorch/torch/csrc/utils/tensor_numpy.cpp:213.)
  return {"imgs": torch.from_numpy(np.asarray(img)).permute(2, 0, 1).float() / 255.0,
/data/repo/code/data/fsc147.py:63: UserWarning: The given NumPy array is not writable, and PyTorch does not support non-writable tensors. This means writing to this tensor will result in undefined behavior. You may want to copy the array to protect its data or make it writable before converting it to a tensor. This type of warning will be suppressed for the rest of this program. (Triggered internally at /pytorch/torch/csrc/utils/tensor_numpy.cpp:213.)
  return {"imgs": torch.from_numpy(np.asarray(img)).permute(2, 0, 1).float() / 255.0,
RESULT {"node": "N0013_dino_mosaic", "status": "running", "metrics": {"mae": 23.465868550177497, "rmse": 84.41536471252626, "best_mae": 23.465868550177497}, "timing": {"train_seconds": 878.2, "epochs_done": 25}, "diagnostics": {"oom": false}, "run_dir": "/data/runs/N0013_dino_mosaic", "ts": "2026-08-23T14:39:03+0800"}
E025/40 loss=10.6147 MAE=23.466 RMSE=84.415 best=23.466 [878s] ***BEST
/data/repo/code/data/fsc147.py:63: UserWarning: The given NumPy array is not writable, and PyTorch does not support non-writable tensors. This means writing to this tensor will result in undefined behavior. You may want to copy the array to protect its data or make it writable before converting it to a tensor. This type of warning will be suppressed for the rest of this program. (Triggered internally at /pytorch/torch/csrc/utils/tensor_numpy.cpp:213.)
  return {"imgs": torch.from_numpy(np.asarray(img)).permute(2, 0, 1).float() / 255.0,
/data/repo/code/data/fsc147.py:63: UserWarning: The given NumPy array is not writable, and PyTorch does not support non-writable tensors. This means writing to this tensor will result in undefined behavior. You may want to copy the array to protect its data or make it writable before converting it to a tensor. This type of warning will be suppressed for the rest of this program. (Triggered internally at /pytorch/torch/csrc/utils/tensor_numpy.cpp:213.)
  return {"imgs": torch.from_numpy(np.asarray(img)).permute(2, 0, 1).float() / 255.0,
/data/repo/code/data/fsc147.py:63: UserWarning: The given NumPy array is not writable, and PyTorch does not support non-writable tensors. This means writing to this tensor will result in undefined behavior. You may want to copy the array to protect its data or make it writable before converting it to a tensor. This type of warning will be suppressed for the rest of this program. (Triggered internally at /pytorch/torch/csrc/utils/tensor_numpy.cpp:213.)
  return {"imgs": torch.from_numpy(np.asarray(img)).permute(2, 0, 1).float() / 255.0,
/data/repo/code/data/fsc147.py:63: UserWarning: The given NumPy array is not writable, and PyTorch does not support non-writable tensors. This means writing to this tensor will result in undefined behavior. You may want to copy the array to protect its data or make it writable before converting it to a tensor. This type of warning will be suppressed for the rest of this program. (Triggered internally at /pytorch/torch/csrc/utils/tensor_numpy.cpp:213.)
  return {"imgs": torch.from_numpy(np.asarray(img)).permute(2, 0, 1).float() / 255.0,
/data/repo/code/data/fsc147.py:63: UserWarning: The given NumPy array is not writable, and PyTorch does not support non-writable tensors. This means writing to this tensor will result in undefined behavior. You may want to copy the array to protect its data or make it writable before converting it to a tensor. This type of warning will be suppressed for the rest of this program. (Triggered internally at /pytorch/torch/csrc/utils/tensor_numpy.cpp:213.)
  return {"imgs": torch.from_numpy(np.asarray(img)).permute(2, 0, 1).float() / 255.0,
/data/repo/code/data/fsc147.py:63: UserWarning: The given NumPy array is not writable, and PyTorch does not support non-writable tensors. This means writing to this tensor will result in undefined behavior. You may want to copy the array to protect its data or make it writable before converting it to a tensor. This type of warning will be suppressed for the rest of this program. (Triggered internally at /pytorch/torch/csrc/utils/tensor_numpy.cpp:213.)
  return {"imgs": torch.from_numpy(np.asarray(img)).permute(2, 0, 1).float() / 255.0,
/data/repo/code/data/fsc147.py:63: UserWarning: The given NumPy array is not writable, and PyTorch does not support non-writable tensors. This means writing to this tensor will result in undefined behavior. You may want to copy the array to protect its data or make it writable before converting it to a tensor. This type of warning will be suppressed for the rest of this program. (Triggered internally at /pytorch/torch/csrc/utils/tensor_numpy.cpp:213.)
  return {"imgs": torch.from_numpy(np.asarray(img)).permute(2, 0, 1).float() / 255.0,
/data/repo/code/data/fsc147.py:63: UserWarning: The given NumPy array is not writable, and PyTorch does not support non-writable tensors. This means writing to this tensor will result in undefined behavior. You may want to copy the array to protect its data or make it writable before converting it to a tensor. This type of warning will be suppressed for the rest of this program. (Triggered internally at /pytorch/torch/csrc/utils/tensor_numpy.cpp:213.)
  return {"imgs": torch.from_numpy(np.asarray(img)).permute(2, 0, 1).float() / 255.0,
RESULT {"node": "N0013_dino_mosaic", "status": "running", "metrics": {"mae": 24.74160250089773, "rmse": 86.62095416547594, "best_mae": 23.465868550177497}, "timing": {"train_seconds": 912.6, "epochs_done": 26}, "diagnostics": {"oom": false}, "run_dir": "/data/runs/N0013_dino_mosaic", "ts": "2026-08-23T14:39:37+0800"}
E026/40 loss=10.3190 MAE=24.742 RMSE=86.621 best=23.466 [913s]
/data/repo/code/data/fsc147.py:63: UserWarning: The given NumPy array is not writable, and PyTorch does not support non-writable tensors. This means writing to this tensor will result in undefined behavior. You may want to copy the array to protect its data or make it writable before converting it to a tensor. This type of warning will be suppressed for the rest of this program. (Triggered internally at /pytorch/torch/csrc/utils/tensor_numpy.cpp:213.)
  return {"imgs": torch.from_numpy(np.asarray(img)).permute(2, 0, 1).float() / 255.0,
/data/repo/code/data/fsc147.py:63: UserWarning: The given NumPy array is not writable, and PyTorch does not support non-writable tensors. This means writing to this tensor will result in undefined behavior. You may want to copy the array to protect its data or make it writable before converting it to a tensor. This type of warning will be suppressed for the rest of this program. (Triggered internally at /pytorch/torch/csrc/utils/tensor_numpy.cpp:213.)
  return {"imgs": torch.from_numpy(np.asarray(img)).permute(2, 0, 1).float() / 255.0,
/data/repo/code/data/fsc147.py:63: UserWarning: The given NumPy array is not writable, and PyTorch does not support non-writable tensors. This means writing to this tensor will result in undefined behavior. You may want to copy the array to protect its data or make it writable before converting it to a tensor. This type of warning will be suppressed for the rest of this program. (Triggered internally at /pytorch/torch/csrc/utils/tensor_numpy.cpp:213.)
  return {"imgs": torch.from_numpy(np.asarray(img)).permute(2, 0, 1).float() / 255.0,
/data/repo/code/data/fsc147.py:63: UserWarning: The given NumPy array is not writable, and PyTorch does not support non-writable tensors. This means writing to this tensor will result in undefined behavior. You may want to copy the array to protect its data or make it writable before converting it to a tensor. This type of warning will be suppressed for the rest of this program. (Triggered internally at /pytorch/torch/csrc/utils/tensor_numpy.cpp:213.)
  return {"imgs": torch.from_numpy(np.asarray(img)).permute(2, 0, 1).float() / 255.0,
/data/repo/code/data/fsc147.py:63: UserWarning: The given NumPy array is not writable, and PyTorch does not support non-writable tensors. This means writing to this tensor will result in undefined behavior. You may want to copy the array to protect its data or make it writable before converting it to a tensor. This type of warning will be suppressed for the rest of this program. (Triggered internally at /pytorch/torch/csrc/utils/tensor_numpy.cpp:213.)
  return {"imgs": torch.from_numpy(np.asarray(img)).permute(2, 0, 1).float() / 255.0,
/data/repo/code/data/fsc147.py:63: UserWarning: The given NumPy array is not writable, and PyTorch does not support non-writable tensors. This means writing to this tensor will result in undefined behavior. You may want to copy the array to protect its data or make it writable before converting it to a tensor. This type of warning will be suppressed for the rest of this program. (Triggered internally at /pytorch/torch/csrc/utils/tensor_numpy.cpp:213.)
  return {"imgs": torch.from_numpy(np.asarray(img)).permute(2, 0, 1).float() / 255.0,
/data/repo/code/data/fsc147.py:63: UserWarning: The given NumPy array is not writable, and PyTorch does not support non-writable tensors. This means writing to this tensor will result in undefined behavior. You may want to copy the array to protect its data or make it writable before converting it to a tensor. This type of warning will be suppressed for the rest of this program. (Triggered internally at /pytorch/torch/csrc/utils/tensor_numpy.cpp:213.)
  return {"imgs": torch.from_numpy(np.asarray(img)).permute(2, 0, 1).float() / 255.0,
/data/repo/code/data/fsc147.py:63: UserWarning: The given NumPy array is not writable, and PyTorch does not support non-writable tensors. This means writing to this tensor will result in undefined behavior. You may want to copy the array to protect its data or make it writable before converting it to a tensor. This type of warning will be suppressed for the rest of this program. (Triggered internally at /pytorch/torch/csrc/utils/tensor_numpy.cpp:213.)
  return {"imgs": torch.from_numpy(np.asarray(img)).permute(2, 0, 1).float() / 255.0,
RESULT {"node": "N0013_dino_mosaic", "status": "running", "metrics": {"mae": 24.012487252058918, "rmse": 85.80021931854577, "best_mae": 23.465868550177497}, "timing": {"train_seconds": 947.0, "epochs_done": 27}, "diagnostics": {"oom": false}, "run_dir": "/data/runs/N0013_dino_mosaic", "ts": "2026-08-23T14:40:12+0800"}
E027/40 loss=10.1571 MAE=24.012 RMSE=85.800 best=23.466 [947s]
/data/repo/code/data/fsc147.py:63: UserWarning: The given NumPy array is not writable, and PyTorch does not support non-writable tensors. This means writing to this tensor will result in undefined behavior. You may want to copy the array to protect its data or make it writable before converting it to a tensor. This type of warning will be suppressed for the rest of this program. (Triggered internally at /pytorch/torch/csrc/utils/tensor_numpy.cpp:213.)
  return {"imgs": torch.from_numpy(np.asarray(img)).permute(2, 0, 1).float() / 255.0,
/data/repo/code/data/fsc147.py:63: UserWarning: The given NumPy array is not writable, and PyTorch does not support non-writable tensors. This means writing to this tensor will result in undefined behavior. You may want to copy the array to protect its data or make it writable before converting it to a tensor. This type of warning will be suppressed for the rest of this program. (Triggered internally at /pytorch/torch/csrc/utils/tensor_numpy.cpp:213.)
  return {"imgs": torch.from_numpy(np.asarray(img)).permute(2, 0, 1).float() / 255.0,
/data/repo/code/data/fsc147.py:63: UserWarning: The given NumPy array is not writable, and PyTorch does not support non-writable tensors. This means writing to this tensor will result in undefined behavior. You may want to copy the array to protect its data or make it writable before converting it to a tensor. This type of warning will be suppressed for the rest of this program. (Triggered internally at /pytorch/torch/csrc/utils/tensor_numpy.cpp:213.)
  return {"imgs": torch.from_numpy(np.asarray(img)).permute(2, 0, 1).float() / 255.0,
/data/repo/code/data/fsc147.py:63: UserWarning: The given NumPy array is not writable, and PyTorch does not support non-writable tensors. This means writing to this tensor will result in undefined behavior. You may want to copy the array to protect its data or make it writable before converting it to a tensor. This type of warning will be suppressed for the rest of this program. (Triggered internally at /pytorch/torch/csrc/utils/tensor_numpy.cpp:213.)
  return {"imgs": torch.from_numpy(np.asarray(img)).permute(2, 0, 1).float() / 255.0,
/data/repo/code/data/fsc147.py:63: UserWarning: The given NumPy array is not writable, and PyTorch does not support non-writable tensors. This means writing to this tensor will result in undefined behavior. You may want to copy the array to protect its data or make it writable before converting it to a tensor. This type of warning will be suppressed for the rest of this program. (Triggered internally at /pytorch/torch/csrc/utils/tensor_numpy.cpp:213.)
  return {"imgs": torch.from_numpy(np.asarray(img)).permute(2, 0, 1).float() / 255.0,
/data/repo/code/data/fsc147.py:63: UserWarning: The given NumPy array is not writable, and PyTorch does not support non-writable tensors. This means writing to this tensor will result in undefined behavior. You may want to copy the array to protect its data or make it writable before converting it to a tensor. This type of warning will be suppressed for the rest of this program. (Triggered internally at /pytorch/torch/csrc/utils/tensor_numpy.cpp:213.)
  return {"imgs": torch.from_numpy(np.asarray(img)).permute(2, 0, 1).float() / 255.0,
/data/repo/code/data/fsc147.py:63: UserWarning: The given NumPy array is not writable, and PyTorch does not support non-writable tensors. This means writing to this tensor will result in undefined behavior. You may want to copy the array to protect its data or make it writable before converting it to a tensor. This type of warning will be suppressed for the rest of this program. (Triggered internally at /pytorch/torch/csrc/utils/tensor_numpy.cpp:213.)
  return {"imgs": torch.from_numpy(np.asarray(img)).permute(2, 0, 1).float() / 255.0,
/data/repo/code/data/fsc147.py:63: UserWarning: The given NumPy array is not writable, and PyTorch does not support non-writable tensors. This means writing to this tensor will result in undefined behavior. You may want to copy the array to protect its data or make it writable before converting it to a tensor. This type of warning will be suppressed for the rest of this program. (Triggered internally at /pytorch/torch/csrc/utils/tensor_numpy.cpp:213.)
  return {"imgs": torch.from_numpy(np.asarray(img)).permute(2, 0, 1).float() / 255.0,
RESULT {"node": "N0013_dino_mosaic", "status": "running", "metrics": {"mae": 24.02132793755776, "rmse": 84.27284262561035, "best_mae": 23.465868550177497}, "timing": {"train_seconds": 981.5, "epochs_done": 28}, "diagnostics": {"oom": false}, "run_dir": "/data/runs/N0013_dino_mosaic", "ts": "2026-08-23T14:40:46+0800"}
E028/40 loss=9.9780 MAE=24.021 RMSE=84.273 best=23.466 [981s]
/data/repo/code/data/fsc147.py:63: UserWarning: The given NumPy array is not writable, and PyTorch does not support non-writable tensors. This means writing to this tensor will result in undefined behavior. You may want to copy the array to protect its data or make it writable before converting it to a tensor. This type of warning will be suppressed for the rest of this program. (Triggered internally at /pytorch/torch/csrc/utils/tensor_numpy.cpp:213.)
  return {"imgs": torch.from_numpy(np.asarray(img)).permute(2, 0, 1).float() / 255.0,
/data/repo/code/data/fsc147.py:63: UserWarning: The given NumPy array is not writable, and PyTorch does not support non-writable tensors. This means writing to this tensor will result in undefined behavior. You may want to copy the array to protect its data or make it writable before converting it to a tensor. This type of warning will be suppressed for the rest of this program. (Triggered internally at /pytorch/torch/csrc/utils/tensor_numpy.cpp:213.)
  return {"imgs": torch.from_numpy(np.asarray(img)).permute(2, 0, 1).float() / 255.0,
/data/repo/code/data/fsc147.py:63: UserWarning: The given NumPy array is not writable, and PyTorch does not support non-writable tensors. This means writing to this tensor will result in undefined behavior. You may want to copy the array to protect its data or make it writable before converting it to a tensor. This type of warning will be suppressed for the rest of this program. (Triggered internally at /pytorch/torch/csrc/utils/tensor_numpy.cpp:213.)
  return {"imgs": torch.from_numpy(np.asarray(img)).permute(2, 0, 1).float() / 255.0,
/data/repo/code/data/fsc147.py:63: UserWarning: The given NumPy array is not writable, and PyTorch does not support non-writable tensors. This means writing to this tensor will result in undefined behavior. You may want to copy the array to protect its data or make it writable before converting it to a tensor. This type of warning will be suppressed for the rest of this program. (Triggered internally at /pytorch/torch/csrc/utils/tensor_numpy.cpp:213.)
  return {"imgs": torch.from_numpy(np.asarray(img)).permute(2, 0, 1).float() / 255.0,
/data/repo/code/data/fsc147.py:63: UserWarning: The given NumPy array is not writable, and PyTorch does not support non-writable tensors. This means writing to this tensor will result in undefined behavior. You may want to copy the array to protect its data or make it writable before converting it to a tensor. This type of warning will be suppressed for the rest of this program. (Triggered internally at /pytorch/torch/csrc/utils/tensor_numpy.cpp:213.)
  return {"imgs": torch.from_numpy(np.asarray(img)).permute(2, 0, 1).float() / 255.0,
/data/repo/code/data/fsc147.py:63: UserWarning: The given NumPy array is not writable, and PyTorch does not support non-writable tensors. This means writing to this tensor will result in undefined behavior. You may want to copy the array to protect its data or make it writable before converting it to a tensor. This type of warning will be suppressed for the rest of this program. (Triggered internally at /pytorch/torch/csrc/utils/tensor_numpy.cpp:213.)
  return {"imgs": torch.from_numpy(np.asarray(img)).permute(2, 0, 1).float() / 255.0,
/data/repo/code/data/fsc147.py:63: UserWarning: The given NumPy array is not writable, and PyTorch does not support non-writable tensors. This means writing to this tensor will result in undefined behavior. You may want to copy the array to protect its data or make it writable before converting it to a tensor. This type of warning will be suppressed for the rest of this program. (Triggered internally at /pytorch/torch/csrc/utils/tensor_numpy.cpp:213.)
  return {"imgs": torch.from_numpy(np.asarray(img)).permute(2, 0, 1).float() / 255.0,
/data/repo/code/data/fsc147.py:63: UserWarning: The given NumPy array is not writable, and PyTorch does not support non-writable tensors. This means writing to this tensor will result in undefined behavior. You may want to copy the array to protect its data or make it writable before converting it to a tensor. This type of warning will be suppressed for the rest of this program. (Triggered internally at /pytorch/torch/csrc/utils/tensor_numpy.cpp:213.)
  return {"imgs": torch.from_numpy(np.asarray(img)).permute(2, 0, 1).float() / 255.0,
RESULT {"node": "N0013_dino_mosaic", "status": "running", "metrics": {"mae": 23.01059846818725, "rmse": 81.11551291712424, "best_mae": 23.01059846818725}, "timing": {"train_seconds": 1016.1, "epochs_done": 29}, "diagnostics": {"oom": false}, "run_dir": "/data/runs/N0013_dino_mosaic", "ts": "2026-08-23T14:41:21+0800"}
E029/40 loss=9.7758 MAE=23.011 RMSE=81.116 best=23.011 [1016s] ***BEST
/data/repo/code/data/fsc147.py:63: UserWarning: The given NumPy array is not writable, and PyTorch does not support non-writable tensors. This means writing to this tensor will result in undefined behavior. You may want to copy the array to protect its data or make it writable before converting it to a tensor. This type of warning will be suppressed for the rest of this program. (Triggered internally at /pytorch/torch/csrc/utils/tensor_numpy.cpp:213.)
  return {"imgs": torch.from_numpy(np.asarray(img)).permute(2, 0, 1).float() / 255.0,
/data/repo/code/data/fsc147.py:63: UserWarning: The given NumPy array is not writable, and PyTorch does not support non-writable tensors. This means writing to this tensor will result in undefined behavior. You may want to copy the array to protect its data or make it writable before converting it to a tensor. This type of warning will be suppressed for the rest of this program. (Triggered internally at /pytorch/torch/csrc/utils/tensor_numpy.cpp:213.)
  return {"imgs": torch.from_numpy(np.asarray(img)).permute(2, 0, 1).float() / 255.0,
/data/repo/code/data/fsc147.py:63: UserWarning: The given NumPy array is not writable, and PyTorch does not support non-writable tensors. This means writing to this tensor will result in undefined behavior. You may want to copy the array to protect its data or make it writable before converting it to a tensor. This type of warning will be suppressed for the rest of this program. (Triggered internally at /pytorch/torch/csrc/utils/tensor_numpy.cpp:213.)
  return {"imgs": torch.from_numpy(np.asarray(img)).permute(2, 0, 1).float() / 255.0,
/data/repo/code/data/fsc147.py:63: UserWarning: The given NumPy array is not writable, and PyTorch does not support non-writable tensors. This means writing to this tensor will result in undefined behavior. You may want to copy the array to protect its data or make it writable before converting it to a tensor. This type of warning will be suppressed for the rest of this program. (Triggered internally at /pytorch/torch/csrc/utils/tensor_numpy.cpp:213.)
  return {"imgs": torch.from_numpy(np.asarray(img)).permute(2, 0, 1).float() / 255.0,
/data/repo/code/data/fsc147.py:63: UserWarning: The given NumPy array is not writable, and PyTorch does not support non-writable tensors. This means writing to this tensor will result in undefined behavior. You may want to copy the array to protect its data or make it writable before converting it to a tensor. This type of warning will be suppressed for the rest of this program. (Triggered internally at /pytorch/torch/csrc/utils/tensor_numpy.cpp:213.)
  return {"imgs": torch.from_numpy(np.asarray(img)).permute(2, 0, 1).float() / 255.0,
/data/repo/code/data/fsc147.py:63: UserWarning: The given NumPy array is not writable, and PyTorch does not support non-writable tensors. This means writing to this tensor will result in undefined behavior. You may want to copy the array to protect its data or make it writable before converting it to a tensor. This type of warning will be suppressed for the rest of this program. (Triggered internally at /pytorch/torch/csrc/utils/tensor_numpy.cpp:213.)
  return {"imgs": torch.from_numpy(np.asarray(img)).permute(2, 0, 1).float() / 255.0,
/data/repo/code/data/fsc147.py:63: UserWarning: The given NumPy array is not writable, and PyTorch does not support non-writable tensors. This means writing to this tensor will result in undefined behavior. You may want to copy the array to protect its data or make it writable before converting it to a tensor. This type of warning will be suppressed for the rest of this program. (Triggered internally at /pytorch/torch/csrc/utils/tensor_numpy.cpp:213.)
  return {"imgs": torch.from_numpy(np.asarray(img)).permute(2, 0, 1).float() / 255.0,
/data/repo/code/data/fsc147.py:63: UserWarning: The given NumPy array is not writable, and PyTorch does not support non-writable tensors. This means writing to this tensor will result in undefined behavior. You may want to copy the array to protect its data or make it writable before converting it to a tensor. This type of warning will be suppressed for the rest of this program. (Triggered internally at /pytorch/torch/csrc/utils/tensor_numpy.cpp:213.)
  return {"imgs": torch.from_numpy(np.asarray(img)).permute(2, 0, 1).float() / 255.0,
RESULT {"node": "N0013_dino_mosaic", "status": "running", "metrics": {"mae": 23.119732026178767, "rmse": 82.40029045022773, "best_mae": 23.01059846818725}, "timing": {"train_seconds": 1050.7, "epochs_done": 30}, "diagnostics": {"oom": false}, "run_dir": "/data/runs/N0013_dino_mosaic", "ts": "2026-08-23T14:41:56+0800"}
E030/40 loss=9.3375 MAE=23.120 RMSE=82.400 best=23.011 [1051s]
/data/repo/code/data/fsc147.py:63: UserWarning: The given NumPy array is not writable, and PyTorch does not support non-writable tensors. This means writing to this tensor will result in undefined behavior. You may want to copy the array to protect its data or make it writable before converting it to a tensor. This type of warning will be suppressed for the rest of this program. (Triggered internally at /pytorch/torch/csrc/utils/tensor_numpy.cpp:213.)
  return {"imgs": torch.from_numpy(np.asarray(img)).permute(2, 0, 1).float() / 255.0,
/data/repo/code/data/fsc147.py:63: UserWarning: The given NumPy array is not writable, and PyTorch does not support non-writable tensors. This means writing to this tensor will result in undefined behavior. You may want to copy the array to protect its data or make it writable before converting it to a tensor. This type of warning will be suppressed for the rest of this program. (Triggered internally at /pytorch/torch/csrc/utils/tensor_numpy.cpp:213.)
  return {"imgs": torch.from_numpy(np.asarray(img)).permute(2, 0, 1).float() / 255.0,
/data/repo/code/data/fsc147.py:63: UserWarning: The given NumPy array is not writable, and PyTorch does not support non-writable tensors. This means writing to this tensor will result in undefined behavior. You may want to copy the array to protect its data or make it writable before converting it to a tensor. This type of warning will be suppressed for the rest of this program. (Triggered internally at /pytorch/torch/csrc/utils/tensor_numpy.cpp:213.)
  return {"imgs": torch.from_numpy(np.asarray(img)).permute(2, 0, 1).float() / 255.0,
/data/repo/code/data/fsc147.py:63: UserWarning: The given NumPy array is not writable, and PyTorch does not support non-writable tensors. This means writing to this tensor will result in undefined behavior. You may want to copy the array to protect its data or make it writable before converting it to a tensor. This type of warning will be suppressed for the rest of this program. (Triggered internally at /pytorch/torch/csrc/utils/tensor_numpy.cpp:213.)
  return {"imgs": torch.from_numpy(np.asarray(img)).permute(2, 0, 1).float() / 255.0,
/data/repo/code/data/fsc147.py:63: UserWarning: The given NumPy array is not writable, and PyTorch does not support non-writable tensors. This means writing to this tensor will result in undefined behavior. You may want to copy the array to protect its data or make it writable before converting it to a tensor. This type of warning will be suppressed for the rest of this program. (Triggered internally at /pytorch/torch/csrc/utils/tensor_numpy.cpp:213.)
  return {"imgs": torch.from_numpy(np.asarray(img)).permute(2, 0, 1).float() / 255.0,
/data/repo/code/data/fsc147.py:63: UserWarning: The given NumPy array is not writable, and PyTorch does not support non-writable tensors. This means writing to this tensor will result in undefined behavior. You may want to copy the array to protect its data or make it writable before converting it to a tensor. This type of warning will be suppressed for the rest of this program. (Triggered internally at /pytorch/torch/csrc/utils/tensor_numpy.cpp:213.)
  return {"imgs": torch.from_numpy(np.asarray(img)).permute(2, 0, 1).float() / 255.0,
/data/repo/code/data/fsc147.py:63: UserWarning: The given NumPy array is not writable, and PyTorch does not support non-writable tensors. This means writing to this tensor will result in undefined behavior. You may want to copy the array to protect its data or make it writable before converting it to a tensor. This type of warning will be suppressed for the rest of this program. (Triggered internally at /pytorch/torch/csrc/utils/tensor_numpy.cpp:213.)
  return {"imgs": torch.from_numpy(np.asarray(img)).permute(2, 0, 1).float() / 255.0,
/data/repo/code/data/fsc147.py:63: UserWarning: The given NumPy array is not writable, and PyTorch does not support non-writable tensors. This means writing to this tensor will result in undefined behavior. You may want to copy the array to protect its data or make it writable before converting it to a tensor. This type of warning will be suppressed for the rest of this program. (Triggered internally at /pytorch/torch/csrc/utils/tensor_numpy.cpp:213.)
  return {"imgs": torch.from_numpy(np.asarray(img)).permute(2, 0, 1).float() / 255.0,
RESULT {"node": "N0013_dino_mosaic", "status": "running", "metrics": {"mae": 24.74226953898025, "rmse": 88.1985763945046, "best_mae": 23.01059846818725}, "timing": {"train_seconds": 1085.2, "epochs_done": 31}, "diagnostics": {"oom": false}, "run_dir": "/data/runs/N0013_dino_mosaic", "ts": "2026-08-23T14:42:30+0800"}
E031/40 loss=9.1524 MAE=24.742 RMSE=88.199 best=23.011 [1085s]
/data/repo/code/data/fsc147.py:63: UserWarning: The given NumPy array is not writable, and PyTorch does not support non-writable tensors. This means writing to this tensor will result in undefined behavior. You may want to copy the array to protect its data or make it writable before converting it to a tensor. This type of warning will be suppressed for the rest of this program. (Triggered internally at /pytorch/torch/csrc/utils/tensor_numpy.cpp:213.)
  return {"imgs": torch.from_numpy(np.asarray(img)).permute(2, 0, 1).float() / 255.0,
/data/repo/code/data/fsc147.py:63: UserWarning: The given NumPy array is not writable, and PyTorch does not support non-writable tensors. This means writing to this tensor will result in undefined behavior. You may want to copy the array to protect its data or make it writable before converting it to a tensor. This type of warning will be suppressed for the rest of this program. (Triggered internally at /pytorch/torch/csrc/utils/tensor_numpy.cpp:213.)
  return {"imgs": torch.from_numpy(np.asarray(img)).permute(2, 0, 1).float() / 255.0,
/data/repo/code/data/fsc147.py:63: UserWarning: The given NumPy array is not writable, and PyTorch does not support non-writable tensors. This means writing to this tensor will result in undefined behavior. You may want to copy the array to protect its data or make it writable before converting it to a tensor. This type of warning will be suppressed for the rest of this program. (Triggered internally at /pytorch/torch/csrc/utils/tensor_numpy.cpp:213.)
  return {"imgs": torch.from_numpy(np.asarray(img)).permute(2, 0, 1).float() / 255.0,
/data/repo/code/data/fsc147.py:63: UserWarning: The given NumPy array is not writable, and PyTorch does not support non-writable tensors. This means writing to this tensor will result in undefined behavior. You may want to copy the array to protect its data or make it writable before converting it to a tensor. This type of warning will be suppressed for the rest of this program. (Triggered internally at /pytorch/torch/csrc/utils/tensor_numpy.cpp:213.)
  return {"imgs": torch.from_numpy(np.asarray(img)).permute(2, 0, 1).float() / 255.0,
/data/repo/code/data/fsc147.py:63: UserWarning: The given NumPy array is not writable, and PyTorch does not support non-writable tensors. This means writing to this tensor will result in undefined behavior. You may want to copy the array to protect its data or make it writable before converting it to a tensor. This type of warning will be suppressed for the rest of this program. (Triggered internally at /pytorch/torch/csrc/utils/tensor_numpy.cpp:213.)
  return {"imgs": torch.from_numpy(np.asarray(img)).permute(2, 0, 1).float() / 255.0,
/data/repo/code/data/fsc147.py:63: UserWarning: The given NumPy array is not writable, and PyTorch does not support non-writable tensors. This means writing to this tensor will result in undefined behavior. You may want to copy the array to protect its data or make it writable before converting it to a tensor. This type of warning will be suppressed for the rest of this program. (Triggered internally at /pytorch/torch/csrc/utils/tensor_numpy.cpp:213.)
  return {"imgs": torch.from_numpy(np.asarray(img)).permute(2, 0, 1).float() / 255.0,
/data/repo/code/data/fsc147.py:63: UserWarning: The given NumPy array is not writable, and PyTorch does not support non-writable tensors. This means writing to this tensor will result in undefined behavior. You may want to copy the array to protect its data or make it writable before converting it to a tensor. This type of warning will be suppressed for the rest of this program. (Triggered internally at /pytorch/torch/csrc/utils/tensor_numpy.cpp:213.)
  return {"imgs": torch.from_numpy(np.asarray(img)).permute(2, 0, 1).float() / 255.0,
/data/repo/code/data/fsc147.py:63: UserWarning: The given NumPy array is not writable, and PyTorch does not support non-writable tensors. This means writing to this tensor will result in undefined behavior. You may want to copy the array to protect its data or make it writable before converting it to a tensor. This type of warning will be suppressed for the rest of this program. (Triggered internally at /pytorch/torch/csrc/utils/tensor_numpy.cpp:213.)
  return {"imgs": torch.from_numpy(np.asarray(img)).permute(2, 0, 1).float() / 255.0,
RESULT {"node": "N0013_dino_mosaic", "status": "running", "metrics": {"mae": 23.067924015258743, "rmse": 82.94597859613684, "best_mae": 23.01059846818725}, "timing": {"train_seconds": 1119.7, "epochs_done": 32}, "diagnostics": {"oom": false}, "run_dir": "/data/runs/N0013_dino_mosaic", "ts": "2026-08-23T14:43:05+0800"}
E032/40 loss=9.3411 MAE=23.068 RMSE=82.946 best=23.011 [1120s]
/data/repo/code/data/fsc147.py:63: UserWarning: The given NumPy array is not writable, and PyTorch does not support non-writable tensors. This means writing to this tensor will result in undefined behavior. You may want to copy the array to protect its data or make it writable before converting it to a tensor. This type of warning will be suppressed for the rest of this program. (Triggered internally at /pytorch/torch/csrc/utils/tensor_numpy.cpp:213.)
  return {"imgs": torch.from_numpy(np.asarray(img)).permute(2, 0, 1).float() / 255.0,
/data/repo/code/data/fsc147.py:63: UserWarning: The given NumPy array is not writable, and PyTorch does not support non-writable tensors. This means writing to this tensor will result in undefined behavior. You may want to copy the array to protect its data or make it writable before converting it to a tensor. This type of warning will be suppressed for the rest of this program. (Triggered internally at /pytorch/torch/csrc/utils/tensor_numpy.cpp:213.)
  return {"imgs": torch.from_numpy(np.asarray(img)).permute(2, 0, 1).float() / 255.0,
/data/repo/code/data/fsc147.py:63: UserWarning: The given NumPy array is not writable, and PyTorch does not support non-writable tensors. This means writing to this tensor will result in undefined behavior. You may want to copy the array to protect its data or make it writable before converting it to a tensor. This type of warning will be suppressed for the rest of this program. (Triggered internally at /pytorch/torch/csrc/utils/tensor_numpy.cpp:213.)
  return {"imgs": torch.from_numpy(np.asarray(img)).permute(2, 0, 1).float() / 255.0,
/data/repo/code/data/fsc147.py:63: UserWarning: The given NumPy array is not writable, and PyTorch does not support non-writable tensors. This means writing to this tensor will result in undefined behavior. You may want to copy the array to protect its data or make it writable before converting it to a tensor. This type of warning will be suppressed for the rest of this program. (Triggered internally at /pytorch/torch/csrc/utils/tensor_numpy.cpp:213.)
  return {"imgs": torch.from_numpy(np.asarray(img)).permute(2, 0, 1).float() / 255.0,
/data/repo/code/data/fsc147.py:63: UserWarning: The given NumPy array is not writable, and PyTorch does not support non-writable tensors. This means writing to this tensor will result in undefined behavior. You may want to copy the array to protect its data or make it writable before converting it to a tensor. This type of warning will be suppressed for the rest of this program. (Triggered internally at /pytorch/torch/csrc/utils/tensor_numpy.cpp:213.)
  return {"imgs": torch.from_numpy(np.asarray(img)).permute(2, 0, 1).float() / 255.0,
/data/repo/code/data/fsc147.py:63: UserWarning: The given NumPy array is not writable, and PyTorch does not support non-writable tensors. This means writing to this tensor will result in undefined behavior. You may want to copy the array to protect its data or make it writable before converting it to a tensor. This type of warning will be suppressed for the rest of this program. (Triggered internally at /pytorch/torch/csrc/utils/tensor_numpy.cpp:213.)
  return {"imgs": torch.from_numpy(np.asarray(img)).permute(2, 0, 1).float() / 255.0,
/data/repo/code/data/fsc147.py:63: UserWarning: The given NumPy array is not writable, and PyTorch does not support non-writable tensors. This means writing to this tensor will result in undefined behavior. You may want to copy the array to protect its data or make it writable before converting it to a tensor. This type of warning will be suppressed for the rest of this program. (Triggered internally at /pytorch/torch/csrc/utils/tensor_numpy.cpp:213.)
  return {"imgs": torch.from_numpy(np.asarray(img)).permute(2, 0, 1).float() / 255.0,
/data/repo/code/data/fsc147.py:63: UserWarning: The given NumPy array is not writable, and PyTorch does not support non-writable tensors. This means writing to this tensor will result in undefined behavior. You may want to copy the array to protect its data or make it writable before converting it to a tensor. This type of warning will be suppressed for the rest of this program. (Triggered internally at /pytorch/torch/csrc/utils/tensor_numpy.cpp:213.)
  return {"imgs": torch.from_numpy(np.asarray(img)).permute(2, 0, 1).float() / 255.0,
RESULT {"node": "N0013_dino_mosaic", "status": "running", "metrics": {"mae": 22.771066200677566, "rmse": 81.95143149952091, "best_mae": 22.771066200677566}, "timing": {"train_seconds": 1154.4, "epochs_done": 33}, "diagnostics": {"oom": false}, "run_dir": "/data/runs/N0013_dino_mosaic", "ts": "2026-08-23T14:43:39+0800"}
E033/40 loss=9.0447 MAE=22.771 RMSE=81.951 best=22.771 [1154s] ***BEST
/data/repo/code/data/fsc147.py:63: UserWarning: The given NumPy array is not writable, and PyTorch does not support non-writable tensors. This means writing to this tensor will result in undefined behavior. You may want to copy the array to protect its data or make it writable before converting it to a tensor. This type of warning will be suppressed for the rest of this program. (Triggered internally at /pytorch/torch/csrc/utils/tensor_numpy.cpp:213.)
  return {"imgs": torch.from_numpy(np.asarray(img)).permute(2, 0, 1).float() / 255.0,
/data/repo/code/data/fsc147.py:63: UserWarning: The given NumPy array is not writable, and PyTorch does not support non-writable tensors. This means writing to this tensor will result in undefined behavior. You may want to copy the array to protect its data or make it writable before converting it to a tensor. This type of warning will be suppressed for the rest of this program. (Triggered internally at /pytorch/torch/csrc/utils/tensor_numpy.cpp:213.)
  return {"imgs": torch.from_numpy(np.asarray(img)).permute(2, 0, 1).float() / 255.0,
/data/repo/code/data/fsc147.py:63: UserWarning: The given NumPy array is not writable, and PyTorch does not support non-writable tensors. This means writing to this tensor will result in undefined behavior. You may want to copy the array to protect its data or make it writable before converting it to a tensor. This type of warning will be suppressed for the rest of this program. (Triggered internally at /pytorch/torch/csrc/utils/tensor_numpy.cpp:213.)
  return {"imgs": torch.from_numpy(np.asarray(img)).permute(2, 0, 1).float() / 255.0,
/data/repo/code/data/fsc147.py:63: UserWarning: The given NumPy array is not writable, and PyTorch does not support non-writable tensors. This means writing to this tensor will result in undefined behavior. You may want to copy the array to protect its data or make it writable before converting it to a tensor. This type of warning will be suppressed for the rest of this program. (Triggered internally at /pytorch/torch/csrc/utils/tensor_numpy.cpp:213.)
  return {"imgs": torch.from_numpy(np.asarray(img)).permute(2, 0, 1).float() / 255.0,
/data/repo/code/data/fsc147.py:63: UserWarning: The given NumPy array is not writable, and PyTorch does not support non-writable tensors. This means writing to this tensor will result in undefined behavior. You may want to copy the array to protect its data or make it writable before converting it to a tensor. This type of warning will be suppressed for the rest of this program. (Triggered internally at /pytorch/torch/csrc/utils/tensor_numpy.cpp:213.)
  return {"imgs": torch.from_numpy(np.asarray(img)).permute(2, 0, 1).float() / 255.0,
/data/repo/code/data/fsc147.py:63: UserWarning: The given NumPy array is not writable, and PyTorch does not support non-writable tensors. This means writing to this tensor will result in undefined behavior. You may want to copy the array to protect its data or make it writable before converting it to a tensor. This type of warning will be suppressed for the rest of this program. (Triggered internally at /pytorch/torch/csrc/utils/tensor_numpy.cpp:213.)
  return {"imgs": torch.from_numpy(np.asarray(img)).permute(2, 0, 1).float() / 255.0,
/data/repo/code/data/fsc147.py:63: UserWarning: The given NumPy array is not writable, and PyTorch does not support non-writable tensors. This means writing to this tensor will result in undefined behavior. You may want to copy the array to protect its data or make it writable before converting it to a tensor. This type of warning will be suppressed for the rest of this program. (Triggered internally at /pytorch/torch/csrc/utils/tensor_numpy.cpp:213.)
  return {"imgs": torch.from_numpy(np.asarray(img)).permute(2, 0, 1).float() / 255.0,
/data/repo/code/data/fsc147.py:63: UserWarning: The given NumPy array is not writable, and PyTorch does not support non-writable tensors. This means writing to this tensor will result in undefined behavior. You may want to copy the array to protect its data or make it writable before converting it to a tensor. This type of warning will be suppressed for the rest of this program. (Triggered internally at /pytorch/torch/csrc/utils/tensor_numpy.cpp:213.)
  return {"imgs": torch.from_numpy(np.asarray(img)).permute(2, 0, 1).float() / 255.0,
RESULT {"node": "N0013_dino_mosaic", "status": "running", "metrics": {"mae": 22.761967698300424, "rmse": 82.36038496645507, "best_mae": 22.761967698300424}, "timing": {"train_seconds": 1189.1, "epochs_done": 34}, "diagnostics": {"oom": false}, "run_dir": "/data/runs/N0013_dino_mosaic", "ts": "2026-08-23T14:44:14+0800"}
E034/40 loss=8.8445 MAE=22.762 RMSE=82.360 best=22.762 [1189s] ***BEST
/data/repo/code/data/fsc147.py:63: UserWarning: The given NumPy array is not writable, and PyTorch does not support non-writable tensors. This means writing to this tensor will result in undefined behavior. You may want to copy the array to protect its data or make it writable before converting it to a tensor. This type of warning will be suppressed for the rest of this program. (Triggered internally at /pytorch/torch/csrc/utils/tensor_numpy.cpp:213.)
  return {"imgs": torch.from_numpy(np.asarray(img)).permute(2, 0, 1).float() / 255.0,
/data/repo/code/data/fsc147.py:63: UserWarning: The given NumPy array is not writable, and PyTorch does not support non-writable tensors. This means writing to this tensor will result in undefined behavior. You may want to copy the array to protect its data or make it writable before converting it to a tensor. This type of warning will be suppressed for the rest of this program. (Triggered internally at /pytorch/torch/csrc/utils/tensor_numpy.cpp:213.)
  return {"imgs": torch.from_numpy(np.asarray(img)).permute(2, 0, 1).float() / 255.0,
/data/repo/code/data/fsc147.py:63: UserWarning: The given NumPy array is not writable, and PyTorch does not support non-writable tensors. This means writing to this tensor will result in undefined behavior. You may want to copy the array to protect its data or make it writable before converting it to a tensor. This type of warning will be suppressed for the rest of this program. (Triggered internally at /pytorch/torch/csrc/utils/tensor_numpy.cpp:213.)
  return {"imgs": torch.from_numpy(np.asarray(img)).permute(2, 0, 1).float() / 255.0,
/data/repo/code/data/fsc147.py:63: UserWarning: The given NumPy array is not writable, and PyTorch does not support non-writable tensors. This means writing to this tensor will result in undefined behavior. You may want to copy the array to protect its data or make it writable before converting it to a tensor. This type of warning will be suppressed for the rest of this program. (Triggered internally at /pytorch/torch/csrc/utils/tensor_numpy.cpp:213.)
  return {"imgs": torch.from_numpy(np.asarray(img)).permute(2, 0, 1).float() / 255.0,
/data/repo/code/data/fsc147.py:63: UserWarning: The given NumPy array is not writable, and PyTorch does not support non-writable tensors. This means writing to this tensor will result in undefined behavior. You may want to copy the array to protect its data or make it writable before converting it to a tensor. This type of warning will be suppressed for the rest of this program. (Triggered internally at /pytorch/torch/csrc/utils/tensor_numpy.cpp:213.)
  return {"imgs": torch.from_numpy(np.asarray(img)).permute(2, 0, 1).float() / 255.0,
/data/repo/code/data/fsc147.py:63: UserWarning: The given NumPy array is not writable, and PyTorch does not support non-writable tensors. This means writing to this tensor will result in undefined behavior. You may want to copy the array to protect its data or make it writable before converting it to a tensor. This type of warning will be suppressed for the rest of this program. (Triggered internally at /pytorch/torch/csrc/utils/tensor_numpy.cpp:213.)
  return {"imgs": torch.from_numpy(np.asarray(img)).permute(2, 0, 1).float() / 255.0,
/data/repo/code/data/fsc147.py:63: UserWarning: The given NumPy array is not writable, and PyTorch does not support non-writable tensors. This means writing to this tensor will result in undefined behavior. You may want to copy the array to protect its data or make it writable before converting it to a tensor. This type of warning will be suppressed for the rest of this program. (Triggered internally at /pytorch/torch/csrc/utils/tensor_numpy.cpp:213.)
  return {"imgs": torch.from_numpy(np.asarray(img)).permute(2, 0, 1).float() / 255.0,
/data/repo/code/data/fsc147.py:63: UserWarning: The given NumPy array is not writable, and PyTorch does not support non-writable tensors. This means writing to this tensor will result in undefined behavior. You may want to copy the array to protect its data or make it writable before converting it to a tensor. This type of warning will be suppressed for the rest of this program. (Triggered internally at /pytorch/torch/csrc/utils/tensor_numpy.cpp:213.)
  return {"imgs": torch.from_numpy(np.asarray(img)).permute(2, 0, 1).float() / 255.0,
RESULT {"node": "N0013_dino_mosaic", "status": "running", "metrics": {"mae": 22.500509063341013, "rmse": 81.38389605974173, "best_mae": 22.500509063341013}, "timing": {"train_seconds": 1223.5, "epochs_done": 35}, "diagnostics": {"oom": false}, "run_dir": "/data/runs/N0013_dino_mosaic", "ts": "2026-08-23T14:44:48+0800"}
E035/40 loss=8.6733 MAE=22.501 RMSE=81.384 best=22.501 [1224s] ***BEST
/data/repo/code/data/fsc147.py:63: UserWarning: The given NumPy array is not writable, and PyTorch does not support non-writable tensors. This means writing to this tensor will result in undefined behavior. You may want to copy the array to protect its data or make it writable before converting it to a tensor. This type of warning will be suppressed for the rest of this program. (Triggered internally at /pytorch/torch/csrc/utils/tensor_numpy.cpp:213.)
  return {"imgs": torch.from_numpy(np.asarray(img)).permute(2, 0, 1).float() / 255.0,
/data/repo/code/data/fsc147.py:63: UserWarning: The given NumPy array is not writable, and PyTorch does not support non-writable tensors. This means writing to this tensor will result in undefined behavior. You may want to copy the array to protect its data or make it writable before converting it to a tensor. This type of warning will be suppressed for the rest of this program. (Triggered internally at /pytorch/torch/csrc/utils/tensor_numpy.cpp:213.)
  return {"imgs": torch.from_numpy(np.asarray(img)).permute(2, 0, 1).float() / 255.0,
/data/repo/code/data/fsc147.py:63: UserWarning: The given NumPy array is not writable, and PyTorch does not support non-writable tensors. This means writing to this tensor will result in undefined behavior. You may want to copy the array to protect its data or make it writable before converting it to a tensor. This type of warning will be suppressed for the rest of this program. (Triggered internally at /pytorch/torch/csrc/utils/tensor_numpy.cpp:213.)
  return {"imgs": torch.from_numpy(np.asarray(img)).permute(2, 0, 1).float() / 255.0,
/data/repo/code/data/fsc147.py:63: UserWarning: The given NumPy array is not writable, and PyTorch does not support non-writable tensors. This means writing to this tensor will result in undefined behavior. You may want to copy the array to protect its data or make it writable before converting it to a tensor. This type of warning will be suppressed for the rest of this program. (Triggered internally at /pytorch/torch/csrc/utils/tensor_numpy.cpp:213.)
  return {"imgs": torch.from_numpy(np.asarray(img)).permute(2, 0, 1).float() / 255.0,
/data/repo/code/data/fsc147.py:63: UserWarning: The given NumPy array is not writable, and PyTorch does not support non-writable tensors. This means writing to this tensor will result in undefined behavior. You may want to copy the array to protect its data or make it writable before converting it to a tensor. This type of warning will be suppressed for the rest of this program. (Triggered internally at /pytorch/torch/csrc/utils/tensor_numpy.cpp:213.)
  return {"imgs": torch.from_numpy(np.asarray(img)).permute(2, 0, 1).float() / 255.0,
/data/repo/code/data/fsc147.py:63: UserWarning: The given NumPy array is not writable, and PyTorch does not support non-writable tensors. This means writing to this tensor will result in undefined behavior. You may want to copy the array to protect its data or make it writable before converting it to a tensor. This type of warning will be suppressed for the rest of this program. (Triggered internally at /pytorch/torch/csrc/utils/tensor_numpy.cpp:213.)
  return {"imgs": torch.from_numpy(np.asarray(img)).permute(2, 0, 1).float() / 255.0,
/data/repo/code/data/fsc147.py:63: UserWarning: The given NumPy array is not writable, and PyTorch does not support non-writable tensors. This means writing to this tensor will result in undefined behavior. You may want to copy the array to protect its data or make it writable before converting it to a tensor. This type of warning will be suppressed for the rest of this program. (Triggered internally at /pytorch/torch/csrc/utils/tensor_numpy.cpp:213.)
  return {"imgs": torch.from_numpy(np.asarray(img)).permute(2, 0, 1).float() / 255.0,
/data/repo/code/data/fsc147.py:63: UserWarning: The given NumPy array is not writable, and PyTorch does not support non-writable tensors. This means writing to this tensor will result in undefined behavior. You may want to copy the array to protect its data or make it writable before converting it to a tensor. This type of warning will be suppressed for the rest of this program. (Triggered internally at /pytorch/torch/csrc/utils/tensor_numpy.cpp:213.)
  return {"imgs": torch.from_numpy(np.asarray(img)).permute(2, 0, 1).float() / 255.0,
RESULT {"node": "N0013_dino_mosaic", "status": "running", "metrics": {"mae": 22.852661081643348, "rmse": 82.95168975017208, "best_mae": 22.500509063341013}, "timing": {"train_seconds": 1258.1, "epochs_done": 36}, "diagnostics": {"oom": false}, "run_dir": "/data/runs/N0013_dino_mosaic", "ts": "2026-08-23T14:45:23+0800"}
E036/40 loss=8.5643 MAE=22.853 RMSE=82.952 best=22.501 [1258s]
/data/repo/code/data/fsc147.py:63: UserWarning: The given NumPy array is not writable, and PyTorch does not support non-writable tensors. This means writing to this tensor will result in undefined behavior. You may want to copy the array to protect its data or make it writable before converting it to a tensor. This type of warning will be suppressed for the rest of this program. (Triggered internally at /pytorch/torch/csrc/utils/tensor_numpy.cpp:213.)
  return {"imgs": torch.from_numpy(np.asarray(img)).permute(2, 0, 1).float() / 255.0,
/data/repo/code/data/fsc147.py:63: UserWarning: The given NumPy array is not writable, and PyTorch does not support non-writable tensors. This means writing to this tensor will result in undefined behavior. You may want to copy the array to protect its data or make it writable before converting it to a tensor. This type of warning will be suppressed for the rest of this program. (Triggered internally at /pytorch/torch/csrc/utils/tensor_numpy.cpp:213.)
  return {"imgs": torch.from_numpy(np.asarray(img)).permute(2, 0, 1).float() / 255.0,
/data/repo/code/data/fsc147.py:63: UserWarning: The given NumPy array is not writable, and PyTorch does not support non-writable tensors. This means writing to this tensor will result in undefined behavior. You may want to copy the array to protect its data or make it writable before converting it to a tensor. This type of warning will be suppressed for the rest of this program. (Triggered internally at /pytorch/torch/csrc/utils/tensor_numpy.cpp:213.)
  return {"imgs": torch.from_numpy(np.asarray(img)).permute(2, 0, 1).float() / 255.0,
/data/repo/code/data/fsc147.py:63: UserWarning: The given NumPy array is not writable, and PyTorch does not support non-writable tensors. This means writing to this tensor will result in undefined behavior. You may want to copy the array to protect its data or make it writable before converting it to a tensor. This type of warning will be suppressed for the rest of this program. (Triggered internally at /pytorch/torch/csrc/utils/tensor_numpy.cpp:213.)
  return {"imgs": torch.from_numpy(np.asarray(img)).permute(2, 0, 1).float() / 255.0,
/data/repo/code/data/fsc147.py:63: UserWarning: The given NumPy array is not writable, and PyTorch does not support non-writable tensors. This means writing to this tensor will result in undefined behavior. You may want to copy the array to protect its data or make it writable before converting it to a tensor. This type of warning will be suppressed for the rest of this program. (Triggered internally at /pytorch/torch/csrc/utils/tensor_numpy.cpp:213.)
  return {"imgs": torch.from_numpy(np.asarray(img)).permute(2, 0, 1).float() / 255.0,
/data/repo/code/data/fsc147.py:63: UserWarning: The given NumPy array is not writable, and PyTorch does not support non-writable tensors. This means writing to this tensor will result in undefined behavior. You may want to copy the array to protect its data or make it writable before converting it to a tensor. This type of warning will be suppressed for the rest of this program. (Triggered internally at /pytorch/torch/csrc/utils/tensor_numpy.cpp:213.)
  return {"imgs": torch.from_numpy(np.asarray(img)).permute(2, 0, 1).float() / 255.0,
/data/repo/code/data/fsc147.py:63: UserWarning: The given NumPy array is not writable, and PyTorch does not support non-writable tensors. This means writing to this tensor will result in undefined behavior. You may want to copy the array to protect its data or make it writable before converting it to a tensor. This type of warning will be suppressed for the rest of this program. (Triggered internally at /pytorch/torch/csrc/utils/tensor_numpy.cpp:213.)
  return {"imgs": torch.from_numpy(np.asarray(img)).permute(2, 0, 1).float() / 255.0,
/data/repo/code/data/fsc147.py:63: UserWarning: The given NumPy array is not writable, and PyTorch does not support non-writable tensors. This means writing to this tensor will result in undefined behavior. You may want to copy the array to protect its data or make it writable before converting it to a tensor. This type of warning will be suppressed for the rest of this program. (Triggered internally at /pytorch/torch/csrc/utils/tensor_numpy.cpp:213.)
  return {"imgs": torch.from_numpy(np.asarray(img)).permute(2, 0, 1).float() / 255.0,
RESULT {"node": "N0013_dino_mosaic", "status": "running", "metrics": {"mae": 22.57148890473053, "rmse": 81.5980590698393, "best_mae": 22.500509063341013}, "timing": {"train_seconds": 1292.5, "epochs_done": 37}, "diagnostics": {"oom": false}, "run_dir": "/data/runs/N0013_dino_mosaic", "ts": "2026-08-23T14:45:57+0800"}
E037/40 loss=8.3691 MAE=22.571 RMSE=81.598 best=22.501 [1292s]
/data/repo/code/data/fsc147.py:63: UserWarning: The given NumPy array is not writable, and PyTorch does not support non-writable tensors. This means writing to this tensor will result in undefined behavior. You may want to copy the array to protect its data or make it writable before converting it to a tensor. This type of warning will be suppressed for the rest of this program. (Triggered internally at /pytorch/torch/csrc/utils/tensor_numpy.cpp:213.)
  return {"imgs": torch.from_numpy(np.asarray(img)).permute(2, 0, 1).float() / 255.0,
/data/repo/code/data/fsc147.py:63: UserWarning: The given NumPy array is not writable, and PyTorch does not support non-writable tensors. This means writing to this tensor will result in undefined behavior. You may want to copy the array to protect its data or make it writable before converting it to a tensor. This type of warning will be suppressed for the rest of this program. (Triggered internally at /pytorch/torch/csrc/utils/tensor_numpy.cpp:213.)
  return {"imgs": torch.from_numpy(np.asarray(img)).permute(2, 0, 1).float() / 255.0,
/data/repo/code/data/fsc147.py:63: UserWarning: The given NumPy array is not writable, and PyTorch does not support non-writable tensors. This means writing to this tensor will result in undefined behavior. You may want to copy the array to protect its data or make it writable before converting it to a tensor. This type of warning will be suppressed for the rest of this program. (Triggered internally at /pytorch/torch/csrc/utils/tensor_numpy.cpp:213.)
  return {"imgs": torch.from_numpy(np.asarray(img)).permute(2, 0, 1).float() / 255.0,
/data/repo/code/data/fsc147.py:63: UserWarning: The given NumPy array is not writable, and PyTorch does not support non-writable tensors. This means writing to this tensor will result in undefined behavior. You may want to copy the array to protect its data or make it writable before converting it to a tensor. This type of warning will be suppressed for the rest of this program. (Triggered internally at /pytorch/torch/csrc/utils/tensor_numpy.cpp:213.)
  return {"imgs": torch.from_numpy(np.asarray(img)).permute(2, 0, 1).float() / 255.0,
/data/repo/code/data/fsc147.py:63: UserWarning: The given NumPy array is not writable, and PyTorch does not support non-writable tensors. This means writing to this tensor will result in undefined behavior. You may want to copy the array to protect its data or make it writable before converting it to a tensor. This type of warning will be suppressed for the rest of this program. (Triggered internally at /pytorch/torch/csrc/utils/tensor_numpy.cpp:213.)
  return {"imgs": torch.from_numpy(np.asarray(img)).permute(2, 0, 1).float() / 255.0,
/data/repo/code/data/fsc147.py:63: UserWarning: The given NumPy array is not writable, and PyTorch does not support non-writable tensors. This means writing to this tensor will result in undefined behavior. You may want to copy the array to protect its data or make it writable before converting it to a tensor. This type of warning will be suppressed for the rest of this program. (Triggered internally at /pytorch/torch/csrc/utils/tensor_numpy.cpp:213.)
  return {"imgs": torch.from_numpy(np.asarray(img)).permute(2, 0, 1).float() / 255.0,
/data/repo/code/data/fsc147.py:63: UserWarning: The given NumPy array is not writable, and PyTorch does not support non-writable tensors. This means writing to this tensor will result in undefined behavior. You may want to copy the array to protect its data or make it writable before converting it to a tensor. This type of warning will be suppressed for the rest of this program. (Triggered internally at /pytorch/torch/csrc/utils/tensor_numpy.cpp:213.)
  return {"imgs": torch.from_numpy(np.asarray(img)).permute(2, 0, 1).float() / 255.0,
/data/repo/code/data/fsc147.py:63: UserWarning: The given NumPy array is not writable, and PyTorch does not support non-writable tensors. This means writing to this tensor will result in undefined behavior. You may want to copy the array to protect its data or make it writable before converting it to a tensor. This type of warning will be suppressed for the rest of this program. (Triggered internally at /pytorch/torch/csrc/utils/tensor_numpy.cpp:213.)
  return {"imgs": torch.from_numpy(np.asarray(img)).permute(2, 0, 1).float() / 255.0,
RESULT {"node": "N0013_dino_mosaic", "status": "running", "metrics": {"mae": 22.40378149189808, "rmse": 81.07589299144811, "best_mae": 22.40378149189808}, "timing": {"train_seconds": 1327.3, "epochs_done": 38}, "diagnostics": {"oom": false}, "run_dir": "/data/runs/N0013_dino_mosaic", "ts": "2026-08-23T14:46:32+0800"}
E038/40 loss=8.2148 MAE=22.404 RMSE=81.076 best=22.404 [1327s] ***BEST
/data/repo/code/data/fsc147.py:63: UserWarning: The given NumPy array is not writable, and PyTorch does not support non-writable tensors. This means writing to this tensor will result in undefined behavior. You may want to copy the array to protect its data or make it writable before converting it to a tensor. This type of warning will be suppressed for the rest of this program. (Triggered internally at /pytorch/torch/csrc/utils/tensor_numpy.cpp:213.)
  return {"imgs": torch.from_numpy(np.asarray(img)).permute(2, 0, 1).float() / 255.0,
/data/repo/code/data/fsc147.py:63: UserWarning: The given NumPy array is not writable, and PyTorch does not support non-writable tensors. This means writing to this tensor will result in undefined behavior. You may want to copy the array to protect its data or make it writable before converting it to a tensor. This type of warning will be suppressed for the rest of this program. (Triggered internally at /pytorch/torch/csrc/utils/tensor_numpy.cpp:213.)
  return {"imgs": torch.from_numpy(np.asarray(img)).permute(2, 0, 1).float() / 255.0,
/data/repo/code/data/fsc147.py:63: UserWarning: The given NumPy array is not writable, and PyTorch does not support non-writable tensors. This means writing to this tensor will result in undefined behavior. You may want to copy the array to protect its data or make it writable before converting it to a tensor. This type of warning will be suppressed for the rest of this program. (Triggered internally at /pytorch/torch/csrc/utils/tensor_numpy.cpp:213.)
  return {"imgs": torch.from_numpy(np.asarray(img)).permute(2, 0, 1).float() / 255.0,
/data/repo/code/data/fsc147.py:63: UserWarning: The given NumPy array is not writable, and PyTorch does not support non-writable tensors. This means writing to this tensor will result in undefined behavior. You may want to copy the array to protect its data or make it writable before converting it to a tensor. This type of warning will be suppressed for the rest of this program. (Triggered internally at /pytorch/torch/csrc/utils/tensor_numpy.cpp:213.)
  return {"imgs": torch.from_numpy(np.asarray(img)).permute(2, 0, 1).float() / 255.0,
/data/repo/code/data/fsc147.py:63: UserWarning: The given NumPy array is not writable, and PyTorch does not support non-writable tensors. This means writing to this tensor will result in undefined behavior. You may want to copy the array to protect its data or make it writable before converting it to a tensor. This type of warning will be suppressed for the rest of this program. (Triggered internally at /pytorch/torch/csrc/utils/tensor_numpy.cpp:213.)
  return {"imgs": torch.from_numpy(np.asarray(img)).permute(2, 0, 1).float() / 255.0,
/data/repo/code/data/fsc147.py:63: UserWarning: The given NumPy array is not writable, and PyTorch does not support non-writable tensors. This means writing to this tensor will result in undefined behavior. You may want to copy the array to protect its data or make it writable before converting it to a tensor. This type of warning will be suppressed for the rest of this program. (Triggered internally at /pytorch/torch/csrc/utils/tensor_numpy.cpp:213.)
  return {"imgs": torch.from_numpy(np.asarray(img)).permute(2, 0, 1).float() / 255.0,
/data/repo/code/data/fsc147.py:63: UserWarning: The given NumPy array is not writable, and PyTorch does not support non-writable tensors. This means writing to this tensor will result in undefined behavior. You may want to copy the array to protect its data or make it writable before converting it to a tensor. This type of warning will be suppressed for the rest of this program. (Triggered internally at /pytorch/torch/csrc/utils/tensor_numpy.cpp:213.)
  return {"imgs": torch.from_numpy(np.asarray(img)).permute(2, 0, 1).float() / 255.0,
/data/repo/code/data/fsc147.py:63: UserWarning: The given NumPy array is not writable, and PyTorch does not support non-writable tensors. This means writing to this tensor will result in undefined behavior. You may want to copy the array to protect its data or make it writable before converting it to a tensor. This type of warning will be suppressed for the rest of this program. (Triggered internally at /pytorch/torch/csrc/utils/tensor_numpy.cpp:213.)
  return {"imgs": torch.from_numpy(np.asarray(img)).permute(2, 0, 1).float() / 255.0,
RESULT {"node": "N0013_dino_mosaic", "status": "running", "metrics": {"mae": 22.67052886497177, "rmse": 82.03377094933869, "best_mae": 22.40378149189808}, "timing": {"train_seconds": 1361.8, "epochs_done": 39}, "diagnostics": {"oom": false}, "run_dir": "/data/runs/N0013_dino_mosaic", "ts": "2026-08-23T14:47:07+0800"}
E039/40 loss=8.2831 MAE=22.671 RMSE=82.034 best=22.404 [1362s]
/data/repo/code/data/fsc147.py:63: UserWarning: The given NumPy array is not writable, and PyTorch does not support non-writable tensors. This means writing to this tensor will result in undefined behavior. You may want to copy the array to protect its data or make it writable before converting it to a tensor. This type of warning will be suppressed for the rest of this program. (Triggered internally at /pytorch/torch/csrc/utils/tensor_numpy.cpp:213.)
  return {"imgs": torch.from_numpy(np.asarray(img)).permute(2, 0, 1).float() / 255.0,
/data/repo/code/data/fsc147.py:63: UserWarning: The given NumPy array is not writable, and PyTorch does not support non-writable tensors. This means writing to this tensor will result in undefined behavior. You may want to copy the array to protect its data or make it writable before converting it to a tensor. This type of warning will be suppressed for the rest of this program. (Triggered internally at /pytorch/torch/csrc/utils/tensor_numpy.cpp:213.)
  return {"imgs": torch.from_numpy(np.asarray(img)).permute(2, 0, 1).float() / 255.0,
/data/repo/code/data/fsc147.py:63: UserWarning: The given NumPy array is not writable, and PyTorch does not support non-writable tensors. This means writing to this tensor will result in undefined behavior. You may want to copy the array to protect its data or make it writable before converting it to a tensor. This type of warning will be suppressed for the rest of this program. (Triggered internally at /pytorch/torch/csrc/utils/tensor_numpy.cpp:213.)
  return {"imgs": torch.from_numpy(np.asarray(img)).permute(2, 0, 1).float() / 255.0,
/data/repo/code/data/fsc147.py:63: UserWarning: The given NumPy array is not writable, and PyTorch does not support non-writable tensors. This means writing to this tensor will result in undefined behavior. You may want to copy the array to protect its data or make it writable before converting it to a tensor. This type of warning will be suppressed for the rest of this program. (Triggered internally at /pytorch/torch/csrc/utils/tensor_numpy.cpp:213.)
  return {"imgs": torch.from_numpy(np.asarray(img)).permute(2, 0, 1).float() / 255.0,
/data/repo/code/data/fsc147.py:63: UserWarning: The given NumPy array is not writable, and PyTorch does not support non-writable tensors. This means writing to this tensor will result in undefined behavior. You may want to copy the array to protect its data or make it writable before converting it to a tensor. This type of warning will be suppressed for the rest of this program. (Triggered internally at /pytorch/torch/csrc/utils/tensor_numpy.cpp:213.)
  return {"imgs": torch.from_numpy(np.asarray(img)).permute(2, 0, 1).float() / 255.0,
/data/repo/code/data/fsc147.py:63: UserWarning: The given NumPy array is not writable, and PyTorch does not support non-writable tensors. This means writing to this tensor will result in undefined behavior. You may want to copy the array to protect its data or make it writable before converting it to a tensor. This type of warning will be suppressed for the rest of this program. (Triggered internally at /pytorch/torch/csrc/utils/tensor_numpy.cpp:213.)
  return {"imgs": torch.from_numpy(np.asarray(img)).permute(2, 0, 1).float() / 255.0,
/data/repo/code/data/fsc147.py:63: UserWarning: The given NumPy array is not writable, and PyTorch does not support non-writable tensors. This means writing to this tensor will result in undefined behavior. You may want to copy the array to protect its data or make it writable before converting it to a tensor. This type of warning will be suppressed for the rest of this program. (Triggered internally at /pytorch/torch/csrc/utils/tensor_numpy.cpp:213.)
  return {"imgs": torch.from_numpy(np.asarray(img)).permute(2, 0, 1).float() / 255.0,
/data/repo/code/data/fsc147.py:63: UserWarning: The given NumPy array is not writable, and PyTorch does not support non-writable tensors. This means writing to this tensor will result in undefined behavior. You may want to copy the array to protect its data or make it writable before converting it to a tensor. This type of warning will be suppressed for the rest of this program. (Triggered internally at /pytorch/torch/csrc/utils/tensor_numpy.cpp:213.)
  return {"imgs": torch.from_numpy(np.asarray(img)).permute(2, 0, 1).float() / 255.0,
RESULT {"node": "N0013_dino_mosaic", "status": "running", "metrics": {"mae": 22.76096561055161, "rmse": 82.47867990801686, "best_mae": 22.40378149189808}, "timing": {"train_seconds": 1396.3, "epochs_done": 40}, "diagnostics": {"oom": false}, "run_dir": "/data/runs/N0013_dino_mosaic", "ts": "2026-08-23T14:47:41+0800"}
E040/40 loss=8.2586 MAE=22.761 RMSE=82.479 best=22.404 [1396s]
/data/repo/code/data/fsc147.py:63: UserWarning: The given NumPy array is not writable, and PyTorch does not support non-writable tensors. This means writing to this tensor will result in undefined behavior. You may want to copy the array to protect its data or make it writable before converting it to a tensor. This type of warning will be suppressed for the rest of this program. (Triggered internally at /pytorch/torch/csrc/utils/tensor_numpy.cpp:213.)
  return {"imgs": torch.from_numpy(np.asarray(img)).permute(2, 0, 1).float() / 255.0,
/data/repo/code/data/fsc147.py:63: UserWarning: The given NumPy array is not writable, and PyTorch does not support non-writable tensors. This means writing to this tensor will result in undefined behavior. You may want to copy the array to protect its data or make it writable before converting it to a tensor. This type of warning will be suppressed for the rest of this program. (Triggered internally at /pytorch/torch/csrc/utils/tensor_numpy.cpp:213.)
  return {"imgs": torch.from_numpy(np.asarray(img)).permute(2, 0, 1).float() / 255.0,
/data/repo/code/data/fsc147.py:63: UserWarning: The given NumPy array is not writable, and PyTorch does not support non-writable tensors. This means writing to this tensor will result in undefined behavior. You may want to copy the array to protect its data or make it writable before converting it to a tensor. This type of warning will be suppressed for the rest of this program. (Triggered internally at /pytorch/torch/csrc/utils/tensor_numpy.cpp:213.)
  return {"imgs": torch.from_numpy(np.asarray(img)).permute(2, 0, 1).float() / 255.0,
/data/repo/code/data/fsc147.py:63: UserWarning: The given NumPy array is not writable, and PyTorch does not support non-writable tensors. This means writing to this tensor will result in undefined behavior. You may want to copy the array to protect its data or make it writable before converting it to a tensor. This type of warning will be suppressed for the rest of this program. (Triggered internally at /pytorch/torch/csrc/utils/tensor_numpy.cpp:213.)
  return {"imgs": torch.from_numpy(np.asarray(img)).permute(2, 0, 1).float() / 255.0,
RESULT {"node": "N0013_dino_mosaic", "status": "success", "metrics": {"mae": 22.76096561055161, "rmse": 82.47867990801686, "best_mae": 22.40378149189808}, "timing": {"train_seconds": 1410.4, "epochs_done": 40}, "diagnostics": {"oom": false, "instability": false, "smoke": false, "params_M": 23.11}, "run_dir": "/data/runs/N0013_dino_mosaic", "ts": "2026-08-23T14:47:55+0800"}
[engine] done status=success best=22.404
