/data/repo/code/data/fsc147.py:63: UserWarning: The given NumPy array is not writable, and PyTorch does not support non-writable tensors. This means writing to this tensor will result in undefined behavior. You may want to copy the array to protect its data or make it writable before converting it to a tensor. This type of warning will be suppressed for the rest of this program. (Triggered internally at /pytorch/torch/csrc/utils/tensor_numpy.cpp:213.)
  return {"imgs": torch.from_numpy(np.asarray(img)).permute(2, 0, 1).float() / 255.0,
RESULT {"node": "N0011_dino_pertok_gate_huber", "status": "running", "metrics": {"mae": 28.332795981856563, "rmse": 98.58759828853434, "best_mae": 28.332795981856563}, "timing": {"train_seconds": 427.0, "epochs_done": 13}, "diagnostics": {"oom": false}, "run_dir": "/data/runs/N0011_dino_pertok_gate_huber", "ts": "2026-08-23T12:42:32+0800"}
E013/40 loss=4.9976 MAE=28.333 RMSE=98.588 best=28.333 [427s] ***BEST
/data/repo/code/data/fsc147.py:63: UserWarning: The given NumPy array is not writable, and PyTorch does not support non-writable tensors. This means writing to this tensor will result in undefined behavior. You may want to copy the array to protect its data or make it writable before converting it to a tensor. This type of warning will be suppressed for the rest of this program. (Triggered internally at /pytorch/torch/csrc/utils/tensor_numpy.cpp:213.)
  return {"imgs": torch.from_numpy(np.asarray(img)).permute(2, 0, 1).float() / 255.0,
/data/repo/code/data/fsc147.py:63: UserWarning: The given NumPy array is not writable, and PyTorch does not support non-writable tensors. This means writing to this tensor will result in undefined behavior. You may want to copy the array to protect its data or make it writable before converting it to a tensor. This type of warning will be suppressed for the rest of this program. (Triggered internally at /pytorch/torch/csrc/utils/tensor_numpy.cpp:213.)
  return {"imgs": torch.from_numpy(np.asarray(img)).permute(2, 0, 1).float() / 255.0,
/data/repo/code/data/fsc147.py:63: UserWarning: The given NumPy array is not writable, and PyTorch does not support non-writable tensors. This means writing to this tensor will result in undefined behavior. You may want to copy the array to protect its data or make it writable before converting it to a tensor. This type of warning will be suppressed for the rest of this program. (Triggered internally at /pytorch/torch/csrc/utils/tensor_numpy.cpp:213.)
  return {"imgs": torch.from_numpy(np.asarray(img)).permute(2, 0, 1).float() / 255.0,
/data/repo/code/data/fsc147.py:63: UserWarning: The given NumPy array is not writable, and PyTorch does not support non-writable tensors. This means writing to this tensor will result in undefined behavior. You may want to copy the array to protect its data or make it writable before converting it to a tensor. This type of warning will be suppressed for the rest of this program. (Triggered internally at /pytorch/torch/csrc/utils/tensor_numpy.cpp:213.)
  return {"imgs": torch.from_numpy(np.asarray(img)).permute(2, 0, 1).float() / 255.0,
/data/repo/code/data/fsc147.py:63: UserWarning: The given NumPy array is not writable, and PyTorch does not support non-writable tensors. This means writing to this tensor will result in undefined behavior. You may want to copy the array to protect its data or make it writable before converting it to a tensor. This type of warning will be suppressed for the rest of this program. (Triggered internally at /pytorch/torch/csrc/utils/tensor_numpy.cpp:213.)
  return {"imgs": torch.from_numpy(np.asarray(img)).permute(2, 0, 1).float() / 255.0,
/data/repo/code/data/fsc147.py:63: UserWarning: The given NumPy array is not writable, and PyTorch does not support non-writable tensors. This means writing to this tensor will result in undefined behavior. You may want to copy the array to protect its data or make it writable before converting it to a tensor. This type of warning will be suppressed for the rest of this program. (Triggered internally at /pytorch/torch/csrc/utils/tensor_numpy.cpp:213.)
  return {"imgs": torch.from_numpy(np.asarray(img)).permute(2, 0, 1).float() / 255.0,
/data/repo/code/data/fsc147.py:63: UserWarning: The given NumPy array is not writable, and PyTorch does not support non-writable tensors. This means writing to this tensor will result in undefined behavior. You may want to copy the array to protect its data or make it writable before converting it to a tensor. This type of warning will be suppressed for the rest of this program. (Triggered internally at /pytorch/torch/csrc/utils/tensor_numpy.cpp:213.)
  return {"imgs": torch.from_numpy(np.asarray(img)).permute(2, 0, 1).float() / 255.0,
/data/repo/code/data/fsc147.py:63: UserWarning: The given NumPy array is not writable, and PyTorch does not support non-writable tensors. This means writing to this tensor will result in undefined behavior. You may want to copy the array to protect its data or make it writable before converting it to a tensor. This type of warning will be suppressed for the rest of this program. (Triggered internally at /pytorch/torch/csrc/utils/tensor_numpy.cpp:213.)
  return {"imgs": torch.from_numpy(np.asarray(img)).permute(2, 0, 1).float() / 255.0,
RESULT {"node": "N0011_dino_pertok_gate_huber", "status": "running", "metrics": {"mae": 30.192569096388752, "rmse": 103.01998776561192, "best_mae": 28.332795981856563}, "timing": {"train_seconds": 458.7, "epochs_done": 14}, "diagnostics": {"oom": false}, "run_dir": "/data/runs/N0011_dino_pertok_gate_huber", "ts": "2026-08-23T12:43:03+0800"}
E014/40 loss=4.9923 MAE=30.193 RMSE=103.020 best=28.333 [459s]
/data/repo/code/data/fsc147.py:63: UserWarning: The given NumPy array is not writable, and PyTorch does not support non-writable tensors. This means writing to this tensor will result in undefined behavior. You may want to copy the array to protect its data or make it writable before converting it to a tensor. This type of warning will be suppressed for the rest of this program. (Triggered internally at /pytorch/torch/csrc/utils/tensor_numpy.cpp:213.)
  return {"imgs": torch.from_numpy(np.asarray(img)).permute(2, 0, 1).float() / 255.0,
/data/repo/code/data/fsc147.py:63: UserWarning: The given NumPy array is not writable, and PyTorch does not support non-writable tensors. This means writing to this tensor will result in undefined behavior. You may want to copy the array to protect its data or make it writable before converting it to a tensor. This type of warning will be suppressed for the rest of this program. (Triggered internally at /pytorch/torch/csrc/utils/tensor_numpy.cpp:213.)
  return {"imgs": torch.from_numpy(np.asarray(img)).permute(2, 0, 1).float() / 255.0,
/data/repo/code/data/fsc147.py:63: UserWarning: The given NumPy array is not writable, and PyTorch does not support non-writable tensors. This means writing to this tensor will result in undefined behavior. You may want to copy the array to protect its data or make it writable before converting it to a tensor. This type of warning will be suppressed for the rest of this program. (Triggered internally at /pytorch/torch/csrc/utils/tensor_numpy.cpp:213.)
  return {"imgs": torch.from_numpy(np.asarray(img)).permute(2, 0, 1).float() / 255.0,
/data/repo/code/data/fsc147.py:63: UserWarning: The given NumPy array is not writable, and PyTorch does not support non-writable tensors. This means writing to this tensor will result in undefined behavior. You may want to copy the array to protect its data or make it writable before converting it to a tensor. This type of warning will be suppressed for the rest of this program. (Triggered internally at /pytorch/torch/csrc/utils/tensor_numpy.cpp:213.)
  return {"imgs": torch.from_numpy(np.asarray(img)).permute(2, 0, 1).float() / 255.0,
/data/repo/code/data/fsc147.py:63: UserWarning: The given NumPy array is not writable, and PyTorch does not support non-writable tensors. This means writing to this tensor will result in undefined behavior. You may want to copy the array to protect its data or make it writable before converting it to a tensor. This type of warning will be suppressed for the rest of this program. (Triggered internally at /pytorch/torch/csrc/utils/tensor_numpy.cpp:213.)
  return {"imgs": torch.from_numpy(np.asarray(img)).permute(2, 0, 1).float() / 255.0,
/data/repo/code/data/fsc147.py:63: UserWarning: The given NumPy array is not writable, and PyTorch does not support non-writable tensors. This means writing to this tensor will result in undefined behavior. You may want to copy the array to protect its data or make it writable before converting it to a tensor. This type of warning will be suppressed for the rest of this program. (Triggered internally at /pytorch/torch/csrc/utils/tensor_numpy.cpp:213.)
  return {"imgs": torch.from_numpy(np.asarray(img)).permute(2, 0, 1).float() / 255.0,
/data/repo/code/data/fsc147.py:63: UserWarning: The given NumPy array is not writable, and PyTorch does not support non-writable tensors. This means writing to this tensor will result in undefined behavior. You may want to copy the array to protect its data or make it writable before converting it to a tensor. This type of warning will be suppressed for the rest of this program. (Triggered internally at /pytorch/torch/csrc/utils/tensor_numpy.cpp:213.)
  return {"imgs": torch.from_numpy(np.asarray(img)).permute(2, 0, 1).float() / 255.0,
/data/repo/code/data/fsc147.py:63: UserWarning: The given NumPy array is not writable, and PyTorch does not support non-writable tensors. This means writing to this tensor will result in undefined behavior. You may want to copy the array to protect its data or make it writable before converting it to a tensor. This type of warning will be suppressed for the rest of this program. (Triggered internally at /pytorch/torch/csrc/utils/tensor_numpy.cpp:213.)
  return {"imgs": torch.from_numpy(np.asarray(img)).permute(2, 0, 1).float() / 255.0,
RESULT {"node": "N0011_dino_pertok_gate_huber", "status": "running", "metrics": {"mae": 28.31195640267332, "rmse": 96.26495014688456, "best_mae": 28.31195640267332}, "timing": {"train_seconds": 490.6, "epochs_done": 15}, "diagnostics": {"oom": false}, "run_dir": "/data/runs/N0011_dino_pertok_gate_huber", "ts": "2026-08-23T12:43:35+0800"}
E015/40 loss=4.8576 MAE=28.312 RMSE=96.265 best=28.312 [491s] ***BEST
/data/repo/code/data/fsc147.py:63: UserWarning: The given NumPy array is not writable, and PyTorch does not support non-writable tensors. This means writing to this tensor will result in undefined behavior. You may want to copy the array to protect its data or make it writable before converting it to a tensor. This type of warning will be suppressed for the rest of this program. (Triggered internally at /pytorch/torch/csrc/utils/tensor_numpy.cpp:213.)
  return {"imgs": torch.from_numpy(np.asarray(img)).permute(2, 0, 1).float() / 255.0,
/data/repo/code/data/fsc147.py:63: UserWarning: The given NumPy array is not writable, and PyTorch does not support non-writable tensors. This means writing to this tensor will result in undefined behavior. You may want to copy the array to protect its data or make it writable before converting it to a tensor. This type of warning will be suppressed for the rest of this program. (Triggered internally at /pytorch/torch/csrc/utils/tensor_numpy.cpp:213.)
  return {"imgs": torch.from_numpy(np.asarray(img)).permute(2, 0, 1).float() / 255.0,
/data/repo/code/data/fsc147.py:63: UserWarning: The given NumPy array is not writable, and PyTorch does not support non-writable tensors. This means writing to this tensor will result in undefined behavior. You may want to copy the array to protect its data or make it writable before converting it to a tensor. This type of warning will be suppressed for the rest of this program. (Triggered internally at /pytorch/torch/csrc/utils/tensor_numpy.cpp:213.)
  return {"imgs": torch.from_numpy(np.asarray(img)).permute(2, 0, 1).float() / 255.0,
/data/repo/code/data/fsc147.py:63: UserWarning: The given NumPy array is not writable, and PyTorch does not support non-writable tensors. This means writing to this tensor will result in undefined behavior. You may want to copy the array to protect its data or make it writable before converting it to a tensor. This type of warning will be suppressed for the rest of this program. (Triggered internally at /pytorch/torch/csrc/utils/tensor_numpy.cpp:213.)
  return {"imgs": torch.from_numpy(np.asarray(img)).permute(2, 0, 1).float() / 255.0,
/data/repo/code/data/fsc147.py:63: UserWarning: The given NumPy array is not writable, and PyTorch does not support non-writable tensors. This means writing to this tensor will result in undefined behavior. You may want to copy the array to protect its data or make it writable before converting it to a tensor. This type of warning will be suppressed for the rest of this program. (Triggered internally at /pytorch/torch/csrc/utils/tensor_numpy.cpp:213.)
  return {"imgs": torch.from_numpy(np.asarray(img)).permute(2, 0, 1).float() / 255.0,
/data/repo/code/data/fsc147.py:63: UserWarning: The given NumPy array is not writable, and PyTorch does not support non-writable tensors. This means writing to this tensor will result in undefined behavior. You may want to copy the array to protect its data or make it writable before converting it to a tensor. This type of warning will be suppressed for the rest of this program. (Triggered internally at /pytorch/torch/csrc/utils/tensor_numpy.cpp:213.)
  return {"imgs": torch.from_numpy(np.asarray(img)).permute(2, 0, 1).float() / 255.0,
/data/repo/code/data/fsc147.py:63: UserWarning: The given NumPy array is not writable, and PyTorch does not support non-writable tensors. This means writing to this tensor will result in undefined behavior. You may want to copy the array to protect its data or make it writable before converting it to a tensor. This type of warning will be suppressed for the rest of this program. (Triggered internally at /pytorch/torch/csrc/utils/tensor_numpy.cpp:213.)
  return {"imgs": torch.from_numpy(np.asarray(img)).permute(2, 0, 1).float() / 255.0,
/data/repo/code/data/fsc147.py:63: UserWarning: The given NumPy array is not writable, and PyTorch does not support non-writable tensors. This means writing to this tensor will result in undefined behavior. You may want to copy the array to protect its data or make it writable before converting it to a tensor. This type of warning will be suppressed for the rest of this program. (Triggered internally at /pytorch/torch/csrc/utils/tensor_numpy.cpp:213.)
  return {"imgs": torch.from_numpy(np.asarray(img)).permute(2, 0, 1).float() / 255.0,
RESULT {"node": "N0011_dino_pertok_gate_huber", "status": "running", "metrics": {"mae": 28.567831736515693, "rmse": 97.74982444101443, "best_mae": 28.31195640267332}, "timing": {"train_seconds": 522.3, "epochs_done": 16}, "diagnostics": {"oom": false}, "run_dir": "/data/runs/N0011_dino_pertok_gate_huber", "ts": "2026-08-23T12:44:07+0800"}
E016/40 loss=4.7604 MAE=28.568 RMSE=97.750 best=28.312 [522s]
/data/repo/code/data/fsc147.py:63: UserWarning: The given NumPy array is not writable, and PyTorch does not support non-writable tensors. This means writing to this tensor will result in undefined behavior. You may want to copy the array to protect its data or make it writable before converting it to a tensor. This type of warning will be suppressed for the rest of this program. (Triggered internally at /pytorch/torch/csrc/utils/tensor_numpy.cpp:213.)
  return {"imgs": torch.from_numpy(np.asarray(img)).permute(2, 0, 1).float() / 255.0,
/data/repo/code/data/fsc147.py:63: UserWarning: The given NumPy array is not writable, and PyTorch does not support non-writable tensors. This means writing to this tensor will result in undefined behavior. You may want to copy the array to protect its data or make it writable before converting it to a tensor. This type of warning will be suppressed for the rest of this program. (Triggered internally at /pytorch/torch/csrc/utils/tensor_numpy.cpp:213.)
  return {"imgs": torch.from_numpy(np.asarray(img)).permute(2, 0, 1).float() / 255.0,
/data/repo/code/data/fsc147.py:63: UserWarning: The given NumPy array is not writable, and PyTorch does not support non-writable tensors. This means writing to this tensor will result in undefined behavior. You may want to copy the array to protect its data or make it writable before converting it to a tensor. This type of warning will be suppressed for the rest of this program. (Triggered internally at /pytorch/torch/csrc/utils/tensor_numpy.cpp:213.)
  return {"imgs": torch.from_numpy(np.asarray(img)).permute(2, 0, 1).float() / 255.0,
/data/repo/code/data/fsc147.py:63: UserWarning: The given NumPy array is not writable, and PyTorch does not support non-writable tensors. This means writing to this tensor will result in undefined behavior. You may want to copy the array to protect its data or make it writable before converting it to a tensor. This type of warning will be suppressed for the rest of this program. (Triggered internally at /pytorch/torch/csrc/utils/tensor_numpy.cpp:213.)
  return {"imgs": torch.from_numpy(np.asarray(img)).permute(2, 0, 1).float() / 255.0,
/data/repo/code/data/fsc147.py:63: UserWarning: The given NumPy array is not writable, and PyTorch does not support non-writable tensors. This means writing to this tensor will result in undefined behavior. You may want to copy the array to protect its data or make it writable before converting it to a tensor. This type of warning will be suppressed for the rest of this program. (Triggered internally at /pytorch/torch/csrc/utils/tensor_numpy.cpp:213.)
  return {"imgs": torch.from_numpy(np.asarray(img)).permute(2, 0, 1).float() / 255.0,
/data/repo/code/data/fsc147.py:63: UserWarning: The given NumPy array is not writable, and PyTorch does not support non-writable tensors. This means writing to this tensor will result in undefined behavior. You may want to copy the array to protect its data or make it writable before converting it to a tensor. This type of warning will be suppressed for the rest of this program. (Triggered internally at /pytorch/torch/csrc/utils/tensor_numpy.cpp:213.)
  return {"imgs": torch.from_numpy(np.asarray(img)).permute(2, 0, 1).float() / 255.0,
/data/repo/code/data/fsc147.py:63: UserWarning: The given NumPy array is not writable, and PyTorch does not support non-writable tensors. This means writing to this tensor will result in undefined behavior. You may want to copy the array to protect its data or make it writable before converting it to a tensor. This type of warning will be suppressed for the rest of this program. (Triggered internally at /pytorch/torch/csrc/utils/tensor_numpy.cpp:213.)
  return {"imgs": torch.from_numpy(np.asarray(img)).permute(2, 0, 1).float() / 255.0,
/data/repo/code/data/fsc147.py:63: UserWarning: The given NumPy array is not writable, and PyTorch does not support non-writable tensors. This means writing to this tensor will result in undefined behavior. You may want to copy the array to protect its data or make it writable before converting it to a tensor. This type of warning will be suppressed for the rest of this program. (Triggered internally at /pytorch/torch/csrc/utils/tensor_numpy.cpp:213.)
  return {"imgs": torch.from_numpy(np.asarray(img)).permute(2, 0, 1).float() / 255.0,
RESULT {"node": "N0011_dino_pertok_gate_huber", "status": "running", "metrics": {"mae": 29.68779200454522, "rmse": 99.70723851696147, "best_mae": 28.31195640267332}, "timing": {"train_seconds": 554.0, "epochs_done": 17}, "diagnostics": {"oom": false}, "run_dir": "/data/runs/N0011_dino_pertok_gate_huber", "ts": "2026-08-23T12:44:39+0800"}
E017/40 loss=4.8755 MAE=29.688 RMSE=99.707 best=28.312 [554s]
/data/repo/code/data/fsc147.py:63: UserWarning: The given NumPy array is not writable, and PyTorch does not support non-writable tensors. This means writing to this tensor will result in undefined behavior. You may want to copy the array to protect its data or make it writable before converting it to a tensor. This type of warning will be suppressed for the rest of this program. (Triggered internally at /pytorch/torch/csrc/utils/tensor_numpy.cpp:213.)
  return {"imgs": torch.from_numpy(np.asarray(img)).permute(2, 0, 1).float() / 255.0,
/data/repo/code/data/fsc147.py:63: UserWarning: The given NumPy array is not writable, and PyTorch does not support non-writable tensors. This means writing to this tensor will result in undefined behavior. You may want to copy the array to protect its data or make it writable before converting it to a tensor. This type of warning will be suppressed for the rest of this program. (Triggered internally at /pytorch/torch/csrc/utils/tensor_numpy.cpp:213.)
  return {"imgs": torch.from_numpy(np.asarray(img)).permute(2, 0, 1).float() / 255.0,
/data/repo/code/data/fsc147.py:63: UserWarning: The given NumPy array is not writable, and PyTorch does not support non-writable tensors. This means writing to this tensor will result in undefined behavior. You may want to copy the array to protect its data or make it writable before converting it to a tensor. This type of warning will be suppressed for the rest of this program. (Triggered internally at /pytorch/torch/csrc/utils/tensor_numpy.cpp:213.)
  return {"imgs": torch.from_numpy(np.asarray(img)).permute(2, 0, 1).float() / 255.0,
/data/repo/code/data/fsc147.py:63: UserWarning: The given NumPy array is not writable, and PyTorch does not support non-writable tensors. This means writing to this tensor will result in undefined behavior. You may want to copy the array to protect its data or make it writable before converting it to a tensor. This type of warning will be suppressed for the rest of this program. (Triggered internally at /pytorch/torch/csrc/utils/tensor_numpy.cpp:213.)
  return {"imgs": torch.from_numpy(np.asarray(img)).permute(2, 0, 1).float() / 255.0,
/data/repo/code/data/fsc147.py:63: UserWarning: The given NumPy array is not writable, and PyTorch does not support non-writable tensors. This means writing to this tensor will result in undefined behavior. You may want to copy the array to protect its data or make it writable before converting it to a tensor. This type of warning will be suppressed for the rest of this program. (Triggered internally at /pytorch/torch/csrc/utils/tensor_numpy.cpp:213.)
  return {"imgs": torch.from_numpy(np.asarray(img)).permute(2, 0, 1).float() / 255.0,
/data/repo/code/data/fsc147.py:63: UserWarning: The given NumPy array is not writable, and PyTorch does not support non-writable tensors. This means writing to this tensor will result in undefined behavior. You may want to copy the array to protect its data or make it writable before converting it to a tensor. This type of warning will be suppressed for the rest of this program. (Triggered internally at /pytorch/torch/csrc/utils/tensor_numpy.cpp:213.)
  return {"imgs": torch.from_numpy(np.asarray(img)).permute(2, 0, 1).float() / 255.0,
/data/repo/code/data/fsc147.py:63: UserWarning: The given NumPy array is not writable, and PyTorch does not support non-writable tensors. This means writing to this tensor will result in undefined behavior. You may want to copy the array to protect its data or make it writable before converting it to a tensor. This type of warning will be suppressed for the rest of this program. (Triggered internally at /pytorch/torch/csrc/utils/tensor_numpy.cpp:213.)
  return {"imgs": torch.from_numpy(np.asarray(img)).permute(2, 0, 1).float() / 255.0,
/data/repo/code/data/fsc147.py:63: UserWarning: The given NumPy array is not writable, and PyTorch does not support non-writable tensors. This means writing to this tensor will result in undefined behavior. You may want to copy the array to protect its data or make it writable before converting it to a tensor. This type of warning will be suppressed for the rest of this program. (Triggered internally at /pytorch/torch/csrc/utils/tensor_numpy.cpp:213.)
  return {"imgs": torch.from_numpy(np.asarray(img)).permute(2, 0, 1).float() / 255.0,
RESULT {"node": "N0011_dino_pertok_gate_huber", "status": "running", "metrics": {"mae": 31.93311026752644, "rmse": 104.52054077264864, "best_mae": 28.31195640267332}, "timing": {"train_seconds": 585.4, "epochs_done": 18}, "diagnostics": {"oom": false}, "run_dir": "/data/runs/N0011_dino_pertok_gate_huber", "ts": "2026-08-23T12:45:10+0800"}
E018/40 loss=4.6823 MAE=31.933 RMSE=104.521 best=28.312 [585s]
/data/repo/code/data/fsc147.py:63: UserWarning: The given NumPy array is not writable, and PyTorch does not support non-writable tensors. This means writing to this tensor will result in undefined behavior. You may want to copy the array to protect its data or make it writable before converting it to a tensor. This type of warning will be suppressed for the rest of this program. (Triggered internally at /pytorch/torch/csrc/utils/tensor_numpy.cpp:213.)
  return {"imgs": torch.from_numpy(np.asarray(img)).permute(2, 0, 1).float() / 255.0,
/data/repo/code/data/fsc147.py:63: UserWarning: The given NumPy array is not writable, and PyTorch does not support non-writable tensors. This means writing to this tensor will result in undefined behavior. You may want to copy the array to protect its data or make it writable before converting it to a tensor. This type of warning will be suppressed for the rest of this program. (Triggered internally at /pytorch/torch/csrc/utils/tensor_numpy.cpp:213.)
  return {"imgs": torch.from_numpy(np.asarray(img)).permute(2, 0, 1).float() / 255.0,
/data/repo/code/data/fsc147.py:63: UserWarning: The given NumPy array is not writable, and PyTorch does not support non-writable tensors. This means writing to this tensor will result in undefined behavior. You may want to copy the array to protect its data or make it writable before converting it to a tensor. This type of warning will be suppressed for the rest of this program. (Triggered internally at /pytorch/torch/csrc/utils/tensor_numpy.cpp:213.)
  return {"imgs": torch.from_numpy(np.asarray(img)).permute(2, 0, 1).float() / 255.0,
/data/repo/code/data/fsc147.py:63: UserWarning: The given NumPy array is not writable, and PyTorch does not support non-writable tensors. This means writing to this tensor will result in undefined behavior. You may want to copy the array to protect its data or make it writable before converting it to a tensor. This type of warning will be suppressed for the rest of this program. (Triggered internally at /pytorch/torch/csrc/utils/tensor_numpy.cpp:213.)
  return {"imgs": torch.from_numpy(np.asarray(img)).permute(2, 0, 1).float() / 255.0,
/data/repo/code/data/fsc147.py:63: UserWarning: The given NumPy array is not writable, and PyTorch does not support non-writable tensors. This means writing to this tensor will result in undefined behavior. You may want to copy the array to protect its data or make it writable before converting it to a tensor. This type of warning will be suppressed for the rest of this program. (Triggered internally at /pytorch/torch/csrc/utils/tensor_numpy.cpp:213.)
  return {"imgs": torch.from_numpy(np.asarray(img)).permute(2, 0, 1).float() / 255.0,
/data/repo/code/data/fsc147.py:63: UserWarning: The given NumPy array is not writable, and PyTorch does not support non-writable tensors. This means writing to this tensor will result in undefined behavior. You may want to copy the array to protect its data or make it writable before converting it to a tensor. This type of warning will be suppressed for the rest of this program. (Triggered internally at /pytorch/torch/csrc/utils/tensor_numpy.cpp:213.)
  return {"imgs": torch.from_numpy(np.asarray(img)).permute(2, 0, 1).float() / 255.0,
/data/repo/code/data/fsc147.py:63: UserWarning: The given NumPy array is not writable, and PyTorch does not support non-writable tensors. This means writing to this tensor will result in undefined behavior. You may want to copy the array to protect its data or make it writable before converting it to a tensor. This type of warning will be suppressed for the rest of this program. (Triggered internally at /pytorch/torch/csrc/utils/tensor_numpy.cpp:213.)
  return {"imgs": torch.from_numpy(np.asarray(img)).permute(2, 0, 1).float() / 255.0,
/data/repo/code/data/fsc147.py:63: UserWarning: The given NumPy array is not writable, and PyTorch does not support non-writable tensors. This means writing to this tensor will result in undefined behavior. You may want to copy the array to protect its data or make it writable before converting it to a tensor. This type of warning will be suppressed for the rest of this program. (Triggered internally at /pytorch/torch/csrc/utils/tensor_numpy.cpp:213.)
  return {"imgs": torch.from_numpy(np.asarray(img)).permute(2, 0, 1).float() / 255.0,
RESULT {"node": "N0011_dino_pertok_gate_huber", "status": "running", "metrics": {"mae": 27.76564187543759, "rmse": 94.45889965942851, "best_mae": 27.76564187543759}, "timing": {"train_seconds": 617.5, "epochs_done": 19}, "diagnostics": {"oom": false}, "run_dir": "/data/runs/N0011_dino_pertok_gate_huber", "ts": "2026-08-23T12:45:42+0800"}
E019/40 loss=4.5935 MAE=27.766 RMSE=94.459 best=27.766 [618s] ***BEST
/data/repo/code/data/fsc147.py:63: UserWarning: The given NumPy array is not writable, and PyTorch does not support non-writable tensors. This means writing to this tensor will result in undefined behavior. You may want to copy the array to protect its data or make it writable before converting it to a tensor. This type of warning will be suppressed for the rest of this program. (Triggered internally at /pytorch/torch/csrc/utils/tensor_numpy.cpp:213.)
  return {"imgs": torch.from_numpy(np.asarray(img)).permute(2, 0, 1).float() / 255.0,
/data/repo/code/data/fsc147.py:63: UserWarning: The given NumPy array is not writable, and PyTorch does not support non-writable tensors. This means writing to this tensor will result in undefined behavior. You may want to copy the array to protect its data or make it writable before converting it to a tensor. This type of warning will be suppressed for the rest of this program. (Triggered internally at /pytorch/torch/csrc/utils/tensor_numpy.cpp:213.)
  return {"imgs": torch.from_numpy(np.asarray(img)).permute(2, 0, 1).float() / 255.0,
/data/repo/code/data/fsc147.py:63: UserWarning: The given NumPy array is not writable, and PyTorch does not support non-writable tensors. This means writing to this tensor will result in undefined behavior. You may want to copy the array to protect its data or make it writable before converting it to a tensor. This type of warning will be suppressed for the rest of this program. (Triggered internally at /pytorch/torch/csrc/utils/tensor_numpy.cpp:213.)
  return {"imgs": torch.from_numpy(np.asarray(img)).permute(2, 0, 1).float() / 255.0,
/data/repo/code/data/fsc147.py:63: UserWarning: The given NumPy array is not writable, and PyTorch does not support non-writable tensors. This means writing to this tensor will result in undefined behavior. You may want to copy the array to protect its data or make it writable before converting it to a tensor. This type of warning will be suppressed for the rest of this program. (Triggered internally at /pytorch/torch/csrc/utils/tensor_numpy.cpp:213.)
  return {"imgs": torch.from_numpy(np.asarray(img)).permute(2, 0, 1).float() / 255.0,
/data/repo/code/data/fsc147.py:63: UserWarning: The given NumPy array is not writable, and PyTorch does not support non-writable tensors. This means writing to this tensor will result in undefined behavior. You may want to copy the array to protect its data or make it writable before converting it to a tensor. This type of warning will be suppressed for the rest of this program. (Triggered internally at /pytorch/torch/csrc/utils/tensor_numpy.cpp:213.)
  return {"imgs": torch.from_numpy(np.asarray(img)).permute(2, 0, 1).float() / 255.0,
/data/repo/code/data/fsc147.py:63: UserWarning: The given NumPy array is not writable, and PyTorch does not support non-writable tensors. This means writing to this tensor will result in undefined behavior. You may want to copy the array to protect its data or make it writable before converting it to a tensor. This type of warning will be suppressed for the rest of this program. (Triggered internally at /pytorch/torch/csrc/utils/tensor_numpy.cpp:213.)
  return {"imgs": torch.from_numpy(np.asarray(img)).permute(2, 0, 1).float() / 255.0,
/data/repo/code/data/fsc147.py:63: UserWarning: The given NumPy array is not writable, and PyTorch does not support non-writable tensors. This means writing to this tensor will result in undefined behavior. You may want to copy the array to protect its data or make it writable before converting it to a tensor. This type of warning will be suppressed for the rest of this program. (Triggered internally at /pytorch/torch/csrc/utils/tensor_numpy.cpp:213.)
  return {"imgs": torch.from_numpy(np.asarray(img)).permute(2, 0, 1).float() / 255.0,
/data/repo/code/data/fsc147.py:63: UserWarning: The given NumPy array is not writable, and PyTorch does not support non-writable tensors. This means writing to this tensor will result in undefined behavior. You may want to copy the array to protect its data or make it writable before converting it to a tensor. This type of warning will be suppressed for the rest of this program. (Triggered internally at /pytorch/torch/csrc/utils/tensor_numpy.cpp:213.)
  return {"imgs": torch.from_numpy(np.asarray(img)).permute(2, 0, 1).float() / 255.0,
RESULT {"node": "N0011_dino_pertok_gate_huber", "status": "running", "metrics": {"mae": 27.366762815330112, "rmse": 96.14247349035853, "best_mae": 27.366762815330112}, "timing": {"train_seconds": 649.5, "epochs_done": 20}, "diagnostics": {"oom": false}, "run_dir": "/data/runs/N0011_dino_pertok_gate_huber", "ts": "2026-08-23T12:46:14+0800"}
E020/40 loss=4.5478 MAE=27.367 RMSE=96.142 best=27.367 [649s] ***BEST
/data/repo/code/data/fsc147.py:63: UserWarning: The given NumPy array is not writable, and PyTorch does not support non-writable tensors. This means writing to this tensor will result in undefined behavior. You may want to copy the array to protect its data or make it writable before converting it to a tensor. This type of warning will be suppressed for the rest of this program. (Triggered internally at /pytorch/torch/csrc/utils/tensor_numpy.cpp:213.)
  return {"imgs": torch.from_numpy(np.asarray(img)).permute(2, 0, 1).float() / 255.0,
/data/repo/code/data/fsc147.py:63: UserWarning: The given NumPy array is not writable, and PyTorch does not support non-writable tensors. This means writing to this tensor will result in undefined behavior. You may want to copy the array to protect its data or make it writable before converting it to a tensor. This type of warning will be suppressed for the rest of this program. (Triggered internally at /pytorch/torch/csrc/utils/tensor_numpy.cpp:213.)
  return {"imgs": torch.from_numpy(np.asarray(img)).permute(2, 0, 1).float() / 255.0,
/data/repo/code/data/fsc147.py:63: UserWarning: The given NumPy array is not writable, and PyTorch does not support non-writable tensors. This means writing to this tensor will result in undefined behavior. You may want to copy the array to protect its data or make it writable before converting it to a tensor. This type of warning will be suppressed for the rest of this program. (Triggered internally at /pytorch/torch/csrc/utils/tensor_numpy.cpp:213.)
  return {"imgs": torch.from_numpy(np.asarray(img)).permute(2, 0, 1).float() / 255.0,
/data/repo/code/data/fsc147.py:63: UserWarning: The given NumPy array is not writable, and PyTorch does not support non-writable tensors. This means writing to this tensor will result in undefined behavior. You may want to copy the array to protect its data or make it writable before converting it to a tensor. This type of warning will be suppressed for the rest of this program. (Triggered internally at /pytorch/torch/csrc/utils/tensor_numpy.cpp:213.)
  return {"imgs": torch.from_numpy(np.asarray(img)).permute(2, 0, 1).float() / 255.0,
/data/repo/code/data/fsc147.py:63: UserWarning: The given NumPy array is not writable, and PyTorch does not support non-writable tensors. This means writing to this tensor will result in undefined behavior. You may want to copy the array to protect its data or make it writable before converting it to a tensor. This type of warning will be suppressed for the rest of this program. (Triggered internally at /pytorch/torch/csrc/utils/tensor_numpy.cpp:213.)
  return {"imgs": torch.from_numpy(np.asarray(img)).permute(2, 0, 1).float() / 255.0,
/data/repo/code/data/fsc147.py:63: UserWarning: The given NumPy array is not writable, and PyTorch does not support non-writable tensors. This means writing to this tensor will result in undefined behavior. You may want to copy the array to protect its data or make it writable before converting it to a tensor. This type of warning will be suppressed for the rest of this program. (Triggered internally at /pytorch/torch/csrc/utils/tensor_numpy.cpp:213.)
  return {"imgs": torch.from_numpy(np.asarray(img)).permute(2, 0, 1).float() / 255.0,
/data/repo/code/data/fsc147.py:63: UserWarning: The given NumPy array is not writable, and PyTorch does not support non-writable tensors. This means writing to this tensor will result in undefined behavior. You may want to copy the array to protect its data or make it writable before converting it to a tensor. This type of warning will be suppressed for the rest of this program. (Triggered internally at /pytorch/torch/csrc/utils/tensor_numpy.cpp:213.)
  return {"imgs": torch.from_numpy(np.asarray(img)).permute(2, 0, 1).float() / 255.0,
/data/repo/code/data/fsc147.py:63: UserWarning: The given NumPy array is not writable, and PyTorch does not support non-writable tensors. This means writing to this tensor will result in undefined behavior. You may want to copy the array to protect its data or make it writable before converting it to a tensor. This type of warning will be suppressed for the rest of this program. (Triggered internally at /pytorch/torch/csrc/utils/tensor_numpy.cpp:213.)
  return {"imgs": torch.from_numpy(np.asarray(img)).permute(2, 0, 1).float() / 255.0,
RESULT {"node": "N0011_dino_pertok_gate_huber", "status": "running", "metrics": {"mae": 28.89444043884752, "rmse": 97.56747995186517, "best_mae": 27.366762815330112}, "timing": {"train_seconds": 681.1, "epochs_done": 21}, "diagnostics": {"oom": false}, "run_dir": "/data/runs/N0011_dino_pertok_gate_huber", "ts": "2026-08-23T12:46:46+0800"}
E021/40 loss=4.4807 MAE=28.894 RMSE=97.567 best=27.367 [681s]
/data/repo/code/data/fsc147.py:63: UserWarning: The given NumPy array is not writable, and PyTorch does not support non-writable tensors. This means writing to this tensor will result in undefined behavior. You may want to copy the array to protect its data or make it writable before converting it to a tensor. This type of warning will be suppressed for the rest of this program. (Triggered internally at /pytorch/torch/csrc/utils/tensor_numpy.cpp:213.)
  return {"imgs": torch.from_numpy(np.asarray(img)).permute(2, 0, 1).float() / 255.0,
/data/repo/code/data/fsc147.py:63: UserWarning: The given NumPy array is not writable, and PyTorch does not support non-writable tensors. This means writing to this tensor will result in undefined behavior. You may want to copy the array to protect its data or make it writable before converting it to a tensor. This type of warning will be suppressed for the rest of this program. (Triggered internally at /pytorch/torch/csrc/utils/tensor_numpy.cpp:213.)
  return {"imgs": torch.from_numpy(np.asarray(img)).permute(2, 0, 1).float() / 255.0,
/data/repo/code/data/fsc147.py:63: UserWarning: The given NumPy array is not writable, and PyTorch does not support non-writable tensors. This means writing to this tensor will result in undefined behavior. You may want to copy the array to protect its data or make it writable before converting it to a tensor. This type of warning will be suppressed for the rest of this program. (Triggered internally at /pytorch/torch/csrc/utils/tensor_numpy.cpp:213.)
  return {"imgs": torch.from_numpy(np.asarray(img)).permute(2, 0, 1).float() / 255.0,
/data/repo/code/data/fsc147.py:63: UserWarning: The given NumPy array is not writable, and PyTorch does not support non-writable tensors. This means writing to this tensor will result in undefined behavior. You may want to copy the array to protect its data or make it writable before converting it to a tensor. This type of warning will be suppressed for the rest of this program. (Triggered internally at /pytorch/torch/csrc/utils/tensor_numpy.cpp:213.)
  return {"imgs": torch.from_numpy(np.asarray(img)).permute(2, 0, 1).float() / 255.0,
/data/repo/code/data/fsc147.py:63: UserWarning: The given NumPy array is not writable, and PyTorch does not support non-writable tensors. This means writing to this tensor will result in undefined behavior. You may want to copy the array to protect its data or make it writable before converting it to a tensor. This type of warning will be suppressed for the rest of this program. (Triggered internally at /pytorch/torch/csrc/utils/tensor_numpy.cpp:213.)
  return {"imgs": torch.from_numpy(np.asarray(img)).permute(2, 0, 1).float() / 255.0,
/data/repo/code/data/fsc147.py:63: UserWarning: The given NumPy array is not writable, and PyTorch does not support non-writable tensors. This means writing to this tensor will result in undefined behavior. You may want to copy the array to protect its data or make it writable before converting it to a tensor. This type of warning will be suppressed for the rest of this program. (Triggered internally at /pytorch/torch/csrc/utils/tensor_numpy.cpp:213.)
  return {"imgs": torch.from_numpy(np.asarray(img)).permute(2, 0, 1).float() / 255.0,
/data/repo/code/data/fsc147.py:63: UserWarning: The given NumPy array is not writable, and PyTorch does not support non-writable tensors. This means writing to this tensor will result in undefined behavior. You may want to copy the array to protect its data or make it writable before converting it to a tensor. This type of warning will be suppressed for the rest of this program. (Triggered internally at /pytorch/torch/csrc/utils/tensor_numpy.cpp:213.)
  return {"imgs": torch.from_numpy(np.asarray(img)).permute(2, 0, 1).float() / 255.0,
/data/repo/code/data/fsc147.py:63: UserWarning: The given NumPy array is not writable, and PyTorch does not support non-writable tensors. This means writing to this tensor will result in undefined behavior. You may want to copy the array to protect its data or make it writable before converting it to a tensor. This type of warning will be suppressed for the rest of this program. (Triggered internally at /pytorch/torch/csrc/utils/tensor_numpy.cpp:213.)
  return {"imgs": torch.from_numpy(np.asarray(img)).permute(2, 0, 1).float() / 255.0,
RESULT {"node": "N0011_dino_pertok_gate_huber", "status": "running", "metrics": {"mae": 27.643302511835174, "rmse": 96.13378411637522, "best_mae": 27.366762815330112}, "timing": {"train_seconds": 712.7, "epochs_done": 22}, "diagnostics": {"oom": false}, "run_dir": "/data/runs/N0011_dino_pertok_gate_huber", "ts": "2026-08-23T12:47:17+0800"}
E022/40 loss=4.3764 MAE=27.643 RMSE=96.134 best=27.367 [713s]
/data/repo/code/data/fsc147.py:63: UserWarning: The given NumPy array is not writable, and PyTorch does not support non-writable tensors. This means writing to this tensor will result in undefined behavior. You may want to copy the array to protect its data or make it writable before converting it to a tensor. This type of warning will be suppressed for the rest of this program. (Triggered internally at /pytorch/torch/csrc/utils/tensor_numpy.cpp:213.)
  return {"imgs": torch.from_numpy(np.asarray(img)).permute(2, 0, 1).float() / 255.0,
/data/repo/code/data/fsc147.py:63: UserWarning: The given NumPy array is not writable, and PyTorch does not support non-writable tensors. This means writing to this tensor will result in undefined behavior. You may want to copy the array to protect its data or make it writable before converting it to a tensor. This type of warning will be suppressed for the rest of this program. (Triggered internally at /pytorch/torch/csrc/utils/tensor_numpy.cpp:213.)
  return {"imgs": torch.from_numpy(np.asarray(img)).permute(2, 0, 1).float() / 255.0,
/data/repo/code/data/fsc147.py:63: UserWarning: The given NumPy array is not writable, and PyTorch does not support non-writable tensors. This means writing to this tensor will result in undefined behavior. You may want to copy the array to protect its data or make it writable before converting it to a tensor. This type of warning will be suppressed for the rest of this program. (Triggered internally at /pytorch/torch/csrc/utils/tensor_numpy.cpp:213.)
  return {"imgs": torch.from_numpy(np.asarray(img)).permute(2, 0, 1).float() / 255.0,
/data/repo/code/data/fsc147.py:63: UserWarning: The given NumPy array is not writable, and PyTorch does not support non-writable tensors. This means writing to this tensor will result in undefined behavior. You may want to copy the array to protect its data or make it writable before converting it to a tensor. This type of warning will be suppressed for the rest of this program. (Triggered internally at /pytorch/torch/csrc/utils/tensor_numpy.cpp:213.)
  return {"imgs": torch.from_numpy(np.asarray(img)).permute(2, 0, 1).float() / 255.0,
/data/repo/code/data/fsc147.py:63: UserWarning: The given NumPy array is not writable, and PyTorch does not support non-writable tensors. This means writing to this tensor will result in undefined behavior. You may want to copy the array to protect its data or make it writable before converting it to a tensor. This type of warning will be suppressed for the rest of this program. (Triggered internally at /pytorch/torch/csrc/utils/tensor_numpy.cpp:213.)
  return {"imgs": torch.from_numpy(np.asarray(img)).permute(2, 0, 1).float() / 255.0,
/data/repo/code/data/fsc147.py:63: UserWarning: The given NumPy array is not writable, and PyTorch does not support non-writable tensors. This means writing to this tensor will result in undefined behavior. You may want to copy the array to protect its data or make it writable before converting it to a tensor. This type of warning will be suppressed for the rest of this program. (Triggered internally at /pytorch/torch/csrc/utils/tensor_numpy.cpp:213.)
  return {"imgs": torch.from_numpy(np.asarray(img)).permute(2, 0, 1).float() / 255.0,
/data/repo/code/data/fsc147.py:63: UserWarning: The given NumPy array is not writable, and PyTorch does not support non-writable tensors. This means writing to this tensor will result in undefined behavior. You may want to copy the array to protect its data or make it writable before converting it to a tensor. This type of warning will be suppressed for the rest of this program. (Triggered internally at /pytorch/torch/csrc/utils/tensor_numpy.cpp:213.)
  return {"imgs": torch.from_numpy(np.asarray(img)).permute(2, 0, 1).float() / 255.0,
/data/repo/code/data/fsc147.py:63: UserWarning: The given NumPy array is not writable, and PyTorch does not support non-writable tensors. This means writing to this tensor will result in undefined behavior. You may want to copy the array to protect its data or make it writable before converting it to a tensor. This type of warning will be suppressed for the rest of this program. (Triggered internally at /pytorch/torch/csrc/utils/tensor_numpy.cpp:213.)
  return {"imgs": torch.from_numpy(np.asarray(img)).permute(2, 0, 1).float() / 255.0,
RESULT {"node": "N0011_dino_pertok_gate_huber", "status": "running", "metrics": {"mae": 28.501581405592187, "rmse": 95.58826409079536, "best_mae": 27.366762815330112}, "timing": {"train_seconds": 744.0, "epochs_done": 23}, "diagnostics": {"oom": false}, "run_dir": "/data/runs/N0011_dino_pertok_gate_huber", "ts": "2026-08-23T12:47:49+0800"}
E023/40 loss=4.3247 MAE=28.502 RMSE=95.588 best=27.367 [744s]
/data/repo/code/data/fsc147.py:63: UserWarning: The given NumPy array is not writable, and PyTorch does not support non-writable tensors. This means writing to this tensor will result in undefined behavior. You may want to copy the array to protect its data or make it writable before converting it to a tensor. This type of warning will be suppressed for the rest of this program. (Triggered internally at /pytorch/torch/csrc/utils/tensor_numpy.cpp:213.)
  return {"imgs": torch.from_numpy(np.asarray(img)).permute(2, 0, 1).float() / 255.0,
/data/repo/code/data/fsc147.py:63: UserWarning: The given NumPy array is not writable, and PyTorch does not support non-writable tensors. This means writing to this tensor will result in undefined behavior. You may want to copy the array to protect its data or make it writable before converting it to a tensor. This type of warning will be suppressed for the rest of this program. (Triggered internally at /pytorch/torch/csrc/utils/tensor_numpy.cpp:213.)
  return {"imgs": torch.from_numpy(np.asarray(img)).permute(2, 0, 1).float() / 255.0,
/data/repo/code/data/fsc147.py:63: UserWarning: The given NumPy array is not writable, and PyTorch does not support non-writable tensors. This means writing to this tensor will result in undefined behavior. You may want to copy the array to protect its data or make it writable before converting it to a tensor. This type of warning will be suppressed for the rest of this program. (Triggered internally at /pytorch/torch/csrc/utils/tensor_numpy.cpp:213.)
  return {"imgs": torch.from_numpy(np.asarray(img)).permute(2, 0, 1).float() / 255.0,
/data/repo/code/data/fsc147.py:63: UserWarning: The given NumPy array is not writable, and PyTorch does not support non-writable tensors. This means writing to this tensor will result in undefined behavior. You may want to copy the array to protect its data or make it writable before converting it to a tensor. This type of warning will be suppressed for the rest of this program. (Triggered internally at /pytorch/torch/csrc/utils/tensor_numpy.cpp:213.)
  return {"imgs": torch.from_numpy(np.asarray(img)).permute(2, 0, 1).float() / 255.0,
/data/repo/code/data/fsc147.py:63: UserWarning: The given NumPy array is not writable, and PyTorch does not support non-writable tensors. This means writing to this tensor will result in undefined behavior. You may want to copy the array to protect its data or make it writable before converting it to a tensor. This type of warning will be suppressed for the rest of this program. (Triggered internally at /pytorch/torch/csrc/utils/tensor_numpy.cpp:213.)
  return {"imgs": torch.from_numpy(np.asarray(img)).permute(2, 0, 1).float() / 255.0,
/data/repo/code/data/fsc147.py:63: UserWarning: The given NumPy array is not writable, and PyTorch does not support non-writable tensors. This means writing to this tensor will result in undefined behavior. You may want to copy the array to protect its data or make it writable before converting it to a tensor. This type of warning will be suppressed for the rest of this program. (Triggered internally at /pytorch/torch/csrc/utils/tensor_numpy.cpp:213.)
  return {"imgs": torch.from_numpy(np.asarray(img)).permute(2, 0, 1).float() / 255.0,
/data/repo/code/data/fsc147.py:63: UserWarning: The given NumPy array is not writable, and PyTorch does not support non-writable tensors. This means writing to this tensor will result in undefined behavior. You may want to copy the array to protect its data or make it writable before converting it to a tensor. This type of warning will be suppressed for the rest of this program. (Triggered internally at /pytorch/torch/csrc/utils/tensor_numpy.cpp:213.)
  return {"imgs": torch.from_numpy(np.asarray(img)).permute(2, 0, 1).float() / 255.0,
/data/repo/code/data/fsc147.py:63: UserWarning: The given NumPy array is not writable, and PyTorch does not support non-writable tensors. This means writing to this tensor will result in undefined behavior. You may want to copy the array to protect its data or make it writable before converting it to a tensor. This type of warning will be suppressed for the rest of this program. (Triggered internally at /pytorch/torch/csrc/utils/tensor_numpy.cpp:213.)
  return {"imgs": torch.from_numpy(np.asarray(img)).permute(2, 0, 1).float() / 255.0,
RESULT {"node": "N0011_dino_pertok_gate_huber", "status": "running", "metrics": {"mae": 26.9995303754673, "rmse": 93.24457002571685, "best_mae": 26.9995303754673}, "timing": {"train_seconds": 776.3, "epochs_done": 24}, "diagnostics": {"oom": false}, "run_dir": "/data/runs/N0011_dino_pertok_gate_huber", "ts": "2026-08-23T12:48:21+0800"}
E024/40 loss=4.2195 MAE=27.000 RMSE=93.245 best=27.000 [776s] ***BEST
/data/repo/code/data/fsc147.py:63: UserWarning: The given NumPy array is not writable, and PyTorch does not support non-writable tensors. This means writing to this tensor will result in undefined behavior. You may want to copy the array to protect its data or make it writable before converting it to a tensor. This type of warning will be suppressed for the rest of this program. (Triggered internally at /pytorch/torch/csrc/utils/tensor_numpy.cpp:213.)
  return {"imgs": torch.from_numpy(np.asarray(img)).permute(2, 0, 1).float() / 255.0,
/data/repo/code/data/fsc147.py:63: UserWarning: The given NumPy array is not writable, and PyTorch does not support non-writable tensors. This means writing to this tensor will result in undefined behavior. You may want to copy the array to protect its data or make it writable before converting it to a tensor. This type of warning will be suppressed for the rest of this program. (Triggered internally at /pytorch/torch/csrc/utils/tensor_numpy.cpp:213.)
  return {"imgs": torch.from_numpy(np.asarray(img)).permute(2, 0, 1).float() / 255.0,
/data/repo/code/data/fsc147.py:63: UserWarning: The given NumPy array is not writable, and PyTorch does not support non-writable tensors. This means writing to this tensor will result in undefined behavior. You may want to copy the array to protect its data or make it writable before converting it to a tensor. This type of warning will be suppressed for the rest of this program. (Triggered internally at /pytorch/torch/csrc/utils/tensor_numpy.cpp:213.)
  return {"imgs": torch.from_numpy(np.asarray(img)).permute(2, 0, 1).float() / 255.0,
/data/repo/code/data/fsc147.py:63: UserWarning: The given NumPy array is not writable, and PyTorch does not support non-writable tensors. This means writing to this tensor will result in undefined behavior. You may want to copy the array to protect its data or make it writable before converting it to a tensor. This type of warning will be suppressed for the rest of this program. (Triggered internally at /pytorch/torch/csrc/utils/tensor_numpy.cpp:213.)
  return {"imgs": torch.from_numpy(np.asarray(img)).permute(2, 0, 1).float() / 255.0,
/data/repo/code/data/fsc147.py:63: UserWarning: The given NumPy array is not writable, and PyTorch does not support non-writable tensors. This means writing to this tensor will result in undefined behavior. You may want to copy the array to protect its data or make it writable before converting it to a tensor. This type of warning will be suppressed for the rest of this program. (Triggered internally at /pytorch/torch/csrc/utils/tensor_numpy.cpp:213.)
  return {"imgs": torch.from_numpy(np.asarray(img)).permute(2, 0, 1).float() / 255.0,
/data/repo/code/data/fsc147.py:63: UserWarning: The given NumPy array is not writable, and PyTorch does not support non-writable tensors. This means writing to this tensor will result in undefined behavior. You may want to copy the array to protect its data or make it writable before converting it to a tensor. This type of warning will be suppressed for the rest of this program. (Triggered internally at /pytorch/torch/csrc/utils/tensor_numpy.cpp:213.)
  return {"imgs": torch.from_numpy(np.asarray(img)).permute(2, 0, 1).float() / 255.0,
/data/repo/code/data/fsc147.py:63: UserWarning: The given NumPy array is not writable, and PyTorch does not support non-writable tensors. This means writing to this tensor will result in undefined behavior. You may want to copy the array to protect its data or make it writable before converting it to a tensor. This type of warning will be suppressed for the rest of this program. (Triggered internally at /pytorch/torch/csrc/utils/tensor_numpy.cpp:213.)
  return {"imgs": torch.from_numpy(np.asarray(img)).permute(2, 0, 1).float() / 255.0,
/data/repo/code/data/fsc147.py:63: UserWarning: The given NumPy array is not writable, and PyTorch does not support non-writable tensors. This means writing to this tensor will result in undefined behavior. You may want to copy the array to protect its data or make it writable before converting it to a tensor. This type of warning will be suppressed for the rest of this program. (Triggered internally at /pytorch/torch/csrc/utils/tensor_numpy.cpp:213.)
  return {"imgs": torch.from_numpy(np.asarray(img)).permute(2, 0, 1).float() / 255.0,
RESULT {"node": "N0011_dino_pertok_gate_huber", "status": "running", "metrics": {"mae": 27.92735171577608, "rmse": 95.41494869317607, "best_mae": 26.9995303754673}, "timing": {"train_seconds": 808.5, "epochs_done": 25}, "diagnostics": {"oom": false}, "run_dir": "/data/runs/N0011_dino_pertok_gate_huber", "ts": "2026-08-23T12:48:53+0800"}
E025/40 loss=4.2188 MAE=27.927 RMSE=95.415 best=27.000 [809s]
/data/repo/code/data/fsc147.py:63: UserWarning: The given NumPy array is not writable, and PyTorch does not support non-writable tensors. This means writing to this tensor will result in undefined behavior. You may want to copy the array to protect its data or make it writable before converting it to a tensor. This type of warning will be suppressed for the rest of this program. (Triggered internally at /pytorch/torch/csrc/utils/tensor_numpy.cpp:213.)
  return {"imgs": torch.from_numpy(np.asarray(img)).permute(2, 0, 1).float() / 255.0,
/data/repo/code/data/fsc147.py:63: UserWarning: The given NumPy array is not writable, and PyTorch does not support non-writable tensors. This means writing to this tensor will result in undefined behavior. You may want to copy the array to protect its data or make it writable before converting it to a tensor. This type of warning will be suppressed for the rest of this program. (Triggered internally at /pytorch/torch/csrc/utils/tensor_numpy.cpp:213.)
  return {"imgs": torch.from_numpy(np.asarray(img)).permute(2, 0, 1).float() / 255.0,
/data/repo/code/data/fsc147.py:63: UserWarning: The given NumPy array is not writable, and PyTorch does not support non-writable tensors. This means writing to this tensor will result in undefined behavior. You may want to copy the array to protect its data or make it writable before converting it to a tensor. This type of warning will be suppressed for the rest of this program. (Triggered internally at /pytorch/torch/csrc/utils/tensor_numpy.cpp:213.)
  return {"imgs": torch.from_numpy(np.asarray(img)).permute(2, 0, 1).float() / 255.0,
/data/repo/code/data/fsc147.py:63: UserWarning: The given NumPy array is not writable, and PyTorch does not support non-writable tensors. This means writing to this tensor will result in undefined behavior. You may want to copy the array to protect its data or make it writable before converting it to a tensor. This type of warning will be suppressed for the rest of this program. (Triggered internally at /pytorch/torch/csrc/utils/tensor_numpy.cpp:213.)
  return {"imgs": torch.from_numpy(np.asarray(img)).permute(2, 0, 1).float() / 255.0,
/data/repo/code/data/fsc147.py:63: UserWarning: The given NumPy array is not writable, and PyTorch does not support non-writable tensors. This means writing to this tensor will result in undefined behavior. You may want to copy the array to protect its data or make it writable before converting it to a tensor. This type of warning will be suppressed for the rest of this program. (Triggered internally at /pytorch/torch/csrc/utils/tensor_numpy.cpp:213.)
  return {"imgs": torch.from_numpy(np.asarray(img)).permute(2, 0, 1).float() / 255.0,
/data/repo/code/data/fsc147.py:63: UserWarning: The given NumPy array is not writable, and PyTorch does not support non-writable tensors. This means writing to this tensor will result in undefined behavior. You may want to copy the array to protect its data or make it writable before converting it to a tensor. This type of warning will be suppressed for the rest of this program. (Triggered internally at /pytorch/torch/csrc/utils/tensor_numpy.cpp:213.)
  return {"imgs": torch.from_numpy(np.asarray(img)).permute(2, 0, 1).float() / 255.0,
/data/repo/code/data/fsc147.py:63: UserWarning: The given NumPy array is not writable, and PyTorch does not support non-writable tensors. This means writing to this tensor will result in undefined behavior. You may want to copy the array to protect its data or make it writable before converting it to a tensor. This type of warning will be suppressed for the rest of this program. (Triggered internally at /pytorch/torch/csrc/utils/tensor_numpy.cpp:213.)
  return {"imgs": torch.from_numpy(np.asarray(img)).permute(2, 0, 1).float() / 255.0,
/data/repo/code/data/fsc147.py:63: UserWarning: The given NumPy array is not writable, and PyTorch does not support non-writable tensors. This means writing to this tensor will result in undefined behavior. You may want to copy the array to protect its data or make it writable before converting it to a tensor. This type of warning will be suppressed for the rest of this program. (Triggered internally at /pytorch/torch/csrc/utils/tensor_numpy.cpp:213.)
  return {"imgs": torch.from_numpy(np.asarray(img)).permute(2, 0, 1).float() / 255.0,
RESULT {"node": "N0011_dino_pertok_gate_huber", "status": "running", "metrics": {"mae": 27.98291796955684, "rmse": 95.49940893758402, "best_mae": 26.9995303754673}, "timing": {"train_seconds": 840.3, "epochs_done": 26}, "diagnostics": {"oom": false}, "run_dir": "/data/runs/N0011_dino_pertok_gate_huber", "ts": "2026-08-23T12:49:25+0800"}
E026/40 loss=4.0745 MAE=27.983 RMSE=95.499 best=27.000 [840s]
/data/repo/code/data/fsc147.py:63: UserWarning: The given NumPy array is not writable, and PyTorch does not support non-writable tensors. This means writing to this tensor will result in undefined behavior. You may want to copy the array to protect its data or make it writable before converting it to a tensor. This type of warning will be suppressed for the rest of this program. (Triggered internally at /pytorch/torch/csrc/utils/tensor_numpy.cpp:213.)
  return {"imgs": torch.from_numpy(np.asarray(img)).permute(2, 0, 1).float() / 255.0,
/data/repo/code/data/fsc147.py:63: UserWarning: The given NumPy array is not writable, and PyTorch does not support non-writable tensors. This means writing to this tensor will result in undefined behavior. You may want to copy the array to protect its data or make it writable before converting it to a tensor. This type of warning will be suppressed for the rest of this program. (Triggered internally at /pytorch/torch/csrc/utils/tensor_numpy.cpp:213.)
  return {"imgs": torch.from_numpy(np.asarray(img)).permute(2, 0, 1).float() / 255.0,
/data/repo/code/data/fsc147.py:63: UserWarning: The given NumPy array is not writable, and PyTorch does not support non-writable tensors. This means writing to this tensor will result in undefined behavior. You may want to copy the array to protect its data or make it writable before converting it to a tensor. This type of warning will be suppressed for the rest of this program. (Triggered internally at /pytorch/torch/csrc/utils/tensor_numpy.cpp:213.)
  return {"imgs": torch.from_numpy(np.asarray(img)).permute(2, 0, 1).float() / 255.0,
/data/repo/code/data/fsc147.py:63: UserWarning: The given NumPy array is not writable, and PyTorch does not support non-writable tensors. This means writing to this tensor will result in undefined behavior. You may want to copy the array to protect its data or make it writable before converting it to a tensor. This type of warning will be suppressed for the rest of this program. (Triggered internally at /pytorch/torch/csrc/utils/tensor_numpy.cpp:213.)
  return {"imgs": torch.from_numpy(np.asarray(img)).permute(2, 0, 1).float() / 255.0,
/data/repo/code/data/fsc147.py:63: UserWarning: The given NumPy array is not writable, and PyTorch does not support non-writable tensors. This means writing to this tensor will result in undefined behavior. You may want to copy the array to protect its data or make it writable before converting it to a tensor. This type of warning will be suppressed for the rest of this program. (Triggered internally at /pytorch/torch/csrc/utils/tensor_numpy.cpp:213.)
  return {"imgs": torch.from_numpy(np.asarray(img)).permute(2, 0, 1).float() / 255.0,
/data/repo/code/data/fsc147.py:63: UserWarning: The given NumPy array is not writable, and PyTorch does not support non-writable tensors. This means writing to this tensor will result in undefined behavior. You may want to copy the array to protect its data or make it writable before converting it to a tensor. This type of warning will be suppressed for the rest of this program. (Triggered internally at /pytorch/torch/csrc/utils/tensor_numpy.cpp:213.)
  return {"imgs": torch.from_numpy(np.asarray(img)).permute(2, 0, 1).float() / 255.0,
/data/repo/code/data/fsc147.py:63: UserWarning: The given NumPy array is not writable, and PyTorch does not support non-writable tensors. This means writing to this tensor will result in undefined behavior. You may want to copy the array to protect its data or make it writable before converting it to a tensor. This type of warning will be suppressed for the rest of this program. (Triggered internally at /pytorch/torch/csrc/utils/tensor_numpy.cpp:213.)
  return {"imgs": torch.from_numpy(np.asarray(img)).permute(2, 0, 1).float() / 255.0,
/data/repo/code/data/fsc147.py:63: UserWarning: The given NumPy array is not writable, and PyTorch does not support non-writable tensors. This means writing to this tensor will result in undefined behavior. You may want to copy the array to protect its data or make it writable before converting it to a tensor. This type of warning will be suppressed for the rest of this program. (Triggered internally at /pytorch/torch/csrc/utils/tensor_numpy.cpp:213.)
  return {"imgs": torch.from_numpy(np.asarray(img)).permute(2, 0, 1).float() / 255.0,
RESULT {"node": "N0011_dino_pertok_gate_huber", "status": "running", "metrics": {"mae": 27.413405227067866, "rmse": 95.92705119416858, "best_mae": 26.9995303754673}, "timing": {"train_seconds": 871.8, "epochs_done": 27}, "diagnostics": {"oom": false}, "run_dir": "/data/runs/N0011_dino_pertok_gate_huber", "ts": "2026-08-23T12:49:56+0800"}
E027/40 loss=4.0015 MAE=27.413 RMSE=95.927 best=27.000 [872s]
/data/repo/code/data/fsc147.py:63: UserWarning: The given NumPy array is not writable, and PyTorch does not support non-writable tensors. This means writing to this tensor will result in undefined behavior. You may want to copy the array to protect its data or make it writable before converting it to a tensor. This type of warning will be suppressed for the rest of this program. (Triggered internally at /pytorch/torch/csrc/utils/tensor_numpy.cpp:213.)
  return {"imgs": torch.from_numpy(np.asarray(img)).permute(2, 0, 1).float() / 255.0,
/data/repo/code/data/fsc147.py:63: UserWarning: The given NumPy array is not writable, and PyTorch does not support non-writable tensors. This means writing to this tensor will result in undefined behavior. You may want to copy the array to protect its data or make it writable before converting it to a tensor. This type of warning will be suppressed for the rest of this program. (Triggered internally at /pytorch/torch/csrc/utils/tensor_numpy.cpp:213.)
  return {"imgs": torch.from_numpy(np.asarray(img)).permute(2, 0, 1).float() / 255.0,
/data/repo/code/data/fsc147.py:63: UserWarning: The given NumPy array is not writable, and PyTorch does not support non-writable tensors. This means writing to this tensor will result in undefined behavior. You may want to copy the array to protect its data or make it writable before converting it to a tensor. This type of warning will be suppressed for the rest of this program. (Triggered internally at /pytorch/torch/csrc/utils/tensor_numpy.cpp:213.)
  return {"imgs": torch.from_numpy(np.asarray(img)).permute(2, 0, 1).float() / 255.0,
/data/repo/code/data/fsc147.py:63: UserWarning: The given NumPy array is not writable, and PyTorch does not support non-writable tensors. This means writing to this tensor will result in undefined behavior. You may want to copy the array to protect its data or make it writable before converting it to a tensor. This type of warning will be suppressed for the rest of this program. (Triggered internally at /pytorch/torch/csrc/utils/tensor_numpy.cpp:213.)
  return {"imgs": torch.from_numpy(np.asarray(img)).permute(2, 0, 1).float() / 255.0,
/data/repo/code/data/fsc147.py:63: UserWarning: The given NumPy array is not writable, and PyTorch does not support non-writable tensors. This means writing to this tensor will result in undefined behavior. You may want to copy the array to protect its data or make it writable before converting it to a tensor. This type of warning will be suppressed for the rest of this program. (Triggered internally at /pytorch/torch/csrc/utils/tensor_numpy.cpp:213.)
  return {"imgs": torch.from_numpy(np.asarray(img)).permute(2, 0, 1).float() / 255.0,
/data/repo/code/data/fsc147.py:63: UserWarning: The given NumPy array is not writable, and PyTorch does not support non-writable tensors. This means writing to this tensor will result in undefined behavior. You may want to copy the array to protect its data or make it writable before converting it to a tensor. This type of warning will be suppressed for the rest of this program. (Triggered internally at /pytorch/torch/csrc/utils/tensor_numpy.cpp:213.)
  return {"imgs": torch.from_numpy(np.asarray(img)).permute(2, 0, 1).float() / 255.0,
/data/repo/code/data/fsc147.py:63: UserWarning: The given NumPy array is not writable, and PyTorch does not support non-writable tensors. This means writing to this tensor will result in undefined behavior. You may want to copy the array to protect its data or make it writable before converting it to a tensor. This type of warning will be suppressed for the rest of this program. (Triggered internally at /pytorch/torch/csrc/utils/tensor_numpy.cpp:213.)
  return {"imgs": torch.from_numpy(np.asarray(img)).permute(2, 0, 1).float() / 255.0,
/data/repo/code/data/fsc147.py:63: UserWarning: The given NumPy array is not writable, and PyTorch does not support non-writable tensors. This means writing to this tensor will result in undefined behavior. You may want to copy the array to protect its data or make it writable before converting it to a tensor. This type of warning will be suppressed for the rest of this program. (Triggered internally at /pytorch/torch/csrc/utils/tensor_numpy.cpp:213.)
  return {"imgs": torch.from_numpy(np.asarray(img)).permute(2, 0, 1).float() / 255.0,
RESULT {"node": "N0011_dino_pertok_gate_huber", "status": "running", "metrics": {"mae": 28.532013746294226, "rmse": 97.97395365273964, "best_mae": 26.9995303754673}, "timing": {"train_seconds": 903.2, "epochs_done": 28}, "diagnostics": {"oom": false}, "run_dir": "/data/runs/N0011_dino_pertok_gate_huber", "ts": "2026-08-23T12:50:28+0800"}
E028/40 loss=3.9410 MAE=28.532 RMSE=97.974 best=27.000 [903s]
/data/repo/code/data/fsc147.py:63: UserWarning: The given NumPy array is not writable, and PyTorch does not support non-writable tensors. This means writing to this tensor will result in undefined behavior. You may want to copy the array to protect its data or make it writable before converting it to a tensor. This type of warning will be suppressed for the rest of this program. (Triggered internally at /pytorch/torch/csrc/utils/tensor_numpy.cpp:213.)
  return {"imgs": torch.from_numpy(np.asarray(img)).permute(2, 0, 1).float() / 255.0,
/data/repo/code/data/fsc147.py:63: UserWarning: The given NumPy array is not writable, and PyTorch does not support non-writable tensors. This means writing to this tensor will result in undefined behavior. You may want to copy the array to protect its data or make it writable before converting it to a tensor. This type of warning will be suppressed for the rest of this program. (Triggered internally at /pytorch/torch/csrc/utils/tensor_numpy.cpp:213.)
  return {"imgs": torch.from_numpy(np.asarray(img)).permute(2, 0, 1).float() / 255.0,
/data/repo/code/data/fsc147.py:63: UserWarning: The given NumPy array is not writable, and PyTorch does not support non-writable tensors. This means writing to this tensor will result in undefined behavior. You may want to copy the array to protect its data or make it writable before converting it to a tensor. This type of warning will be suppressed for the rest of this program. (Triggered internally at /pytorch/torch/csrc/utils/tensor_numpy.cpp:213.)
  return {"imgs": torch.from_numpy(np.asarray(img)).permute(2, 0, 1).float() / 255.0,
/data/repo/code/data/fsc147.py:63: UserWarning: The given NumPy array is not writable, and PyTorch does not support non-writable tensors. This means writing to this tensor will result in undefined behavior. You may want to copy the array to protect its data or make it writable before converting it to a tensor. This type of warning will be suppressed for the rest of this program. (Triggered internally at /pytorch/torch/csrc/utils/tensor_numpy.cpp:213.)
  return {"imgs": torch.from_numpy(np.asarray(img)).permute(2, 0, 1).float() / 255.0,
/data/repo/code/data/fsc147.py:63: UserWarning: The given NumPy array is not writable, and PyTorch does not support non-writable tensors. This means writing to this tensor will result in undefined behavior. You may want to copy the array to protect its data or make it writable before converting it to a tensor. This type of warning will be suppressed for the rest of this program. (Triggered internally at /pytorch/torch/csrc/utils/tensor_numpy.cpp:213.)
  return {"imgs": torch.from_numpy(np.asarray(img)).permute(2, 0, 1).float() / 255.0,
/data/repo/code/data/fsc147.py:63: UserWarning: The given NumPy array is not writable, and PyTorch does not support non-writable tensors. This means writing to this tensor will result in undefined behavior. You may want to copy the array to protect its data or make it writable before converting it to a tensor. This type of warning will be suppressed for the rest of this program. (Triggered internally at /pytorch/torch/csrc/utils/tensor_numpy.cpp:213.)
  return {"imgs": torch.from_numpy(np.asarray(img)).permute(2, 0, 1).float() / 255.0,
/data/repo/code/data/fsc147.py:63: UserWarning: The given NumPy array is not writable, and PyTorch does not support non-writable tensors. This means writing to this tensor will result in undefined behavior. You may want to copy the array to protect its data or make it writable before converting it to a tensor. This type of warning will be suppressed for the rest of this program. (Triggered internally at /pytorch/torch/csrc/utils/tensor_numpy.cpp:213.)
  return {"imgs": torch.from_numpy(np.asarray(img)).permute(2, 0, 1).float() / 255.0,
/data/repo/code/data/fsc147.py:63: UserWarning: The given NumPy array is not writable, and PyTorch does not support non-writable tensors. This means writing to this tensor will result in undefined behavior. You may want to copy the array to protect its data or make it writable before converting it to a tensor. This type of warning will be suppressed for the rest of this program. (Triggered internally at /pytorch/torch/csrc/utils/tensor_numpy.cpp:213.)
  return {"imgs": torch.from_numpy(np.asarray(img)).permute(2, 0, 1).float() / 255.0,
RESULT {"node": "N0011_dino_pertok_gate_huber", "status": "running", "metrics": {"mae": 28.183957678348428, "rmse": 97.08728559855795, "best_mae": 26.9995303754673}, "timing": {"train_seconds": 934.6, "epochs_done": 29}, "diagnostics": {"oom": false}, "run_dir": "/data/runs/N0011_dino_pertok_gate_huber", "ts": "2026-08-23T12:50:59+0800"}
E029/40 loss=3.8405 MAE=28.184 RMSE=97.087 best=27.000 [935s]
/data/repo/code/data/fsc147.py:63: UserWarning: The given NumPy array is not writable, and PyTorch does not support non-writable tensors. This means writing to this tensor will result in undefined behavior. You may want to copy the array to protect its data or make it writable before converting it to a tensor. This type of warning will be suppressed for the rest of this program. (Triggered internally at /pytorch/torch/csrc/utils/tensor_numpy.cpp:213.)
  return {"imgs": torch.from_numpy(np.asarray(img)).permute(2, 0, 1).float() / 255.0,
/data/repo/code/data/fsc147.py:63: UserWarning: The given NumPy array is not writable, and PyTorch does not support non-writable tensors. This means writing to this tensor will result in undefined behavior. You may want to copy the array to protect its data or make it writable before converting it to a tensor. This type of warning will be suppressed for the rest of this program. (Triggered internally at /pytorch/torch/csrc/utils/tensor_numpy.cpp:213.)
  return {"imgs": torch.from_numpy(np.asarray(img)).permute(2, 0, 1).float() / 255.0,
/data/repo/code/data/fsc147.py:63: UserWarning: The given NumPy array is not writable, and PyTorch does not support non-writable tensors. This means writing to this tensor will result in undefined behavior. You may want to copy the array to protect its data or make it writable before converting it to a tensor. This type of warning will be suppressed for the rest of this program. (Triggered internally at /pytorch/torch/csrc/utils/tensor_numpy.cpp:213.)
  return {"imgs": torch.from_numpy(np.asarray(img)).permute(2, 0, 1).float() / 255.0,
/data/repo/code/data/fsc147.py:63: UserWarning: The given NumPy array is not writable, and PyTorch does not support non-writable tensors. This means writing to this tensor will result in undefined behavior. You may want to copy the array to protect its data or make it writable before converting it to a tensor. This type of warning will be suppressed for the rest of this program. (Triggered internally at /pytorch/torch/csrc/utils/tensor_numpy.cpp:213.)
  return {"imgs": torch.from_numpy(np.asarray(img)).permute(2, 0, 1).float() / 255.0,
/data/repo/code/data/fsc147.py:63: UserWarning: The given NumPy array is not writable, and PyTorch does not support non-writable tensors. This means writing to this tensor will result in undefined behavior. You may want to copy the array to protect its data or make it writable before converting it to a tensor. This type of warning will be suppressed for the rest of this program. (Triggered internally at /pytorch/torch/csrc/utils/tensor_numpy.cpp:213.)
  return {"imgs": torch.from_numpy(np.asarray(img)).permute(2, 0, 1).float() / 255.0,
/data/repo/code/data/fsc147.py:63: UserWarning: The given NumPy array is not writable, and PyTorch does not support non-writable tensors. This means writing to this tensor will result in undefined behavior. You may want to copy the array to protect its data or make it writable before converting it to a tensor. This type of warning will be suppressed for the rest of this program. (Triggered internally at /pytorch/torch/csrc/utils/tensor_numpy.cpp:213.)
  return {"imgs": torch.from_numpy(np.asarray(img)).permute(2, 0, 1).float() / 255.0,
/data/repo/code/data/fsc147.py:63: UserWarning: The given NumPy array is not writable, and PyTorch does not support non-writable tensors. This means writing to this tensor will result in undefined behavior. You may want to copy the array to protect its data or make it writable before converting it to a tensor. This type of warning will be suppressed for the rest of this program. (Triggered internally at /pytorch/torch/csrc/utils/tensor_numpy.cpp:213.)
  return {"imgs": torch.from_numpy(np.asarray(img)).permute(2, 0, 1).float() / 255.0,
/data/repo/code/data/fsc147.py:63: UserWarning: The given NumPy array is not writable, and PyTorch does not support non-writable tensors. This means writing to this tensor will result in undefined behavior. You may want to copy the array to protect its data or make it writable before converting it to a tensor. This type of warning will be suppressed for the rest of this program. (Triggered internally at /pytorch/torch/csrc/utils/tensor_numpy.cpp:213.)
  return {"imgs": torch.from_numpy(np.asarray(img)).permute(2, 0, 1).float() / 255.0,
RESULT {"node": "N0011_dino_pertok_gate_huber", "status": "running", "metrics": {"mae": 27.43980424697069, "rmse": 95.94441812589052, "best_mae": 26.9995303754673}, "timing": {"train_seconds": 966.3, "epochs_done": 30}, "diagnostics": {"oom": false}, "run_dir": "/data/runs/N0011_dino_pertok_gate_huber", "ts": "2026-08-23T12:51:31+0800"}
E030/40 loss=3.7948 MAE=27.440 RMSE=95.944 best=27.000 [966s]
/data/repo/code/data/fsc147.py:63: UserWarning: The given NumPy array is not writable, and PyTorch does not support non-writable tensors. This means writing to this tensor will result in undefined behavior. You may want to copy the array to protect its data or make it writable before converting it to a tensor. This type of warning will be suppressed for the rest of this program. (Triggered internally at /pytorch/torch/csrc/utils/tensor_numpy.cpp:213.)
  return {"imgs": torch.from_numpy(np.asarray(img)).permute(2, 0, 1).float() / 255.0,
/data/repo/code/data/fsc147.py:63: UserWarning: The given NumPy array is not writable, and PyTorch does not support non-writable tensors. This means writing to this tensor will result in undefined behavior. You may want to copy the array to protect its data or make it writable before converting it to a tensor. This type of warning will be suppressed for the rest of this program. (Triggered internally at /pytorch/torch/csrc/utils/tensor_numpy.cpp:213.)
  return {"imgs": torch.from_numpy(np.asarray(img)).permute(2, 0, 1).float() / 255.0,
/data/repo/code/data/fsc147.py:63: UserWarning: The given NumPy array is not writable, and PyTorch does not support non-writable tensors. This means writing to this tensor will result in undefined behavior. You may want to copy the array to protect its data or make it writable before converting it to a tensor. This type of warning will be suppressed for the rest of this program. (Triggered internally at /pytorch/torch/csrc/utils/tensor_numpy.cpp:213.)
  return {"imgs": torch.from_numpy(np.asarray(img)).permute(2, 0, 1).float() / 255.0,
/data/repo/code/data/fsc147.py:63: UserWarning: The given NumPy array is not writable, and PyTorch does not support non-writable tensors. This means writing to this tensor will result in undefined behavior. You may want to copy the array to protect its data or make it writable before converting it to a tensor. This type of warning will be suppressed for the rest of this program. (Triggered internally at /pytorch/torch/csrc/utils/tensor_numpy.cpp:213.)
  return {"imgs": torch.from_numpy(np.asarray(img)).permute(2, 0, 1).float() / 255.0,
/data/repo/code/data/fsc147.py:63: UserWarning: The given NumPy array is not writable, and PyTorch does not support non-writable tensors. This means writing to this tensor will result in undefined behavior. You may want to copy the array to protect its data or make it writable before converting it to a tensor. This type of warning will be suppressed for the rest of this program. (Triggered internally at /pytorch/torch/csrc/utils/tensor_numpy.cpp:213.)
  return {"imgs": torch.from_numpy(np.asarray(img)).permute(2, 0, 1).float() / 255.0,
/data/repo/code/data/fsc147.py:63: UserWarning: The given NumPy array is not writable, and PyTorch does not support non-writable tensors. This means writing to this tensor will result in undefined behavior. You may want to copy the array to protect its data or make it writable before converting it to a tensor. This type of warning will be suppressed for the rest of this program. (Triggered internally at /pytorch/torch/csrc/utils/tensor_numpy.cpp:213.)
  return {"imgs": torch.from_numpy(np.asarray(img)).permute(2, 0, 1).float() / 255.0,
/data/repo/code/data/fsc147.py:63: UserWarning: The given NumPy array is not writable, and PyTorch does not support non-writable tensors. This means writing to this tensor will result in undefined behavior. You may want to copy the array to protect its data or make it writable before converting it to a tensor. This type of warning will be suppressed for the rest of this program. (Triggered internally at /pytorch/torch/csrc/utils/tensor_numpy.cpp:213.)
  return {"imgs": torch.from_numpy(np.asarray(img)).permute(2, 0, 1).float() / 255.0,
/data/repo/code/data/fsc147.py:63: UserWarning: The given NumPy array is not writable, and PyTorch does not support non-writable tensors. This means writing to this tensor will result in undefined behavior. You may want to copy the array to protect its data or make it writable before converting it to a tensor. This type of warning will be suppressed for the rest of this program. (Triggered internally at /pytorch/torch/csrc/utils/tensor_numpy.cpp:213.)
  return {"imgs": torch.from_numpy(np.asarray(img)).permute(2, 0, 1).float() / 255.0,
RESULT {"node": "N0011_dino_pertok_gate_huber", "status": "running", "metrics": {"mae": 27.444387348406423, "rmse": 96.24007289613928, "best_mae": 26.9995303754673}, "timing": {"train_seconds": 997.9, "epochs_done": 31}, "diagnostics": {"oom": false}, "run_dir": "/data/runs/N0011_dino_pertok_gate_huber", "ts": "2026-08-23T12:52:02+0800"}
E031/40 loss=3.7430 MAE=27.444 RMSE=96.240 best=27.000 [998s]
/data/repo/code/data/fsc147.py:63: UserWarning: The given NumPy array is not writable, and PyTorch does not support non-writable tensors. This means writing to this tensor will result in undefined behavior. You may want to copy the array to protect its data or make it writable before converting it to a tensor. This type of warning will be suppressed for the rest of this program. (Triggered internally at /pytorch/torch/csrc/utils/tensor_numpy.cpp:213.)
  return {"imgs": torch.from_numpy(np.asarray(img)).permute(2, 0, 1).float() / 255.0,
/data/repo/code/data/fsc147.py:63: UserWarning: The given NumPy array is not writable, and PyTorch does not support non-writable tensors. This means writing to this tensor will result in undefined behavior. You may want to copy the array to protect its data or make it writable before converting it to a tensor. This type of warning will be suppressed for the rest of this program. (Triggered internally at /pytorch/torch/csrc/utils/tensor_numpy.cpp:213.)
  return {"imgs": torch.from_numpy(np.asarray(img)).permute(2, 0, 1).float() / 255.0,
/data/repo/code/data/fsc147.py:63: UserWarning: The given NumPy array is not writable, and PyTorch does not support non-writable tensors. This means writing to this tensor will result in undefined behavior. You may want to copy the array to protect its data or make it writable before converting it to a tensor. This type of warning will be suppressed for the rest of this program. (Triggered internally at /pytorch/torch/csrc/utils/tensor_numpy.cpp:213.)
  return {"imgs": torch.from_numpy(np.asarray(img)).permute(2, 0, 1).float() / 255.0,
/data/repo/code/data/fsc147.py:63: UserWarning: The given NumPy array is not writable, and PyTorch does not support non-writable tensors. This means writing to this tensor will result in undefined behavior. You may want to copy the array to protect its data or make it writable before converting it to a tensor. This type of warning will be suppressed for the rest of this program. (Triggered internally at /pytorch/torch/csrc/utils/tensor_numpy.cpp:213.)
  return {"imgs": torch.from_numpy(np.asarray(img)).permute(2, 0, 1).float() / 255.0,
/data/repo/code/data/fsc147.py:63: UserWarning: The given NumPy array is not writable, and PyTorch does not support non-writable tensors. This means writing to this tensor will result in undefined behavior. You may want to copy the array to protect its data or make it writable before converting it to a tensor. This type of warning will be suppressed for the rest of this program. (Triggered internally at /pytorch/torch/csrc/utils/tensor_numpy.cpp:213.)
  return {"imgs": torch.from_numpy(np.asarray(img)).permute(2, 0, 1).float() / 255.0,
/data/repo/code/data/fsc147.py:63: UserWarning: The given NumPy array is not writable, and PyTorch does not support non-writable tensors. This means writing to this tensor will result in undefined behavior. You may want to copy the array to protect its data or make it writable before converting it to a tensor. This type of warning will be suppressed for the rest of this program. (Triggered internally at /pytorch/torch/csrc/utils/tensor_numpy.cpp:213.)
  return {"imgs": torch.from_numpy(np.asarray(img)).permute(2, 0, 1).float() / 255.0,
/data/repo/code/data/fsc147.py:63: UserWarning: The given NumPy array is not writable, and PyTorch does not support non-writable tensors. This means writing to this tensor will result in undefined behavior. You may want to copy the array to protect its data or make it writable before converting it to a tensor. This type of warning will be suppressed for the rest of this program. (Triggered internally at /pytorch/torch/csrc/utils/tensor_numpy.cpp:213.)
  return {"imgs": torch.from_numpy(np.asarray(img)).permute(2, 0, 1).float() / 255.0,
/data/repo/code/data/fsc147.py:63: UserWarning: The given NumPy array is not writable, and PyTorch does not support non-writable tensors. This means writing to this tensor will result in undefined behavior. You may want to copy the array to protect its data or make it writable before converting it to a tensor. This type of warning will be suppressed for the rest of this program. (Triggered internally at /pytorch/torch/csrc/utils/tensor_numpy.cpp:213.)
  return {"imgs": torch.from_numpy(np.asarray(img)).permute(2, 0, 1).float() / 255.0,
RESULT {"node": "N0011_dino_pertok_gate_huber", "status": "running", "metrics": {"mae": 26.960735690352706, "rmse": 94.20741638456106, "best_mae": 26.960735690352706}, "timing": {"train_seconds": 1029.7, "epochs_done": 32}, "diagnostics": {"oom": false}, "run_dir": "/data/runs/N0011_dino_pertok_gate_huber", "ts": "2026-08-23T12:52:34+0800"}
E032/40 loss=3.6618 MAE=26.961 RMSE=94.207 best=26.961 [1030s] ***BEST
/data/repo/code/data/fsc147.py:63: UserWarning: The given NumPy array is not writable, and PyTorch does not support non-writable tensors. This means writing to this tensor will result in undefined behavior. You may want to copy the array to protect its data or make it writable before converting it to a tensor. This type of warning will be suppressed for the rest of this program. (Triggered internally at /pytorch/torch/csrc/utils/tensor_numpy.cpp:213.)
  return {"imgs": torch.from_numpy(np.asarray(img)).permute(2, 0, 1).float() / 255.0,
/data/repo/code/data/fsc147.py:63: UserWarning: The given NumPy array is not writable, and PyTorch does not support non-writable tensors. This means writing to this tensor will result in undefined behavior. You may want to copy the array to protect its data or make it writable before converting it to a tensor. This type of warning will be suppressed for the rest of this program. (Triggered internally at /pytorch/torch/csrc/utils/tensor_numpy.cpp:213.)
  return {"imgs": torch.from_numpy(np.asarray(img)).permute(2, 0, 1).float() / 255.0,
/data/repo/code/data/fsc147.py:63: UserWarning: The given NumPy array is not writable, and PyTorch does not support non-writable tensors. This means writing to this tensor will result in undefined behavior. You may want to copy the array to protect its data or make it writable before converting it to a tensor. This type of warning will be suppressed for the rest of this program. (Triggered internally at /pytorch/torch/csrc/utils/tensor_numpy.cpp:213.)
  return {"imgs": torch.from_numpy(np.asarray(img)).permute(2, 0, 1).float() / 255.0,
/data/repo/code/data/fsc147.py:63: UserWarning: The given NumPy array is not writable, and PyTorch does not support non-writable tensors. This means writing to this tensor will result in undefined behavior. You may want to copy the array to protect its data or make it writable before converting it to a tensor. This type of warning will be suppressed for the rest of this program. (Triggered internally at /pytorch/torch/csrc/utils/tensor_numpy.cpp:213.)
  return {"imgs": torch.from_numpy(np.asarray(img)).permute(2, 0, 1).float() / 255.0,
/data/repo/code/data/fsc147.py:63: UserWarning: The given NumPy array is not writable, and PyTorch does not support non-writable tensors. This means writing to this tensor will result in undefined behavior. You may want to copy the array to protect its data or make it writable before converting it to a tensor. This type of warning will be suppressed for the rest of this program. (Triggered internally at /pytorch/torch/csrc/utils/tensor_numpy.cpp:213.)
  return {"imgs": torch.from_numpy(np.asarray(img)).permute(2, 0, 1).float() / 255.0,
/data/repo/code/data/fsc147.py:63: UserWarning: The given NumPy array is not writable, and PyTorch does not support non-writable tensors. This means writing to this tensor will result in undefined behavior. You may want to copy the array to protect its data or make it writable before converting it to a tensor. This type of warning will be suppressed for the rest of this program. (Triggered internally at /pytorch/torch/csrc/utils/tensor_numpy.cpp:213.)
  return {"imgs": torch.from_numpy(np.asarray(img)).permute(2, 0, 1).float() / 255.0,
/data/repo/code/data/fsc147.py:63: UserWarning: The given NumPy array is not writable, and PyTorch does not support non-writable tensors. This means writing to this tensor will result in undefined behavior. You may want to copy the array to protect its data or make it writable before converting it to a tensor. This type of warning will be suppressed for the rest of this program. (Triggered internally at /pytorch/torch/csrc/utils/tensor_numpy.cpp:213.)
  return {"imgs": torch.from_numpy(np.asarray(img)).permute(2, 0, 1).float() / 255.0,
/data/repo/code/data/fsc147.py:63: UserWarning: The given NumPy array is not writable, and PyTorch does not support non-writable tensors. This means writing to this tensor will result in undefined behavior. You may want to copy the array to protect its data or make it writable before converting it to a tensor. This type of warning will be suppressed for the rest of this program. (Triggered internally at /pytorch/torch/csrc/utils/tensor_numpy.cpp:213.)
  return {"imgs": torch.from_numpy(np.asarray(img)).permute(2, 0, 1).float() / 255.0,
RESULT {"node": "N0011_dino_pertok_gate_huber", "status": "running", "metrics": {"mae": 26.951215405857212, "rmse": 94.14487149126285, "best_mae": 26.951215405857212}, "timing": {"train_seconds": 1061.4, "epochs_done": 33}, "diagnostics": {"oom": false}, "run_dir": "/data/runs/N0011_dino_pertok_gate_huber", "ts": "2026-08-23T12:53:06+0800"}
E033/40 loss=3.6379 MAE=26.951 RMSE=94.145 best=26.951 [1061s] ***BEST
/data/repo/code/data/fsc147.py:63: UserWarning: The given NumPy array is not writable, and PyTorch does not support non-writable tensors. This means writing to this tensor will result in undefined behavior. You may want to copy the array to protect its data or make it writable before converting it to a tensor. This type of warning will be suppressed for the rest of this program. (Triggered internally at /pytorch/torch/csrc/utils/tensor_numpy.cpp:213.)
  return {"imgs": torch.from_numpy(np.asarray(img)).permute(2, 0, 1).float() / 255.0,
/data/repo/code/data/fsc147.py:63: UserWarning: The given NumPy array is not writable, and PyTorch does not support non-writable tensors. This means writing to this tensor will result in undefined behavior. You may want to copy the array to protect its data or make it writable before converting it to a tensor. This type of warning will be suppressed for the rest of this program. (Triggered internally at /pytorch/torch/csrc/utils/tensor_numpy.cpp:213.)
  return {"imgs": torch.from_numpy(np.asarray(img)).permute(2, 0, 1).float() / 255.0,
/data/repo/code/data/fsc147.py:63: UserWarning: The given NumPy array is not writable, and PyTorch does not support non-writable tensors. This means writing to this tensor will result in undefined behavior. You may want to copy the array to protect its data or make it writable before converting it to a tensor. This type of warning will be suppressed for the rest of this program. (Triggered internally at /pytorch/torch/csrc/utils/tensor_numpy.cpp:213.)
  return {"imgs": torch.from_numpy(np.asarray(img)).permute(2, 0, 1).float() / 255.0,
/data/repo/code/data/fsc147.py:63: UserWarning: The given NumPy array is not writable, and PyTorch does not support non-writable tensors. This means writing to this tensor will result in undefined behavior. You may want to copy the array to protect its data or make it writable before converting it to a tensor. This type of warning will be suppressed for the rest of this program. (Triggered internally at /pytorch/torch/csrc/utils/tensor_numpy.cpp:213.)
  return {"imgs": torch.from_numpy(np.asarray(img)).permute(2, 0, 1).float() / 255.0,
/data/repo/code/data/fsc147.py:63: UserWarning: The given NumPy array is not writable, and PyTorch does not support non-writable tensors. This means writing to this tensor will result in undefined behavior. You may want to copy the array to protect its data or make it writable before converting it to a tensor. This type of warning will be suppressed for the rest of this program. (Triggered internally at /pytorch/torch/csrc/utils/tensor_numpy.cpp:213.)
  return {"imgs": torch.from_numpy(np.asarray(img)).permute(2, 0, 1).float() / 255.0,
/data/repo/code/data/fsc147.py:63: UserWarning: The given NumPy array is not writable, and PyTorch does not support non-writable tensors. This means writing to this tensor will result in undefined behavior. You may want to copy the array to protect its data or make it writable before converting it to a tensor. This type of warning will be suppressed for the rest of this program. (Triggered internally at /pytorch/torch/csrc/utils/tensor_numpy.cpp:213.)
  return {"imgs": torch.from_numpy(np.asarray(img)).permute(2, 0, 1).float() / 255.0,
/data/repo/code/data/fsc147.py:63: UserWarning: The given NumPy array is not writable, and PyTorch does not support non-writable tensors. This means writing to this tensor will result in undefined behavior. You may want to copy the array to protect its data or make it writable before converting it to a tensor. This type of warning will be suppressed for the rest of this program. (Triggered internally at /pytorch/torch/csrc/utils/tensor_numpy.cpp:213.)
  return {"imgs": torch.from_numpy(np.asarray(img)).permute(2, 0, 1).float() / 255.0,
/data/repo/code/data/fsc147.py:63: UserWarning: The given NumPy array is not writable, and PyTorch does not support non-writable tensors. This means writing to this tensor will result in undefined behavior. You may want to copy the array to protect its data or make it writable before converting it to a tensor. This type of warning will be suppressed for the rest of this program. (Triggered internally at /pytorch/torch/csrc/utils/tensor_numpy.cpp:213.)
  return {"imgs": torch.from_numpy(np.asarray(img)).permute(2, 0, 1).float() / 255.0,
RESULT {"node": "N0011_dino_pertok_gate_huber", "status": "running", "metrics": {"mae": 26.677713294793065, "rmse": 93.93156680241046, "best_mae": 26.677713294793065}, "timing": {"train_seconds": 1094.2, "epochs_done": 34}, "diagnostics": {"oom": false}, "run_dir": "/data/runs/N0011_dino_pertok_gate_huber", "ts": "2026-08-23T12:53:39+0800"}
E034/40 loss=3.5845 MAE=26.678 RMSE=93.932 best=26.678 [1094s] ***BEST
/data/repo/code/data/fsc147.py:63: UserWarning: The given NumPy array is not writable, and PyTorch does not support non-writable tensors. This means writing to this tensor will result in undefined behavior. You may want to copy the array to protect its data or make it writable before converting it to a tensor. This type of warning will be suppressed for the rest of this program. (Triggered internally at /pytorch/torch/csrc/utils/tensor_numpy.cpp:213.)
  return {"imgs": torch.from_numpy(np.asarray(img)).permute(2, 0, 1).float() / 255.0,
/data/repo/code/data/fsc147.py:63: UserWarning: The given NumPy array is not writable, and PyTorch does not support non-writable tensors. This means writing to this tensor will result in undefined behavior. You may want to copy the array to protect its data or make it writable before converting it to a tensor. This type of warning will be suppressed for the rest of this program. (Triggered internally at /pytorch/torch/csrc/utils/tensor_numpy.cpp:213.)
  return {"imgs": torch.from_numpy(np.asarray(img)).permute(2, 0, 1).float() / 255.0,
/data/repo/code/data/fsc147.py:63: UserWarning: The given NumPy array is not writable, and PyTorch does not support non-writable tensors. This means writing to this tensor will result in undefined behavior. You may want to copy the array to protect its data or make it writable before converting it to a tensor. This type of warning will be suppressed for the rest of this program. (Triggered internally at /pytorch/torch/csrc/utils/tensor_numpy.cpp:213.)
  return {"imgs": torch.from_numpy(np.asarray(img)).permute(2, 0, 1).float() / 255.0,
/data/repo/code/data/fsc147.py:63: UserWarning: The given NumPy array is not writable, and PyTorch does not support non-writable tensors. This means writing to this tensor will result in undefined behavior. You may want to copy the array to protect its data or make it writable before converting it to a tensor. This type of warning will be suppressed for the rest of this program. (Triggered internally at /pytorch/torch/csrc/utils/tensor_numpy.cpp:213.)
  return {"imgs": torch.from_numpy(np.asarray(img)).permute(2, 0, 1).float() / 255.0,
/data/repo/code/data/fsc147.py:63: UserWarning: The given NumPy array is not writable, and PyTorch does not support non-writable tensors. This means writing to this tensor will result in undefined behavior. You may want to copy the array to protect its data or make it writable before converting it to a tensor. This type of warning will be suppressed for the rest of this program. (Triggered internally at /pytorch/torch/csrc/utils/tensor_numpy.cpp:213.)
  return {"imgs": torch.from_numpy(np.asarray(img)).permute(2, 0, 1).float() / 255.0,
/data/repo/code/data/fsc147.py:63: UserWarning: The given NumPy array is not writable, and PyTorch does not support non-writable tensors. This means writing to this tensor will result in undefined behavior. You may want to copy the array to protect its data or make it writable before converting it to a tensor. This type of warning will be suppressed for the rest of this program. (Triggered internally at /pytorch/torch/csrc/utils/tensor_numpy.cpp:213.)
  return {"imgs": torch.from_numpy(np.asarray(img)).permute(2, 0, 1).float() / 255.0,
/data/repo/code/data/fsc147.py:63: UserWarning: The given NumPy array is not writable, and PyTorch does not support non-writable tensors. This means writing to this tensor will result in undefined behavior. You may want to copy the array to protect its data or make it writable before converting it to a tensor. This type of warning will be suppressed for the rest of this program. (Triggered internally at /pytorch/torch/csrc/utils/tensor_numpy.cpp:213.)
  return {"imgs": torch.from_numpy(np.asarray(img)).permute(2, 0, 1).float() / 255.0,
/data/repo/code/data/fsc147.py:63: UserWarning: The given NumPy array is not writable, and PyTorch does not support non-writable tensors. This means writing to this tensor will result in undefined behavior. You may want to copy the array to protect its data or make it writable before converting it to a tensor. This type of warning will be suppressed for the rest of this program. (Triggered internally at /pytorch/torch/csrc/utils/tensor_numpy.cpp:213.)
  return {"imgs": torch.from_numpy(np.asarray(img)).permute(2, 0, 1).float() / 255.0,
RESULT {"node": "N0011_dino_pertok_gate_huber", "status": "running", "metrics": {"mae": 26.946532774490667, "rmse": 95.02451783539061, "best_mae": 26.677713294793065}, "timing": {"train_seconds": 1126.3, "epochs_done": 35}, "diagnostics": {"oom": false}, "run_dir": "/data/runs/N0011_dino_pertok_gate_huber", "ts": "2026-08-23T12:54:11+0800"}
E035/40 loss=3.5731 MAE=26.947 RMSE=95.025 best=26.678 [1126s]
/data/repo/code/data/fsc147.py:63: UserWarning: The given NumPy array is not writable, and PyTorch does not support non-writable tensors. This means writing to this tensor will result in undefined behavior. You may want to copy the array to protect its data or make it writable before converting it to a tensor. This type of warning will be suppressed for the rest of this program. (Triggered internally at /pytorch/torch/csrc/utils/tensor_numpy.cpp:213.)
  return {"imgs": torch.from_numpy(np.asarray(img)).permute(2, 0, 1).float() / 255.0,
/data/repo/code/data/fsc147.py:63: UserWarning: The given NumPy array is not writable, and PyTorch does not support non-writable tensors. This means writing to this tensor will result in undefined behavior. You may want to copy the array to protect its data or make it writable before converting it to a tensor. This type of warning will be suppressed for the rest of this program. (Triggered internally at /pytorch/torch/csrc/utils/tensor_numpy.cpp:213.)
  return {"imgs": torch.from_numpy(np.asarray(img)).permute(2, 0, 1).float() / 255.0,
/data/repo/code/data/fsc147.py:63: UserWarning: The given NumPy array is not writable, and PyTorch does not support non-writable tensors. This means writing to this tensor will result in undefined behavior. You may want to copy the array to protect its data or make it writable before converting it to a tensor. This type of warning will be suppressed for the rest of this program. (Triggered internally at /pytorch/torch/csrc/utils/tensor_numpy.cpp:213.)
  return {"imgs": torch.from_numpy(np.asarray(img)).permute(2, 0, 1).float() / 255.0,
/data/repo/code/data/fsc147.py:63: UserWarning: The given NumPy array is not writable, and PyTorch does not support non-writable tensors. This means writing to this tensor will result in undefined behavior. You may want to copy the array to protect its data or make it writable before converting it to a tensor. This type of warning will be suppressed for the rest of this program. (Triggered internally at /pytorch/torch/csrc/utils/tensor_numpy.cpp:213.)
  return {"imgs": torch.from_numpy(np.asarray(img)).permute(2, 0, 1).float() / 255.0,
/data/repo/code/data/fsc147.py:63: UserWarning: The given NumPy array is not writable, and PyTorch does not support non-writable tensors. This means writing to this tensor will result in undefined behavior. You may want to copy the array to protect its data or make it writable before converting it to a tensor. This type of warning will be suppressed for the rest of this program. (Triggered internally at /pytorch/torch/csrc/utils/tensor_numpy.cpp:213.)
  return {"imgs": torch.from_numpy(np.asarray(img)).permute(2, 0, 1).float() / 255.0,
/data/repo/code/data/fsc147.py:63: UserWarning: The given NumPy array is not writable, and PyTorch does not support non-writable tensors. This means writing to this tensor will result in undefined behavior. You may want to copy the array to protect its data or make it writable before converting it to a tensor. This type of warning will be suppressed for the rest of this program. (Triggered internally at /pytorch/torch/csrc/utils/tensor_numpy.cpp:213.)
  return {"imgs": torch.from_numpy(np.asarray(img)).permute(2, 0, 1).float() / 255.0,
/data/repo/code/data/fsc147.py:63: UserWarning: The given NumPy array is not writable, and PyTorch does not support non-writable tensors. This means writing to this tensor will result in undefined behavior. You may want to copy the array to protect its data or make it writable before converting it to a tensor. This type of warning will be suppressed for the rest of this program. (Triggered internally at /pytorch/torch/csrc/utils/tensor_numpy.cpp:213.)
  return {"imgs": torch.from_numpy(np.asarray(img)).permute(2, 0, 1).float() / 255.0,
/data/repo/code/data/fsc147.py:63: UserWarning: The given NumPy array is not writable, and PyTorch does not support non-writable tensors. This means writing to this tensor will result in undefined behavior. You may want to copy the array to protect its data or make it writable before converting it to a tensor. This type of warning will be suppressed for the rest of this program. (Triggered internally at /pytorch/torch/csrc/utils/tensor_numpy.cpp:213.)
  return {"imgs": torch.from_numpy(np.asarray(img)).permute(2, 0, 1).float() / 255.0,
RESULT {"node": "N0011_dino_pertok_gate_huber", "status": "running", "metrics": {"mae": 26.756836788836015, "rmse": 94.37541923241639, "best_mae": 26.677713294793065}, "timing": {"train_seconds": 1157.8, "epochs_done": 36}, "diagnostics": {"oom": false}, "run_dir": "/data/runs/N0011_dino_pertok_gate_huber", "ts": "2026-08-23T12:54:42+0800"}
E036/40 loss=3.5051 MAE=26.757 RMSE=94.375 best=26.678 [1158s]
/data/repo/code/data/fsc147.py:63: UserWarning: The given NumPy array is not writable, and PyTorch does not support non-writable tensors. This means writing to this tensor will result in undefined behavior. You may want to copy the array to protect its data or make it writable before converting it to a tensor. This type of warning will be suppressed for the rest of this program. (Triggered internally at /pytorch/torch/csrc/utils/tensor_numpy.cpp:213.)
  return {"imgs": torch.from_numpy(np.asarray(img)).permute(2, 0, 1).float() / 255.0,
/data/repo/code/data/fsc147.py:63: UserWarning: The given NumPy array is not writable, and PyTorch does not support non-writable tensors. This means writing to this tensor will result in undefined behavior. You may want to copy the array to protect its data or make it writable before converting it to a tensor. This type of warning will be suppressed for the rest of this program. (Triggered internally at /pytorch/torch/csrc/utils/tensor_numpy.cpp:213.)
  return {"imgs": torch.from_numpy(np.asarray(img)).permute(2, 0, 1).float() / 255.0,
/data/repo/code/data/fsc147.py:63: UserWarning: The given NumPy array is not writable, and PyTorch does not support non-writable tensors. This means writing to this tensor will result in undefined behavior. You may want to copy the array to protect its data or make it writable before converting it to a tensor. This type of warning will be suppressed for the rest of this program. (Triggered internally at /pytorch/torch/csrc/utils/tensor_numpy.cpp:213.)
  return {"imgs": torch.from_numpy(np.asarray(img)).permute(2, 0, 1).float() / 255.0,
/data/repo/code/data/fsc147.py:63: UserWarning: The given NumPy array is not writable, and PyTorch does not support non-writable tensors. This means writing to this tensor will result in undefined behavior. You may want to copy the array to protect its data or make it writable before converting it to a tensor. This type of warning will be suppressed for the rest of this program. (Triggered internally at /pytorch/torch/csrc/utils/tensor_numpy.cpp:213.)
  return {"imgs": torch.from_numpy(np.asarray(img)).permute(2, 0, 1).float() / 255.0,
/data/repo/code/data/fsc147.py:63: UserWarning: The given NumPy array is not writable, and PyTorch does not support non-writable tensors. This means writing to this tensor will result in undefined behavior. You may want to copy the array to protect its data or make it writable before converting it to a tensor. This type of warning will be suppressed for the rest of this program. (Triggered internally at /pytorch/torch/csrc/utils/tensor_numpy.cpp:213.)
  return {"imgs": torch.from_numpy(np.asarray(img)).permute(2, 0, 1).float() / 255.0,
/data/repo/code/data/fsc147.py:63: UserWarning: The given NumPy array is not writable, and PyTorch does not support non-writable tensors. This means writing to this tensor will result in undefined behavior. You may want to copy the array to protect its data or make it writable before converting it to a tensor. This type of warning will be suppressed for the rest of this program. (Triggered internally at /pytorch/torch/csrc/utils/tensor_numpy.cpp:213.)
  return {"imgs": torch.from_numpy(np.asarray(img)).permute(2, 0, 1).float() / 255.0,
/data/repo/code/data/fsc147.py:63: UserWarning: The given NumPy array is not writable, and PyTorch does not support non-writable tensors. This means writing to this tensor will result in undefined behavior. You may want to copy the array to protect its data or make it writable before converting it to a tensor. This type of warning will be suppressed for the rest of this program. (Triggered internally at /pytorch/torch/csrc/utils/tensor_numpy.cpp:213.)
  return {"imgs": torch.from_numpy(np.asarray(img)).permute(2, 0, 1).float() / 255.0,
/data/repo/code/data/fsc147.py:63: UserWarning: The given NumPy array is not writable, and PyTorch does not support non-writable tensors. This means writing to this tensor will result in undefined behavior. You may want to copy the array to protect its data or make it writable before converting it to a tensor. This type of warning will be suppressed for the rest of this program. (Triggered internally at /pytorch/torch/csrc/utils/tensor_numpy.cpp:213.)
  return {"imgs": torch.from_numpy(np.asarray(img)).permute(2, 0, 1).float() / 255.0,
RESULT {"node": "N0011_dino_pertok_gate_huber", "status": "running", "metrics": {"mae": 27.245804402542706, "rmse": 95.09623224732398, "best_mae": 26.677713294793065}, "timing": {"train_seconds": 1189.4, "epochs_done": 37}, "diagnostics": {"oom": false}, "run_dir": "/data/runs/N0011_dino_pertok_gate_huber", "ts": "2026-08-23T12:55:14+0800"}
E037/40 loss=3.4790 MAE=27.246 RMSE=95.096 best=26.678 [1189s]
/data/repo/code/data/fsc147.py:63: UserWarning: The given NumPy array is not writable, and PyTorch does not support non-writable tensors. This means writing to this tensor will result in undefined behavior. You may want to copy the array to protect its data or make it writable before converting it to a tensor. This type of warning will be suppressed for the rest of this program. (Triggered internally at /pytorch/torch/csrc/utils/tensor_numpy.cpp:213.)
  return {"imgs": torch.from_numpy(np.asarray(img)).permute(2, 0, 1).float() / 255.0,
/data/repo/code/data/fsc147.py:63: UserWarning: The given NumPy array is not writable, and PyTorch does not support non-writable tensors. This means writing to this tensor will result in undefined behavior. You may want to copy the array to protect its data or make it writable before converting it to a tensor. This type of warning will be suppressed for the rest of this program. (Triggered internally at /pytorch/torch/csrc/utils/tensor_numpy.cpp:213.)
  return {"imgs": torch.from_numpy(np.asarray(img)).permute(2, 0, 1).float() / 255.0,
/data/repo/code/data/fsc147.py:63: UserWarning: The given NumPy array is not writable, and PyTorch does not support non-writable tensors. This means writing to this tensor will result in undefined behavior. You may want to copy the array to protect its data or make it writable before converting it to a tensor. This type of warning will be suppressed for the rest of this program. (Triggered internally at /pytorch/torch/csrc/utils/tensor_numpy.cpp:213.)
  return {"imgs": torch.from_numpy(np.asarray(img)).permute(2, 0, 1).float() / 255.0,
/data/repo/code/data/fsc147.py:63: UserWarning: The given NumPy array is not writable, and PyTorch does not support non-writable tensors. This means writing to this tensor will result in undefined behavior. You may want to copy the array to protect its data or make it writable before converting it to a tensor. This type of warning will be suppressed for the rest of this program. (Triggered internally at /pytorch/torch/csrc/utils/tensor_numpy.cpp:213.)
  return {"imgs": torch.from_numpy(np.asarray(img)).permute(2, 0, 1).float() / 255.0,
/data/repo/code/data/fsc147.py:63: UserWarning: The given NumPy array is not writable, and PyTorch does not support non-writable tensors. This means writing to this tensor will result in undefined behavior. You may want to copy the array to protect its data or make it writable before converting it to a tensor. This type of warning will be suppressed for the rest of this program. (Triggered internally at /pytorch/torch/csrc/utils/tensor_numpy.cpp:213.)
  return {"imgs": torch.from_numpy(np.asarray(img)).permute(2, 0, 1).float() / 255.0,
/data/repo/code/data/fsc147.py:63: UserWarning: The given NumPy array is not writable, and PyTorch does not support non-writable tensors. This means writing to this tensor will result in undefined behavior. You may want to copy the array to protect its data or make it writable before converting it to a tensor. This type of warning will be suppressed for the rest of this program. (Triggered internally at /pytorch/torch/csrc/utils/tensor_numpy.cpp:213.)
  return {"imgs": torch.from_numpy(np.asarray(img)).permute(2, 0, 1).float() / 255.0,
/data/repo/code/data/fsc147.py:63: UserWarning: The given NumPy array is not writable, and PyTorch does not support non-writable tensors. This means writing to this tensor will result in undefined behavior. You may want to copy the array to protect its data or make it writable before converting it to a tensor. This type of warning will be suppressed for the rest of this program. (Triggered internally at /pytorch/torch/csrc/utils/tensor_numpy.cpp:213.)
  return {"imgs": torch.from_numpy(np.asarray(img)).permute(2, 0, 1).float() / 255.0,
/data/repo/code/data/fsc147.py:63: UserWarning: The given NumPy array is not writable, and PyTorch does not support non-writable tensors. This means writing to this tensor will result in undefined behavior. You may want to copy the array to protect its data or make it writable before converting it to a tensor. This type of warning will be suppressed for the rest of this program. (Triggered internally at /pytorch/torch/csrc/utils/tensor_numpy.cpp:213.)
  return {"imgs": torch.from_numpy(np.asarray(img)).permute(2, 0, 1).float() / 255.0,
RESULT {"node": "N0011_dino_pertok_gate_huber", "status": "running", "metrics": {"mae": 26.85878418763726, "rmse": 93.81292162802458, "best_mae": 26.677713294793065}, "timing": {"train_seconds": 1221.5, "epochs_done": 38}, "diagnostics": {"oom": false}, "run_dir": "/data/runs/N0011_dino_pertok_gate_huber", "ts": "2026-08-23T12:55:46+0800"}
E038/40 loss=3.4740 MAE=26.859 RMSE=93.813 best=26.678 [1221s]
/data/repo/code/data/fsc147.py:63: UserWarning: The given NumPy array is not writable, and PyTorch does not support non-writable tensors. This means writing to this tensor will result in undefined behavior. You may want to copy the array to protect its data or make it writable before converting it to a tensor. This type of warning will be suppressed for the rest of this program. (Triggered internally at /pytorch/torch/csrc/utils/tensor_numpy.cpp:213.)
  return {"imgs": torch.from_numpy(np.asarray(img)).permute(2, 0, 1).float() / 255.0,
/data/repo/code/data/fsc147.py:63: UserWarning: The given NumPy array is not writable, and PyTorch does not support non-writable tensors. This means writing to this tensor will result in undefined behavior. You may want to copy the array to protect its data or make it writable before converting it to a tensor. This type of warning will be suppressed for the rest of this program. (Triggered internally at /pytorch/torch/csrc/utils/tensor_numpy.cpp:213.)
  return {"imgs": torch.from_numpy(np.asarray(img)).permute(2, 0, 1).float() / 255.0,
/data/repo/code/data/fsc147.py:63: UserWarning: The given NumPy array is not writable, and PyTorch does not support non-writable tensors. This means writing to this tensor will result in undefined behavior. You may want to copy the array to protect its data or make it writable before converting it to a tensor. This type of warning will be suppressed for the rest of this program. (Triggered internally at /pytorch/torch/csrc/utils/tensor_numpy.cpp:213.)
  return {"imgs": torch.from_numpy(np.asarray(img)).permute(2, 0, 1).float() / 255.0,
/data/repo/code/data/fsc147.py:63: UserWarning: The given NumPy array is not writable, and PyTorch does not support non-writable tensors. This means writing to this tensor will result in undefined behavior. You may want to copy the array to protect its data or make it writable before converting it to a tensor. This type of warning will be suppressed for the rest of this program. (Triggered internally at /pytorch/torch/csrc/utils/tensor_numpy.cpp:213.)
  return {"imgs": torch.from_numpy(np.asarray(img)).permute(2, 0, 1).float() / 255.0,
/data/repo/code/data/fsc147.py:63: UserWarning: The given NumPy array is not writable, and PyTorch does not support non-writable tensors. This means writing to this tensor will result in undefined behavior. You may want to copy the array to protect its data or make it writable before converting it to a tensor. This type of warning will be suppressed for the rest of this program. (Triggered internally at /pytorch/torch/csrc/utils/tensor_numpy.cpp:213.)
  return {"imgs": torch.from_numpy(np.asarray(img)).permute(2, 0, 1).float() / 255.0,
/data/repo/code/data/fsc147.py:63: UserWarning: The given NumPy array is not writable, and PyTorch does not support non-writable tensors. This means writing to this tensor will result in undefined behavior. You may want to copy the array to protect its data or make it writable before converting it to a tensor. This type of warning will be suppressed for the rest of this program. (Triggered internally at /pytorch/torch/csrc/utils/tensor_numpy.cpp:213.)
  return {"imgs": torch.from_numpy(np.asarray(img)).permute(2, 0, 1).float() / 255.0,
/data/repo/code/data/fsc147.py:63: UserWarning: The given NumPy array is not writable, and PyTorch does not support non-writable tensors. This means writing to this tensor will result in undefined behavior. You may want to copy the array to protect its data or make it writable before converting it to a tensor. This type of warning will be suppressed for the rest of this program. (Triggered internally at /pytorch/torch/csrc/utils/tensor_numpy.cpp:213.)
  return {"imgs": torch.from_numpy(np.asarray(img)).permute(2, 0, 1).float() / 255.0,
/data/repo/code/data/fsc147.py:63: UserWarning: The given NumPy array is not writable, and PyTorch does not support non-writable tensors. This means writing to this tensor will result in undefined behavior. You may want to copy the array to protect its data or make it writable before converting it to a tensor. This type of warning will be suppressed for the rest of this program. (Triggered internally at /pytorch/torch/csrc/utils/tensor_numpy.cpp:213.)
  return {"imgs": torch.from_numpy(np.asarray(img)).permute(2, 0, 1).float() / 255.0,
RESULT {"node": "N0011_dino_pertok_gate_huber", "status": "running", "metrics": {"mae": 26.95859608346159, "rmse": 94.24785006223011, "best_mae": 26.677713294793065}, "timing": {"train_seconds": 1253.1, "epochs_done": 39}, "diagnostics": {"oom": false}, "run_dir": "/data/runs/N0011_dino_pertok_gate_huber", "ts": "2026-08-23T12:56:18+0800"}
E039/40 loss=3.4464 MAE=26.959 RMSE=94.248 best=26.678 [1253s]
/data/repo/code/data/fsc147.py:63: UserWarning: The given NumPy array is not writable, and PyTorch does not support non-writable tensors. This means writing to this tensor will result in undefined behavior. You may want to copy the array to protect its data or make it writable before converting it to a tensor. This type of warning will be suppressed for the rest of this program. (Triggered internally at /pytorch/torch/csrc/utils/tensor_numpy.cpp:213.)
  return {"imgs": torch.from_numpy(np.asarray(img)).permute(2, 0, 1).float() / 255.0,
/data/repo/code/data/fsc147.py:63: UserWarning: The given NumPy array is not writable, and PyTorch does not support non-writable tensors. This means writing to this tensor will result in undefined behavior. You may want to copy the array to protect its data or make it writable before converting it to a tensor. This type of warning will be suppressed for the rest of this program. (Triggered internally at /pytorch/torch/csrc/utils/tensor_numpy.cpp:213.)
  return {"imgs": torch.from_numpy(np.asarray(img)).permute(2, 0, 1).float() / 255.0,
/data/repo/code/data/fsc147.py:63: UserWarning: The given NumPy array is not writable, and PyTorch does not support non-writable tensors. This means writing to this tensor will result in undefined behavior. You may want to copy the array to protect its data or make it writable before converting it to a tensor. This type of warning will be suppressed for the rest of this program. (Triggered internally at /pytorch/torch/csrc/utils/tensor_numpy.cpp:213.)
  return {"imgs": torch.from_numpy(np.asarray(img)).permute(2, 0, 1).float() / 255.0,
/data/repo/code/data/fsc147.py:63: UserWarning: The given NumPy array is not writable, and PyTorch does not support non-writable tensors. This means writing to this tensor will result in undefined behavior. You may want to copy the array to protect its data or make it writable before converting it to a tensor. This type of warning will be suppressed for the rest of this program. (Triggered internally at /pytorch/torch/csrc/utils/tensor_numpy.cpp:213.)
  return {"imgs": torch.from_numpy(np.asarray(img)).permute(2, 0, 1).float() / 255.0,
/data/repo/code/data/fsc147.py:63: UserWarning: The given NumPy array is not writable, and PyTorch does not support non-writable tensors. This means writing to this tensor will result in undefined behavior. You may want to copy the array to protect its data or make it writable before converting it to a tensor. This type of warning will be suppressed for the rest of this program. (Triggered internally at /pytorch/torch/csrc/utils/tensor_numpy.cpp:213.)
  return {"imgs": torch.from_numpy(np.asarray(img)).permute(2, 0, 1).float() / 255.0,
/data/repo/code/data/fsc147.py:63: UserWarning: The given NumPy array is not writable, and PyTorch does not support non-writable tensors. This means writing to this tensor will result in undefined behavior. You may want to copy the array to protect its data or make it writable before converting it to a tensor. This type of warning will be suppressed for the rest of this program. (Triggered internally at /pytorch/torch/csrc/utils/tensor_numpy.cpp:213.)
  return {"imgs": torch.from_numpy(np.asarray(img)).permute(2, 0, 1).float() / 255.0,
/data/repo/code/data/fsc147.py:63: UserWarning: The given NumPy array is not writable, and PyTorch does not support non-writable tensors. This means writing to this tensor will result in undefined behavior. You may want to copy the array to protect its data or make it writable before converting it to a tensor. This type of warning will be suppressed for the rest of this program. (Triggered internally at /pytorch/torch/csrc/utils/tensor_numpy.cpp:213.)
  return {"imgs": torch.from_numpy(np.asarray(img)).permute(2, 0, 1).float() / 255.0,
/data/repo/code/data/fsc147.py:63: UserWarning: The given NumPy array is not writable, and PyTorch does not support non-writable tensors. This means writing to this tensor will result in undefined behavior. You may want to copy the array to protect its data or make it writable before converting it to a tensor. This type of warning will be suppressed for the rest of this program. (Triggered internally at /pytorch/torch/csrc/utils/tensor_numpy.cpp:213.)
  return {"imgs": torch.from_numpy(np.asarray(img)).permute(2, 0, 1).float() / 255.0,
RESULT {"node": "N0011_dino_pertok_gate_huber", "status": "running", "metrics": {"mae": 26.89460180780936, "rmse": 94.33703427998024, "best_mae": 26.677713294793065}, "timing": {"train_seconds": 1285.1, "epochs_done": 40}, "diagnostics": {"oom": false}, "run_dir": "/data/runs/N0011_dino_pertok_gate_huber", "ts": "2026-08-23T12:56:50+0800"}
E040/40 loss=3.4379 MAE=26.895 RMSE=94.337 best=26.678 [1285s]
/data/repo/code/data/fsc147.py:63: UserWarning: The given NumPy array is not writable, and PyTorch does not support non-writable tensors. This means writing to this tensor will result in undefined behavior. You may want to copy the array to protect its data or make it writable before converting it to a tensor. This type of warning will be suppressed for the rest of this program. (Triggered internally at /pytorch/torch/csrc/utils/tensor_numpy.cpp:213.)
  return {"imgs": torch.from_numpy(np.asarray(img)).permute(2, 0, 1).float() / 255.0,
/data/repo/code/data/fsc147.py:63: UserWarning: The given NumPy array is not writable, and PyTorch does not support non-writable tensors. This means writing to this tensor will result in undefined behavior. You may want to copy the array to protect its data or make it writable before converting it to a tensor. This type of warning will be suppressed for the rest of this program. (Triggered internally at /pytorch/torch/csrc/utils/tensor_numpy.cpp:213.)
  return {"imgs": torch.from_numpy(np.asarray(img)).permute(2, 0, 1).float() / 255.0,
/data/repo/code/data/fsc147.py:63: UserWarning: The given NumPy array is not writable, and PyTorch does not support non-writable tensors. This means writing to this tensor will result in undefined behavior. You may want to copy the array to protect its data or make it writable before converting it to a tensor. This type of warning will be suppressed for the rest of this program. (Triggered internally at /pytorch/torch/csrc/utils/tensor_numpy.cpp:213.)
  return {"imgs": torch.from_numpy(np.asarray(img)).permute(2, 0, 1).float() / 255.0,
/data/repo/code/data/fsc147.py:63: UserWarning: The given NumPy array is not writable, and PyTorch does not support non-writable tensors. This means writing to this tensor will result in undefined behavior. You may want to copy the array to protect its data or make it writable before converting it to a tensor. This type of warning will be suppressed for the rest of this program. (Triggered internally at /pytorch/torch/csrc/utils/tensor_numpy.cpp:213.)
  return {"imgs": torch.from_numpy(np.asarray(img)).permute(2, 0, 1).float() / 255.0,
RESULT {"node": "N0011_dino_pertok_gate_huber", "status": "success", "metrics": {"mae": 26.89460180780936, "rmse": 94.33703427998024, "best_mae": 26.677713294793065}, "timing": {"train_seconds": 1299.2, "epochs_done": 40}, "diagnostics": {"oom": false, "instability": false, "smoke": false, "params_M": 23.16}, "run_dir": "/data/runs/N0011_dino_pertok_gate_huber", "ts": "2026-08-23T12:57:04+0800"}
[engine] done status=success best=26.678
